# Blender 5.0.0
# www.blender.org
o snowden
v -0.103326 0.204684 7.835584
v -0.186343 0.255671 7.823408
v -0.170263 0.188652 7.833220
v -0.263321 0.168633 7.809818
v -0.093064 0.040422 7.854236
v -0.008466 0.112962 7.832377
v -0.128172 0.125970 7.823657
v 0.020501 0.165770 7.825902
v 0.025986 0.064906 7.846957
v 0.099913 0.103721 7.815179
v -0.044452 0.037407 7.865078
v 0.053273 -0.005555 7.841288
v 0.130768 0.044508 7.814418
v -0.216999 0.079689 7.822968
v -0.152330 0.009725 7.835615
v -0.084067 -0.049139 7.866619
v 0.024300 -0.058341 7.845118
v -0.261445 0.056654 7.810608
v -0.215727 0.004967 7.831686
v -0.206761 -0.084493 7.832314
v -0.148269 -0.095276 7.834234
v 0.013627 -0.091997 7.830820
v -0.052995 -0.068219 7.857822
v -0.113182 -0.101463 7.817068
v 0.029041 -0.121557 7.825139
v 0.085315 -0.139212 7.816915
v 0.007084 -0.151588 7.801627
v -0.426606 -0.114051 7.803464
v -0.333549 -0.094031 7.826849
v -0.367981 -0.045978 7.816045
v -0.289765 -0.033552 7.825556
v -0.302723 -0.153146 7.814734
v -0.153449 -0.150598 7.808598
v -0.029072 0.441752 7.764356
v -0.034599 0.542813 7.724039
v -0.101503 0.526672 7.734181
v 0.033593 0.484177 7.728629
v -0.201560 0.483838 7.745019
v -0.273391 0.531232 7.721931
v -0.291054 0.475022 7.728222
v -0.222759 0.416055 7.771272
v -0.145269 0.466132 7.742640
v -0.058679 0.426315 7.765274
v -0.110106 0.380411 7.793299
v 0.034932 0.409240 7.762033
v 0.033675 0.326353 7.778366
v 0.096973 0.488993 7.726026
v 0.091233 0.391499 7.763761
v 0.211516 0.341322 7.754376
v 0.130451 0.280082 7.771692
v 0.267768 0.323740 7.737665
v -0.239799 0.322240 7.793404
v -0.327053 0.399506 7.756418
v -0.329951 0.350850 7.764726
v -0.184766 0.379207 7.788212
v -0.150353 0.331214 7.792080
v -0.089834 0.287252 7.811796
v -0.003951 0.285027 7.803473
v 0.063588 0.263810 7.797094
v 0.086727 0.219407 7.795672
v 0.214082 0.191808 7.779494
v 0.288009 0.230682 7.744562
v 0.282868 0.095952 7.772206
v 0.340727 0.201807 7.731753
v 0.358488 0.257988 7.745282
v 0.396383 0.221458 7.725600
v -0.382087 0.342542 7.761221
v -0.413039 0.402066 7.726069
v -0.472229 0.371122 7.736064
v -0.351172 0.283136 7.782797
v -0.280036 0.273010 7.796080
v -0.234945 0.258658 7.815847
v 0.121186 0.171267 7.816615
v 0.196409 0.135344 7.798804
v 0.360946 0.108824 7.729886
v 0.428420 0.087817 7.699266
v 0.377057 0.041701 7.751793
v -0.466757 0.270237 7.756021
v -0.529299 0.290298 7.708728
v -0.470124 0.234175 7.755304
v -0.516031 0.310699 7.730915
v -0.421059 0.218616 7.769349
v -0.376014 0.204407 7.772590
v -0.251919 0.214609 7.801772
v 0.128431 -0.041265 7.798766
v 0.296526 -0.056568 7.734937
v 0.234935 0.061466 7.781851
v 0.336186 0.029831 7.750264
v 0.306608 0.014302 7.761992
v 0.422643 -0.009558 7.723317
v 0.444499 0.020798 7.709073
v -0.559229 0.213021 7.717833
v -0.591095 0.111560 7.732099
v -0.468393 0.146891 7.769143
v -0.393088 0.110702 7.782125
v -0.523471 0.090068 7.757682
v -0.354467 0.036518 7.800561
v -0.467166 0.072315 7.760756
v -0.317740 0.074374 7.811234
v 0.210722 -0.054598 7.772813
v 0.311450 -0.123265 7.750134
v 0.371737 -0.092449 7.712315
v -0.582753 0.059422 7.733263
v -0.383454 -0.016222 7.799180
v 0.171163 -0.141323 7.795215
v 0.264709 -0.158188 7.767634
v 0.388347 -0.147107 7.702504
v 0.272943 -0.209977 7.728285
v -0.619492 0.021605 7.718051
v -0.558977 -0.022344 7.736374
v -0.537042 0.007758 7.751610
v -0.431466 -0.050448 7.778641
v -0.553524 -0.123164 7.748814
v -0.305735 -0.201435 7.780583
v -0.336519 -0.142453 7.808128
v -0.084655 -0.246478 7.803920
v -0.139715 -0.303361 7.799465
v 0.074621 -0.172800 7.794720
v 0.016047 -0.241040 7.801441
v 0.053985 -0.277708 7.797662
v 0.136281 -0.291057 7.773530
v 0.149856 -0.208761 7.781325
v 0.200202 -0.323299 7.740141
v 0.184789 -0.293741 7.746047
v 0.360567 -0.323745 7.670182
v -0.616990 -0.127703 7.719343
v -0.501366 -0.114928 7.760641
v -0.481125 -0.207984 7.767255
v -0.388621 -0.150872 7.817436
v -0.432553 -0.210876 7.763869
v -0.353731 -0.235715 7.766418
v -0.248831 -0.256428 7.773876
v -0.181827 -0.240613 7.801518
v -0.031976 -0.275230 7.776947
v 0.002437 -0.323223 7.780639
v 0.080642 -0.310761 7.785893
v 0.095977 -0.340067 7.750782
v 0.033240 -0.382265 7.760113
v 0.071203 -0.419016 7.765928
v -0.577766 -0.239139 7.729380
v -0.495374 -0.252798 7.741198
v -0.416532 -0.277703 7.751415
v -0.408184 -0.329861 7.754827
v -0.292669 -0.316736 7.755445
v -0.333527 -0.328651 7.759100
v -0.239859 -0.345910 7.777185
v -0.135036 -0.366375 7.755994
v -0.026575 -0.375883 7.769976
v -0.198389 -0.371276 7.768547
v -0.081654 -0.432705 7.758359
v 0.011350 -0.412512 7.761616
v 0.190801 -0.431673 7.733994
v 0.080103 -0.508263 7.742000
v 0.209061 -0.462003 7.712068
v 0.119766 -0.421873 7.758597
v 0.064709 -0.478765 7.755091
v -0.554659 -0.283440 7.716403
v -0.516083 -0.357472 7.717115
v -0.414695 -0.389558 7.737814
v -0.432501 -0.445591 7.707038
v -0.313960 -0.384223 7.747224
v -0.268892 -0.398505 7.758914
v -0.230977 -0.435096 7.746311
v -0.166984 -0.467569 7.739524
v -0.103046 -0.499864 7.712269
v -0.009998 -0.479813 7.731901
v -0.379139 -0.511854 7.701724
v -0.286074 -0.491862 7.728154
v -0.226231 -0.498333 7.728630
v -0.072312 0.778000 7.653916
v -0.039885 0.842342 7.615742
v -0.110284 0.814779 7.644740
v 0.198522 0.655637 7.648268
v 0.193711 0.719078 7.642213
v 0.062121 0.772959 7.633255
v -0.111895 0.691353 7.667088
v -0.173746 0.810237 7.615823
v -0.066838 0.677106 7.674830
v 0.016162 0.626179 7.680061
v 0.104276 0.710067 7.647913
v 0.120414 0.642862 7.679348
v 0.248383 0.577971 7.659383
v 0.242915 0.678844 7.640890
v 0.165440 0.628718 7.675042
v 0.310412 0.657766 7.618636
v 0.322959 0.579446 7.633121
v -0.205560 0.708603 7.650120
v -0.145000 0.664507 7.685416
v -0.249309 0.648008 7.664853
v -0.291488 0.710977 7.641269
v -0.196497 0.618828 7.687374
v -0.133097 0.623577 7.692380
v -0.080950 0.631849 7.700182
v 0.092123 0.552564 7.704882
v 0.170917 0.527814 7.697038
v 0.335511 0.501112 7.649389
v 0.246145 0.491877 7.680867
v 0.407205 0.453875 7.637750
v 0.355204 0.445129 7.685053
v -0.315551 0.594424 7.688880
v -0.354248 0.668851 7.642328
v -0.417038 0.626824 7.631819
v -0.236714 0.569534 7.697305
v 0.198235 0.457319 7.698955
v 0.270615 0.372562 7.710093
v 0.344609 0.411221 7.700061
v 0.457039 0.376300 7.638473
v 0.415636 0.401450 7.672091
v 0.428185 0.323128 7.687020
v 0.374820 0.389398 7.691546
v 0.364869 0.318105 7.713623
v -0.452387 0.513904 7.669374
v -0.476243 0.595930 7.636153
v -0.483775 0.499176 7.651386
v -0.381242 0.503753 7.685514
v -0.329697 0.549277 7.701550
v 0.420193 0.276084 7.694269
v 0.455455 0.252783 7.671434
v 0.509874 0.211185 7.634446
v 0.441279 0.207735 7.672526
v -0.590550 0.508290 7.620016
v -0.522257 0.449329 7.662333
v 0.396957 0.184302 7.706279
v 0.490471 0.167538 7.666934
v 0.480430 0.096533 7.655519
v 0.450271 0.118191 7.683050
v 0.532794 0.129904 7.610075
v -0.647877 0.365405 7.626311
v -0.546373 0.332949 7.689846
v -0.547687 0.407807 7.665502
v -0.604709 0.463187 7.627538
v 0.484562 0.045628 7.668498
v -0.654268 0.305326 7.653692
v -0.698720 0.282305 7.639542
v -0.649405 0.241711 7.679852
v 0.503046 -0.145421 7.615919
v 0.502768 -0.058920 7.643937
v 0.468771 -0.097873 7.663679
v -0.690329 0.230006 7.659111
v -0.696854 0.170359 7.636395
v -0.644614 0.178331 7.678840
v 0.478239 -0.174764 7.619393
v 0.420851 -0.132401 7.678177
v 0.405751 -0.177152 7.678589
v -0.740661 0.109955 7.629177
v -0.682680 0.078989 7.671898
v 0.358163 -0.174754 7.705545
v 0.377744 -0.230371 7.698947
v 0.467656 -0.258207 7.637956
v 0.442266 -0.299860 7.656476
v -0.761917 0.067086 7.636593
v -0.809936 0.008147 7.611427
v -0.746454 0.012635 7.646764
v -0.656905 0.021273 7.684240
v -0.707845 -0.061513 7.661129
v -0.659174 -0.064722 7.694297
v 0.439362 -0.348496 7.662576
v 0.558260 -0.323586 7.602320
v -0.755886 -0.095645 7.629635
v -0.729178 -0.128866 7.637371
v 0.283697 -0.411131 7.696766
v 0.369543 -0.413237 7.674640
v 0.545332 -0.443279 7.603064
v 0.441789 -0.497559 7.635469
v -0.765911 -0.166701 7.624212
v -0.661517 -0.150477 7.676629
v -0.694733 -0.176960 7.652905
v -0.660266 -0.225127 7.676795
v 0.280752 -0.459634 7.687508
v 0.262995 -0.515828 7.675406
v 0.405086 -0.535494 7.633915
v -0.723110 -0.266982 7.646454
v -0.632938 -0.295658 7.682784
v -0.711254 -0.307758 7.635742
v -0.673246 -0.344656 7.658537
v 0.111421 -0.517888 7.711846
v 0.219169 -0.576171 7.661088
v 0.167071 -0.584603 7.672070
v 0.357709 -0.607078 7.617393
v 0.231609 -0.654146 7.635642
v -0.751579 -0.356700 7.604940
v -0.683366 -0.415400 7.617136
v -0.596764 -0.455259 7.644326
v -0.616320 -0.399720 7.660019
v -0.485261 -0.416579 7.704125
v -0.469287 -0.483254 7.674096
v -0.379763 -0.474531 7.701817
v -0.289063 -0.540219 7.702053
v -0.341195 -0.548542 7.700176
v -0.176519 -0.575511 7.683424
v -0.203128 -0.542615 7.713318
v -0.119636 -0.630438 7.668984
v -0.045537 -0.592120 7.698396
v -0.015115 -0.613236 7.687751
v 0.081189 -0.582383 7.680887
v 0.021970 -0.613233 7.680000
v 0.119643 -0.656025 7.636542
v 0.273047 -0.679405 7.614790
v -0.603270 -0.514969 7.629001
v -0.534983 -0.573251 7.630459
v -0.460988 -0.535255 7.659236
v -0.461419 -0.614741 7.629905
v -0.273077 -0.606936 7.676879
v -0.340650 -0.585608 7.670275
v -0.332359 -0.637585 7.652679
v -0.209320 -0.678760 7.628680
v -0.088890 -0.689299 7.627570
v -0.021934 -0.673327 7.636751
v 0.006828 -0.738847 7.615780
v -0.372151 -0.723550 7.587101
v -0.290925 -0.662835 7.630534
v -0.031896 1.025896 7.560377
v -0.091143 0.995136 7.549132
v 0.014479 0.936779 7.593566
v 0.017355 0.985506 7.576983
v 0.129931 0.950111 7.570281
v 0.132141 1.036294 7.538471
v 0.077820 0.941720 7.576500
v 0.189086 0.981167 7.547387
v 0.168548 0.875941 7.587267
v 0.261409 0.896596 7.536940
v -0.190503 0.914747 7.586687
v -0.248144 1.007429 7.551029
v -0.115868 0.916030 7.582522
v 0.076266 0.818110 7.620267
v 0.052448 0.900010 7.601656
v 0.322530 0.815386 7.548074
v 0.226102 0.783542 7.590020
v 0.150864 0.819510 7.602607
v 0.413246 0.749644 7.554441
v 0.363393 0.827277 7.547085
v -0.327974 0.871586 7.563106
v -0.290982 0.959150 7.536798
v -0.348980 1.002424 7.503315
v -0.260342 0.850068 7.591615
v 0.316778 0.717929 7.581539
v 0.289415 0.709249 7.603921
v 0.416268 0.680195 7.579722
v 0.444103 0.690427 7.554145
v 0.370255 0.651294 7.619190
v 0.401765 0.554661 7.629453
v 0.512246 0.631954 7.539876
v 0.531758 0.575548 7.566706
v -0.411978 0.761824 7.573154
v -0.387781 0.841032 7.547841
v -0.480946 0.858273 7.511924
v -0.373087 0.886014 7.534447
v -0.338548 0.837609 7.585996
v -0.352083 0.755184 7.593122
v -0.300514 0.800632 7.617983
v -0.244839 0.820219 7.619160
v 0.506512 0.534439 7.580143
v 0.360888 0.542804 7.626303
v 0.555552 0.457324 7.553818
v 0.584531 0.547504 7.515475
v -0.493131 0.700869 7.557332
v -0.414191 0.675647 7.604319
v 0.514877 0.482226 7.589858
v 0.467623 0.410245 7.619283
v 0.572941 0.352873 7.549895
v 0.590597 0.409392 7.524284
v -0.534921 0.652047 7.570210
v -0.601670 0.710633 7.513885
v -0.548178 0.643943 7.557714
v -0.507224 0.655549 7.589849
v 0.551087 0.322507 7.564966
v 0.539153 0.301334 7.587928
v 0.563000 0.281545 7.575739
v 0.618005 0.338604 7.559949
v 0.622811 0.275173 7.564721
v 0.681904 0.306436 7.517910
v -0.584180 0.568437 7.584853
v -0.667328 0.619851 7.523289
v -0.677965 0.586079 7.522432
v -0.646939 0.526314 7.585587
v 0.544811 0.175804 7.586829
v 0.567788 0.218176 7.573483
v 0.705677 0.224682 7.519671
v 0.657674 0.227267 7.539754
v 0.617563 0.140789 7.552250
v -0.681786 0.487912 7.569185
v 0.569625 0.106320 7.559956
v 0.669662 0.149219 7.541828
v 0.611097 0.080950 7.551879
v 0.586325 0.001996 7.567767
v 0.715999 0.060223 7.560928
v 0.744269 0.150587 7.527411
v 0.685791 0.082041 7.570043
v -0.739085 0.369826 7.568318
v -0.697827 0.443363 7.581539
v -0.731685 0.454255 7.551837
v -0.692361 0.342494 7.599496
v 0.567997 -0.017049 7.575884
v 0.559040 0.072381 7.578442
v 0.661022 0.003076 7.587033
v 0.691236 -0.018759 7.580063
v 0.733572 0.067336 7.526367
v 0.639751 -0.064477 7.586392
v 0.739103 0.015943 7.545547
v 0.755144 -0.050953 7.541122
v -0.782567 0.371285 7.549929
v -0.748067 0.323008 7.586667
v 0.569255 -0.091727 7.579280
v 0.659319 -0.120054 7.575203
v 0.734502 -0.155848 7.542503
v 0.675315 -0.186800 7.553521
v -0.792619 0.300317 7.534268
v -0.835770 0.202485 7.539080
v -0.794806 0.214057 7.575105
v -0.855477 0.258508 7.498639
v -0.777836 0.270560 7.579369
v -0.746914 0.211139 7.602383
v 0.555683 -0.174032 7.572651
v 0.623811 -0.232457 7.552936
v 0.680040 -0.249965 7.527638
v -0.841543 0.105097 7.564436
v 0.556974 -0.248815 7.588150
v 0.504261 -0.219957 7.602992
v 0.581647 -0.318419 7.582463
v 0.673613 -0.309933 7.541992
v 0.656541 -0.403646 7.552539
v 0.723405 -0.387335 7.524688
v -0.871617 0.065144 7.554236
v 0.551813 -0.383488 7.609103
v -0.881186 0.018644 7.555420
v -0.869286 -0.022277 7.561265
v 0.505666 -0.529658 7.585361
v 0.546516 -0.517718 7.578786
v 0.620467 -0.478914 7.552099
v 0.625758 -0.579212 7.503977
v 0.669001 -0.481681 7.534085
v -0.899160 -0.148751 7.528854
v -0.848401 -0.152721 7.575358
v 0.461863 -0.590074 7.579573
v 0.551792 -0.617965 7.524921
v -0.896475 -0.186745 7.531556
v -0.788870 -0.307684 7.586210
v 0.484884 -0.634094 7.533733
v 0.463003 -0.664370 7.538678
v -0.841801 -0.327860 7.549643
v -0.780645 -0.409188 7.574291
v 0.244011 -0.731990 7.595243
v 0.311455 -0.752901 7.553511
v 0.403829 -0.695366 7.554800
v 0.344043 -0.689078 7.575397
v 0.427447 -0.776619 7.498481
v -0.863797 -0.357764 7.511523
v -0.720125 -0.453151 7.594194
v -0.791369 -0.442677 7.540706
v -0.741488 -0.520407 7.559314
v -0.675909 -0.587480 7.571689
v -0.001847 -0.765881 7.585391
v 0.105968 -0.737994 7.591112
v 0.166914 -0.779866 7.567780
v 0.184175 -0.725543 7.597577
v 0.214954 -0.784507 7.568042
v 0.256363 -0.809678 7.536750
v 0.330973 -0.808313 7.523138
v 0.297768 -0.834835 7.503866
v -0.820441 -0.495144 7.507554
v -0.778318 -0.557929 7.509917
v -0.645994 -0.649485 7.559593
v -0.495983 -0.684620 7.595093
v -0.395214 -0.679393 7.616858
v -0.367435 -0.786686 7.557886
v -0.219331 -0.787946 7.556935
v -0.143456 -0.783080 7.573636
v -0.068241 -0.818975 7.552657
v 0.065690 -0.787089 7.578027
v 0.096458 -0.846022 7.544863
v 0.186421 -0.874023 7.502975
v -0.703103 -0.618851 7.524272
v -0.577857 -0.707943 7.543457
v -0.517941 -0.714648 7.571185
v -0.611839 -0.698018 7.546954
v -0.469385 -0.717480 7.560921
v -0.535850 -0.770346 7.501732
v -0.307073 -0.830141 7.519001
v -0.427286 -0.857437 7.474258
v -0.235389 -0.877342 7.503369
v -0.167892 -0.898423 7.481281
v -0.059986 -0.870830 7.520698
v -0.430322 -0.828399 7.511082
v -0.043034 1.228297 7.447394
v -0.060665 1.171693 7.482738
v 0.002727 1.176468 7.484884
v 0.080870 1.189131 7.466900
v 0.068970 1.230052 7.460874
v 0.129445 1.186234 7.464031
v -0.021152 1.258566 7.443233
v 0.123053 1.126151 7.491693
v 0.215955 1.146674 7.456888
v 0.277115 1.065334 7.482924
v 0.253282 1.147285 7.458345
v 0.228578 1.068108 7.500061
v -0.263526 1.236134 7.410355
v -0.224860 1.161809 7.445242
v -0.151500 1.237819 7.431870
v -0.133386 1.058309 7.501843
v -0.029732 1.112229 7.511162
v 0.034951 1.042220 7.528833
v 0.305760 0.919940 7.513858
v 0.393170 1.041413 7.451321
v 0.259478 1.008756 7.515364
v 0.446541 0.975118 7.449534
v 0.398635 0.940546 7.469139
v 0.474536 0.867130 7.471098
v 0.514722 0.916524 7.449421
v -0.288003 1.057672 7.478618
v -0.253134 1.071452 7.477430
v -0.347512 1.126314 7.427214
v -0.280539 1.142227 7.443236
v -0.271391 1.052180 7.512110
v 0.399959 0.865655 7.497224
v 0.542035 0.846043 7.449659
v 0.464598 0.795789 7.498458
v 0.554557 0.767805 7.454694
v -0.391247 1.065673 7.447219
v -0.423021 0.963916 7.495958
v -0.300398 0.999501 7.503516
v 0.562334 0.713369 7.485182
v 0.595344 0.717966 7.437915
v 0.606331 0.689573 7.461250
v -0.436888 0.931203 7.489727
v -0.545322 0.903743 7.454365
v -0.462647 0.877408 7.493166
v -0.461116 1.001093 7.440808
v 0.635236 0.631049 7.450860
v 0.567824 0.651854 7.504882
v -0.536653 0.838784 7.499221
v -0.574695 0.875792 7.463681
v -0.612006 0.875130 7.468083
v 0.691041 0.454189 7.470797
v 0.686326 0.478799 7.454534
v 0.659631 0.511978 7.451713
v 0.607592 0.503354 7.484941
v -0.607163 0.811583 7.486474
v -0.659368 0.803500 7.456865
v -0.564975 0.748590 7.512843
v -0.520517 0.771584 7.530172
v 0.659534 0.392621 7.517569
v 0.783447 0.473097 7.438052
v 0.702462 0.411602 7.484995
v 0.821731 0.423850 7.446576
v 0.729818 0.340979 7.501582
v 0.849327 0.328611 7.436227
v 0.782494 0.312240 7.472986
v 0.870552 0.396314 7.419342
v -0.728820 0.639488 7.487987
v -0.688978 0.788074 7.456557
v -0.763492 0.687805 7.453082
v 0.783777 0.237482 7.485730
v 0.784976 0.162997 7.466764
v 0.831669 0.272099 7.460954
v 0.789743 0.198520 7.480131
v -0.754983 0.635626 7.452609
v -0.745013 0.570403 7.478779
v 0.838423 0.096460 7.493154
v 0.881782 0.170003 7.420616
v 0.808864 0.080867 7.512139
v 0.763113 0.132664 7.478358
v -0.817898 0.618585 7.417215
v 0.839698 0.021725 7.503108
v 0.891649 0.030636 7.436793
v 0.930650 0.080368 7.419711
v -0.877751 0.464054 7.432119
v -0.806530 0.453655 7.476873
v -0.852328 0.505597 7.426253
v 0.805529 -0.165620 7.514701
v 0.930182 -0.043264 7.422286
v -0.835105 0.375767 7.509602
v -0.863982 0.372851 7.462436
v 0.853362 -0.130811 7.467676
v 0.880073 -0.164041 7.476449
v 0.879710 -0.225713 7.464423
v 0.936237 -0.181336 7.426478
v 0.909569 -0.148245 7.433783
v -0.953437 0.302232 7.434092
v -0.942430 0.261700 7.426270
v -0.954739 0.377050 7.414460
v 0.788363 -0.259027 7.489758
v 0.903681 -0.245260 7.416206
v 0.787794 -0.221881 7.510520
v -0.940232 0.186483 7.460926
v -0.895070 0.171895 7.508000
v 0.722107 -0.312567 7.508678
v 0.802023 -0.411554 7.453277
v 0.849950 -0.377051 7.441496
v 0.886592 -0.338917 7.420291
v -0.969297 0.133988 7.430987
v -0.912862 0.115815 7.482722
v -0.947385 0.164168 7.437209
v -0.930988 0.084480 7.471929
v 0.755711 -0.397325 7.498686
v 0.752433 -0.495201 7.486045
v 0.884247 -0.424670 7.402192
v 0.799052 -0.459973 7.434213
v -0.929336 -0.027600 7.494566
v -0.940969 0.038122 7.471555
v 0.696806 -0.589052 7.484046
v 0.729911 -0.562210 7.466216
v 0.796125 -0.508536 7.431758
v 0.796691 -0.570366 7.402645
v -0.951122 -0.107182 7.470328
v 0.679009 -0.645117 7.456975
v 0.740968 -0.639632 7.425805
v -0.988380 -0.157234 7.458191
v -1.017059 -0.135592 7.427831
v -0.948213 -0.256689 7.480834
v 0.557647 -0.755390 7.454071
v 0.642327 -0.683120 7.463389
v 0.697278 -0.700035 7.413595
v -1.019211 -0.208943 7.398803
v -1.003315 -0.214225 7.434129
v -1.006051 -0.287337 7.398091
v -0.976616 -0.321579 7.426673
v 0.508559 -0.715531 7.498860
v 0.490174 -0.783699 7.460644
v 0.650578 -0.734961 7.430039
v -0.915458 -0.402914 7.452192
v -0.897026 -0.384209 7.483267
v 0.401998 -0.818081 7.494843
v 0.443893 -0.880126 7.411459
v -0.881093 -0.488012 7.455049
v -0.898242 -0.544216 7.419539
v 0.216599 -0.895739 7.482109
v 0.145568 -0.885953 7.508384
v 0.262087 -0.946677 7.416527
v 0.336174 -0.908324 7.441820
v 0.365265 -0.855914 7.481487
v -0.882746 -0.573413 7.407100
v -0.810449 -0.658532 7.424917
v -0.713342 -0.704544 7.464536
v -0.644917 -0.723573 7.494649
v -0.005817 -0.972488 7.436727
v -0.054810 -0.970760 7.430227
v 0.046670 -0.924513 7.484220
v 0.117390 -0.935528 7.472132
v 0.146083 -0.922935 7.468655
v -0.723256 -0.735600 7.439078
v -0.629507 -0.753121 7.487617
v -0.648732 -0.812963 7.416209
v -0.591702 -0.790060 7.475279
v -0.520477 -0.799775 7.480672
v -0.625814 -0.818379 7.392492
v -0.538334 -0.855644 7.431038
v -0.324242 -0.922799 7.449810
v -0.275203 -0.963243 7.430204
v -0.362274 -0.886568 7.461735
v -0.234314 -0.951424 7.437696
v -0.082400 -0.940993 7.460813
v 0.072522 -0.998283 7.405269
v 0.061481 1.443372 7.387342
v -0.006804 1.502307 7.348120
v 0.017691 1.382911 7.386607
v 0.071382 1.514830 7.346286
v 0.129709 1.384625 7.404899
v 0.112861 1.489428 7.341720
v 0.264738 1.342352 7.373659
v 0.225510 1.453799 7.362127
v 0.189480 1.378384 7.378687
v 0.302723 1.305525 7.388188
v 0.348657 1.452387 7.331867
v -0.071949 1.373349 7.386331
v -0.062502 1.482792 7.338496
v -0.144232 1.459010 7.340390
v -0.199244 1.401972 7.353859
v 0.112045 1.328131 7.427563
v 0.164795 1.299151 7.426979
v 0.266892 1.270190 7.396341
v 0.319146 1.239227 7.419543
v 0.393400 1.239914 7.379532
v 0.433560 1.289392 7.348284
v 0.373138 1.333036 7.365143
v 0.351917 1.265325 7.383042
v 0.346309 1.207789 7.407395
v -0.216930 1.345550 7.368095
v -0.193740 1.300981 7.385913
v 0.101405 1.294367 7.425751
v -0.003524 1.315179 7.406887
v 0.150631 1.254061 7.432873
v 0.207557 1.198996 7.434595
v 0.229425 1.229313 7.424825
v 0.301179 1.181886 7.435450
v 0.372917 1.134507 7.440320
v 0.448341 1.178710 7.371457
v 0.493961 1.245809 7.323993
v 0.473479 1.140401 7.385090
v 0.472813 1.177858 7.369515
v 0.433695 1.131591 7.406504
v 0.414417 1.109042 7.443054
v 0.565444 1.118695 7.347018
v 0.525541 1.148957 7.359259
v -0.319916 1.254160 7.375584
v -0.257160 1.296298 7.373180
v -0.290999 1.307130 7.350549
v -0.099379 1.246177 7.429651
v 0.437571 1.064593 7.447165
v 0.538714 1.033305 7.375434
v 0.505015 1.043684 7.405128
v 0.479652 1.001946 7.433397
v 0.566076 0.962664 7.394026
v 0.587204 1.030677 7.341135
v -0.375630 1.234698 7.359870
v -0.420401 1.149591 7.385327
v -0.369221 1.294725 7.338567
v 0.589366 0.893466 7.392228
v 0.607442 0.937633 7.346549
v -0.480633 1.255750 7.313223
v -0.497622 1.161766 7.355003
v -0.461760 1.038478 7.433737
v 0.679163 0.890311 7.345063
v 0.638313 0.878369 7.351680
v 0.672760 0.830268 7.368132
v 0.640938 0.728667 7.398689
v 0.610113 0.787777 7.411336
v 0.763417 0.764716 7.352496
v 0.714891 0.767457 7.373254
v -0.516988 1.043783 7.396476
v -0.564607 1.145898 7.333614
v 0.716274 0.692377 7.423508
v 0.652843 0.687729 7.406656
v 0.705683 0.658457 7.439806
v 0.776023 0.686210 7.388724
v 0.804948 0.739150 7.366879
v 0.822961 0.559969 7.398824
v 0.858286 0.672966 7.352290
v 0.770228 0.588893 7.405983
v 0.860161 0.560992 7.352661
v -0.662124 0.953627 7.360618
v -0.580354 0.964641 7.407766
v -0.664079 1.065867 7.329792
v 0.711108 0.557724 7.442180
v 0.749030 0.521106 7.432591
v 0.916377 0.543524 7.322588
v 0.891695 0.464281 7.371916
v 0.961360 0.529521 7.301944
v -0.647931 0.911758 7.395685
v -0.698138 0.878158 7.383404
v 0.915473 0.419639 7.375463
v 0.916136 0.345063 7.389925
v 0.952032 0.420907 7.323559
v 0.989932 0.384361 7.305806
v -0.795236 0.772510 7.394876
v -0.723569 0.836645 7.385795
v -0.799091 0.786466 7.347787
v 0.920336 0.318898 7.401514
v 0.943446 0.274588 7.389348
v 1.024330 0.336412 7.304367
v 0.964236 0.144454 7.367552
v 0.984194 0.286863 7.344090
v 0.923382 0.231432 7.385622
v 0.912202 0.135812 7.402676
v -0.774556 0.691565 7.417730
v 1.002141 0.107890 7.351665
v -0.851966 0.691645 7.358915
v -0.924124 0.590890 7.322823
v -0.890119 0.679183 7.323495
v -0.951518 0.438271 7.368796
v 0.933069 0.005427 7.409954
v 1.026554 -0.011239 7.359346
v 1.003424 0.033134 7.364300
v 1.013534 -0.069109 7.370982
v 1.063768 -0.010262 7.318463
v 1.049054 0.031544 7.312733
v -0.918046 0.415014 7.412626
v 1.061491 -0.096231 7.325497
v 1.033862 -0.124824 7.346837
v 0.976381 -0.131809 7.389319
v -0.985073 0.399271 7.376684
v -0.996333 0.427907 7.333413
v -0.987456 0.362776 7.391850
v 0.950960 -0.173367 7.396533
v 0.944502 -0.233228 7.398968
v 1.014229 -0.254585 7.322160
v -0.993569 0.352694 7.344561
v -0.960043 0.304738 7.379472
v 0.929532 -0.302630 7.380994
v 0.979329 -0.317861 7.323539
v -0.990879 0.215538 7.366978
v -1.026648 0.140174 7.366423
v -0.967647 0.220231 7.414176
v 0.957144 -0.372830 7.333096
v 0.935651 -0.378685 7.364817
v -0.983519 0.089092 7.414735
v -1.038922 0.119565 7.330864
v 0.884758 -0.461624 7.359331
v 0.930020 -0.438633 7.344404
v -0.996466 -0.030542 7.408329
v -1.052467 0.061954 7.330402
v -1.088203 0.036264 7.306667
v -0.984218 0.002698 7.412341
v 0.827372 -0.604315 7.343285
v -1.059152 -0.072158 7.341067
v 0.754640 -0.717663 7.357959
v 0.753685 -0.618792 7.414146
v -1.030031 -0.168412 7.399181
v -1.070081 -0.105658 7.317198
v 0.725505 -0.770061 7.318479
v -1.057819 -0.245736 7.327760
v -1.069749 -0.192480 7.328252
v 0.603728 -0.843556 7.377215
v 0.663451 -0.849639 7.332689
v 0.710811 -0.777998 7.342775
v -1.051517 -0.322002 7.331153
v -0.998007 -0.388743 7.381092
v -1.085997 -0.273790 7.301972
v 0.474042 -0.901748 7.379796
v 0.470976 -0.949863 7.325473
v 0.559296 -0.866634 7.369743
v -1.039308 -0.400066 7.326378
v -1.012314 -0.433372 7.333596
v -0.966246 -0.460467 7.361075
v -0.967840 -0.521657 7.336943
v 0.407697 -0.955006 7.365988
v -0.938737 -0.592609 7.325138
v -0.890826 -0.681936 7.323548
v -0.832460 -0.688387 7.381104
v 0.118839 -1.008318 7.400671
v 0.221778 -0.995675 7.392233
v 0.333625 -0.993410 7.346476
v 0.386246 -1.021971 7.297449
v -0.844817 -0.726645 7.323040
v -0.764461 -0.747772 7.393471
v -0.753536 -0.790675 7.334048
v -0.031231 -1.051889 7.359618
v 0.049701 -1.030772 7.365248
v 0.081660 -1.085678 7.317470
v 0.200858 -1.099668 7.289280
v -0.692190 -0.832063 7.357136
v -0.581717 -0.874443 7.368281
v -0.581834 -0.952349 7.305208
v -0.514210 -0.973839 7.330476
v -0.485057 -0.921634 7.393954
v -0.395644 -0.990943 7.366779
v -0.319168 -1.023135 7.363606
v -0.301993 -1.046635 7.330634
v -0.191210 -1.049131 7.365732
v -0.129595 -1.049960 7.365561
v -0.001112 -1.073412 7.316460
v 0.153342 1.737113 7.272634
v 0.073845 1.799445 7.250619
v 0.079308 1.698584 7.267565
v 0.162344 1.647539 7.286727
v 0.239860 1.697530 7.268116
v 0.311368 1.609771 7.292913
v 0.266558 1.664349 7.271243
v 0.383010 1.641388 7.257581
v 0.299080 1.728381 7.269032
v 0.016649 1.656137 7.306030
v -0.055209 1.703904 7.256096
v -0.084156 1.651027 7.270456
v 0.047048 1.674482 7.282371
v 0.073633 1.600883 7.329512
v 0.253132 1.581568 7.319679
v 0.350257 1.575850 7.305239
v 0.431602 1.598996 7.268889
v 0.414191 1.543570 7.276141
v 0.459821 1.492166 7.264299
v -0.193358 1.698237 7.212804
v -0.139155 1.593950 7.288350
v -0.026482 1.558240 7.318105
v 0.110875 1.601665 7.305182
v 0.134061 1.557215 7.315337
v 0.220627 1.517478 7.328672
v 0.287573 1.533480 7.334507
v 0.295919 1.481330 7.336830
v 0.396543 1.487024 7.304728
v 0.446266 1.409348 7.290823
v 0.547540 1.378089 7.241894
v 0.483638 1.410272 7.282238
v -0.157535 1.575074 7.276926
v -0.214250 1.518640 7.281722
v -0.078589 1.549833 7.326015
v 0.402018 1.386127 7.326031
v 0.492660 1.320627 7.304471
v 0.533519 1.332537 7.301387
v -0.295676 1.569388 7.235981
v -0.297876 1.483166 7.272219
v -0.229576 1.424191 7.316276
v -0.331051 1.456551 7.263913
v 0.523575 1.261223 7.325938
v 0.505859 1.204895 7.329316
v 0.596434 1.263502 7.265553
v 0.541191 1.156684 7.323802
v 0.642050 1.088255 7.265417
v -0.303582 1.385569 7.322140
v -0.349383 1.437520 7.270341
v -0.333247 1.370321 7.301272
v 0.586230 1.105562 7.299631
v 0.639852 1.002032 7.301833
v -0.453749 1.421209 7.228186
v -0.455771 1.347272 7.269082
v -0.397602 1.362596 7.292669
v 0.700294 0.958319 7.292770
v 0.748186 0.992935 7.268150
v 0.688359 0.999353 7.273787
v 0.644699 0.938469 7.322044
v 0.786808 0.918750 7.286354
v 0.772073 0.910810 7.312798
v 0.811176 0.996967 7.239070
v 0.826644 0.881558 7.273446
v 0.792532 1.016295 7.243011
v -0.549009 1.314980 7.239691
v -0.561795 1.194826 7.293839
v 0.783989 0.869835 7.325035
v 0.848540 0.800252 7.293331
v 0.875443 0.847148 7.249410
v 0.839628 0.852904 7.249555
v 0.810625 0.836851 7.305312
v 0.807780 0.788025 7.333256
v 0.885832 0.800981 7.281298
v -0.640751 1.220097 7.241308
v -0.624514 1.152571 7.309780
v 0.871743 0.755649 7.315274
v 0.939041 0.735211 7.218756
v 0.910267 0.681778 7.297528
v -0.697951 1.076802 7.294954
v -0.707847 1.204578 7.179393
v -0.661197 1.114569 7.315966
v -0.686116 1.197409 7.221183
v 0.913910 0.618683 7.306358
v 1.029953 0.545852 7.199178
v 0.942875 0.589067 7.282416
v 0.940988 0.623003 7.245936
v 0.942312 0.696918 7.236130
v -0.719878 1.046675 7.282698
v -0.782674 1.004669 7.269927
v 0.965491 0.503581 7.287568
v 1.056120 0.438246 7.245398
v -0.777133 0.903558 7.315811
v 1.056260 0.413543 7.233379
v 1.053850 0.352132 7.270851
v 1.084638 0.293138 7.244570
v 1.083303 0.368064 7.212471
v -0.829409 0.895704 7.259891
v -0.824195 0.794646 7.312511
v 1.062810 0.262692 7.269221
v 1.026752 0.187064 7.314135
v -0.872592 0.797978 7.252404
v -0.882593 0.738781 7.312184
v -0.887428 0.728113 7.288496
v 1.041723 0.170160 7.290340
v 1.105779 0.150545 7.219172
v -0.921157 0.739100 7.241463
v -0.960257 0.677334 7.218729
v 1.043552 0.082713 7.321099
v 1.091349 0.117637 7.260857
v -0.962437 0.591048 7.262457
v -0.953633 0.550864 7.298947
v 1.084446 0.008578 7.241612
v 1.105255 -0.022632 7.229483
v -0.985352 0.486692 7.286673
v 1.084517 -0.140264 7.281289
v 1.089574 -0.178662 7.239982
v 1.104711 -0.121552 7.240435
v -1.036671 0.416316 7.274397
v 1.041262 -0.200944 7.287137
v -1.017098 0.372845 7.297579
v -1.054961 0.347824 7.273854
v -1.023278 0.226014 7.331741
v 1.021798 -0.343133 7.262351
v 1.065677 -0.356487 7.203095
v -1.078730 0.181947 7.286576
v -1.076519 0.268132 7.254540
v -1.121927 0.196025 7.225504
v 1.032087 -0.395688 7.238261
v -1.120855 0.133629 7.248571
v 0.978136 -0.477942 7.268441
v 0.925716 -0.498784 7.296678
v 1.004802 -0.461256 7.225964
v -1.150471 0.106104 7.212998
v 0.884096 -0.658725 7.269093
v -1.165934 0.024508 7.191739
v -1.120090 -0.027587 7.260185
v 0.925443 -0.683697 7.214670
v -1.097575 -0.170884 7.269489
v 0.821927 -0.738064 7.257115
v -1.135372 -0.183274 7.210459
v -1.088509 -0.297489 7.268372
v 0.744173 -0.812603 7.259038
v 0.804644 -0.831095 7.188676
v -1.099670 -0.355771 7.257822
v 0.619593 -0.909877 7.306292
v 0.686381 -0.893363 7.252719
v -1.110371 -0.389337 7.233075
v -1.059890 -0.504310 7.242261
v 0.515933 -0.963782 7.295147
v 0.563396 -0.990629 7.234374
v -1.010589 -0.544859 7.277369
v -0.985496 -0.660470 7.205939
v -0.948187 -0.660699 7.253057
v 0.345364 -1.033808 7.292009
v 0.416342 -1.043421 7.245810
v 0.491415 -1.078860 7.172001
v -0.868621 -0.722832 7.275918
v -0.875333 -0.782239 7.204595
v 0.291728 -1.085864 7.269691
v -0.762559 -0.818118 7.263007
v -0.681913 -0.838124 7.321643
v -0.793082 -0.835622 7.214610
v -0.643045 -0.910586 7.285501
v -0.067519 -1.126464 7.278916
v 0.063400 -1.142460 7.246201
v 0.186743 -1.143557 7.234057
v 0.235981 -1.143789 7.198510
v -0.671355 -0.959982 7.214321
v -0.741457 -0.946198 7.179213
v -0.629984 -0.986126 7.232741
v -0.518016 -1.024241 7.272381
v -0.517208 -1.059972 7.213047
v -0.449371 -1.080542 7.224493
v -0.393427 -1.060936 7.274332
v -0.424256 -1.041297 7.295593
v -0.340220 -1.088224 7.259549
v -0.313893 -1.122114 7.235578
v -0.183683 -1.102187 7.269094
v -0.091040 -1.160906 7.222844
v -0.118559 -1.092307 7.294337
v -0.225462 -1.116789 7.258997
v 0.143593 1.864411 7.212381
v 0.187949 1.887751 7.189463
v 0.180586 1.943386 7.166291
v 0.331472 1.951158 7.154151
v 0.304091 1.863535 7.192189
v 0.359750 1.883176 7.187297
v 0.349131 1.849345 7.193320
v 0.091430 1.856194 7.198403
v -0.002247 1.873485 7.176657
v 0.038345 1.835575 7.224761
v 0.064413 1.967665 7.155005
v 0.033804 1.948828 7.168334
v 0.196394 1.835269 7.230470
v 0.166835 1.819679 7.249183
v 0.264611 1.776556 7.244106
v 0.357523 1.797042 7.213301
v 0.354626 1.748387 7.221738
v 0.502542 1.786806 7.164081
v 0.413777 1.779455 7.197148
v 0.457353 1.760795 7.187585
v 0.448284 1.731159 7.236128
v 0.396159 1.722813 7.237040
v 0.537568 1.740660 7.173688
v 0.512178 1.699008 7.192078
v -0.091809 1.864883 7.134799
v -0.060127 1.767445 7.224436
v -0.016400 1.828359 7.186751
v 0.025167 1.802672 7.215146
v 0.041300 1.735483 7.244732
v 0.377861 1.703677 7.255952
v 0.427641 1.626273 7.236674
v 0.437645 1.697395 7.234385
v 0.490995 1.631168 7.224704
v 0.547793 1.576517 7.178625
v 0.519582 1.485958 7.234349
v 0.584425 1.614678 7.153659
v -0.115944 1.760492 7.212720
v -0.224520 1.745729 7.142054
v -0.137688 1.717845 7.211699
v -0.105921 1.819623 7.160392
v 0.484555 1.571243 7.234100
v 0.627231 1.514381 7.177806
v 0.579977 1.442398 7.207548
v -0.184955 1.645904 7.236608
v -0.237169 1.637846 7.203911
v 0.607328 1.371798 7.221543
v 0.663502 1.354468 7.175660
v -0.318995 1.614371 7.170164
v -0.269621 1.573584 7.232954
v -0.373959 1.557177 7.201605
v -0.292865 1.618325 7.194992
v -0.258205 1.681992 7.153399
v 0.631063 1.290168 7.209025
v 0.596736 1.337880 7.237631
v 0.669610 1.216221 7.200030
v -0.398067 1.440773 7.232103
v -0.391538 1.525692 7.187819
v -0.435914 1.552408 7.140948
v 0.734186 1.146560 7.177485
v 0.718094 1.213617 7.163070
v 0.701110 1.119620 7.206595
v -0.469919 1.488519 7.184725
v -0.514363 1.465476 7.173036
v 0.810758 1.035668 7.196816
v 0.786269 1.155039 7.161032
v 0.827187 0.980939 7.203475
v 0.843171 1.100055 7.153438
v -0.512974 1.390374 7.225536
v -0.584892 1.438335 7.153194
v -0.593048 1.403694 7.163693
v 0.855097 0.861739 7.214176
v 0.908278 0.953444 7.132194
v 0.837305 0.915878 7.202886
v 0.899002 0.843967 7.213905
v 0.864045 0.969647 7.163283
v -0.674333 1.293068 7.174759
v -0.605391 1.332980 7.207961
v -0.643465 1.370091 7.160330
v 0.989744 0.818764 7.153319
v 0.915982 0.819288 7.213647
v 1.005818 0.751760 7.161129
v -0.730091 1.236649 7.139007
v 1.014808 0.662225 7.170701
v -0.803171 1.098557 7.166913
v -0.741501 1.153248 7.185536
v -0.811612 1.151017 7.128505
v 1.087718 0.540449 7.146536
v 1.074536 0.656125 7.128233
v -0.873731 1.071515 7.135601
v -0.887590 1.026268 7.149415
v -0.802750 1.023663 7.231799
v -0.791112 1.057120 7.232569
v 1.028685 0.508989 7.216437
v 1.110899 0.495912 7.160846
v 1.122752 0.455144 7.148984
v -0.895414 0.991698 7.137332
v -0.895791 0.904916 7.171999
v 1.142949 0.362229 7.139063
v 1.130240 0.341397 7.149927
v 1.132907 0.278590 7.161182
v 1.178461 0.240075 7.086752
v 1.130783 0.204766 7.191630
v -1.009019 0.842024 7.112734
v -0.986568 0.747870 7.170885
v 1.132006 0.093066 7.183190
v 1.129725 0.044248 7.187165
v 1.181890 0.053159 7.111886
v -1.044301 0.604988 7.193414
v -0.989228 0.624534 7.224135
v 1.176519 -0.106023 7.110526
v 1.172349 -0.055462 7.143245
v 1.138318 -0.069798 7.181768
v 1.186344 0.014542 7.123345
v -1.070845 0.501969 7.192595
v -1.040123 0.516771 7.228055
v 1.135931 -0.167862 7.157319
v -1.086619 0.457528 7.180449
v -1.139292 0.424979 7.133089
v -1.090410 0.421406 7.204600
v -1.038795 0.466702 7.246976
v 1.070894 -0.259222 7.215727
v 1.152311 -0.284026 7.109054
v 1.113348 -0.247561 7.180300
v -1.129289 0.359586 7.179717
v 1.075696 -0.384115 7.167417
v -1.149206 0.353880 7.128562
v -1.138992 0.301043 7.143824
v -1.153799 0.243829 7.143370
v 1.051538 -0.426194 7.190727
v 1.051516 -0.512260 7.119156
v -1.147590 0.204657 7.154819
v -1.188164 0.143272 7.142592
v 1.017653 -0.514249 7.154644
v -1.193402 0.095422 7.142194
v 0.985819 -0.615694 7.165657
v 0.966138 -0.671252 7.149711
v 0.954240 -0.593745 7.213150
v -1.171752 0.001889 7.153132
v -1.201526 -0.087625 7.138098
v 0.950057 -0.727725 7.105762
v -1.148581 -0.117235 7.210534
v -1.192584 -0.177009 7.130076
v 0.891024 -0.734441 7.176689
v 0.834670 -0.815423 7.140727
v -1.165944 -0.235064 7.151072
v -1.134566 -0.356778 7.208959
v -1.121794 -0.274174 7.209639
v 0.712301 -0.888727 7.198730
v 0.683243 -0.941240 7.170921
v 0.794445 -0.901587 7.117919
v -1.142424 -0.415811 7.161252
v -1.132794 -0.468252 7.148970
v -1.175922 -0.368048 7.149950
v -1.188648 -0.326824 7.138535
v 0.573892 -1.006032 7.198798
v 0.609217 -0.979901 7.175322
v -1.121152 -0.539249 7.101107
v -1.056244 -0.616101 7.147489
v 0.446883 -1.102229 7.162894
v 0.537550 -1.068289 7.127531
v -1.020539 -0.664468 7.146976
v 0.349952 -1.096532 7.215045
v 0.411185 -1.136185 7.115476
v -0.936178 -0.777403 7.113685
v -0.868461 -0.799194 7.173883
v -0.829919 -0.873122 7.162695
v 0.195747 -1.191753 7.127376
v 0.249473 -1.178739 7.150954
v 0.153701 -1.207263 7.120614
v 0.301428 -1.170745 7.139080
v -0.797778 -0.889051 7.168052
v -0.687000 -1.008459 7.143116
v -0.661191 -1.044199 7.130935
v -0.217388 -1.168342 7.175898
v -0.322570 -1.148864 7.188151
v -0.016580 -1.198742 7.175100
v -0.047318 -1.217353 7.151412
v -0.002319 -1.231250 7.127563
v 0.028179 -1.213197 7.139442
v 0.094308 -1.199896 7.151185
v -0.559089 -1.112556 7.106462
v -0.485587 -1.115746 7.153458
v -0.447127 -1.150208 7.117643
v -0.404637 -1.095481 7.212440
v -0.320844 -1.220173 7.081289
v -0.356147 -1.175685 7.117181
v -0.291680 -1.206558 7.104938
v -0.194704 -1.213398 7.128230
v -0.137332 -1.188806 7.151898
v -0.047105 -1.254768 7.080260
v 0.121166 2.030802 7.108181
v 0.067751 2.058079 7.084949
v 0.020635 2.065655 7.085140
v 0.264760 1.975315 7.142138
v 0.193722 2.065327 7.072872
v 0.158802 2.032826 7.084489
v 0.231564 1.948282 7.154393
v 0.310091 2.002975 7.048413
v 0.259967 2.039696 7.084278
v 0.328934 1.983207 7.107216
v 0.416932 1.949064 7.059467
v 0.427223 1.901729 7.141664
v 0.470802 1.923317 7.077724
v -0.034849 2.007555 7.072982
v -0.059663 2.007154 7.084849
v -0.034415 2.008327 7.108401
v -0.005009 2.023630 7.078238
v -0.007752 1.974472 7.144762
v -0.036087 1.946371 7.131480
v 0.107763 1.987602 7.144976
v 0.520083 1.883027 7.094037
v 0.547414 1.812296 7.112089
v 0.573014 1.855019 7.070045
v 0.652798 1.754709 7.067350
v 0.551664 1.785969 7.142382
v -0.093116 1.939716 7.113476
v -0.104564 1.982661 7.072953
v -0.160826 1.961488 7.055599
v -0.160172 1.924065 7.066826
v -0.002923 1.910970 7.157924
v 0.633415 1.731621 7.116036
v 0.661719 1.586097 7.091095
v 0.601471 1.708479 7.133138
v -0.207471 1.852230 7.079445
v -0.218036 1.818228 7.105466
v 0.637103 1.585934 7.125655
v 0.710896 1.625238 7.040660
v 0.689955 1.544722 7.102467
v 0.664406 1.515484 7.122280
v -0.269544 1.772583 7.103405
v -0.294996 1.731131 7.098435
v 0.686967 1.459131 7.089931
v 0.677005 1.461991 7.125397
v -0.305597 1.697246 7.110900
v -0.361989 1.715279 7.075229
v 0.719627 1.337293 7.111538
v 0.764074 1.410563 7.030283
v 0.705969 1.316563 7.147674
v 0.781071 1.367996 7.041675
v -0.395719 1.651311 7.118086
v -0.398679 1.677300 7.078805
v -0.432192 1.601010 7.105945
v 0.739227 1.281617 7.111893
v 0.810723 1.273268 7.087997
v 0.799726 1.237722 7.124128
v 0.830352 1.178678 7.110737
v -0.517220 1.615934 7.038406
v -0.504453 1.536906 7.135144
v 0.854722 1.133788 7.122089
v 0.860915 1.144583 7.074947
v 0.866738 1.080599 7.109793
v -0.596899 1.479603 7.107051
v -0.556869 1.528980 7.093851
v 0.892180 1.060450 7.079125
v 0.889318 1.011678 7.101026
v -0.660301 1.500221 7.023050
v -0.651948 1.422686 7.106462
v 0.953224 0.979488 7.061549
v 0.991827 0.905361 7.073403
v 1.012951 0.973387 7.019117
v 0.927929 0.937650 7.108396
v 1.003813 0.864159 7.111786
v 1.034652 0.804998 7.105007
v -0.712208 1.293076 7.115837
v -0.708090 1.366485 7.057436
v -0.766378 1.335441 7.044510
v 1.039461 0.741562 7.110398
v 1.089414 0.862851 6.997307
v 1.033300 0.879982 7.066220
v -0.791094 1.256305 7.081392
v 1.087937 0.738987 7.070354
v 1.126516 0.664942 7.072867
v -0.820105 1.191013 7.103439
v -0.850478 1.126326 7.102962
v 1.143850 0.523257 7.084668
v 1.195060 0.544936 6.998051
v 1.172222 0.601349 7.034013
v -0.922755 1.075475 7.020082
v 1.193478 0.446345 7.008389
v 1.136338 0.488161 7.127568
v 1.185887 0.485856 7.009370
v 1.184897 0.386708 7.067540
v -0.932441 0.966506 7.101800
v 1.150252 0.335556 7.090799
v -0.954348 0.923811 7.113295
v -0.947298 0.996171 7.071695
v -1.012369 0.868190 7.066539
v -1.023845 0.822309 7.065385
v -1.024095 0.772520 7.112174
v -1.059023 0.758961 7.087107
v 1.187423 0.150628 7.086020
v 1.225264 0.114271 7.046120
v 1.154395 0.123532 7.133104
v -1.070656 0.675711 7.123267
v -1.036400 0.751533 7.126163
v 1.226991 0.014764 7.040606
v 1.225628 -0.022116 7.063901
v -1.104557 0.649444 7.099521
v -1.145841 0.650895 6.993402
v -1.130675 0.645660 7.052340
v -1.117722 0.691128 7.046707
v 1.214549 -0.068220 7.075337
v -1.108749 0.526737 7.133886
v 1.169636 -0.116415 7.134065
v 1.208935 -0.140334 7.027511
v 1.216567 -0.192329 7.038846
v -1.142943 0.488555 7.062821
v 1.168785 -0.227339 7.109499
v 1.215463 -0.266047 7.014604
v -1.182203 0.377349 7.038355
v -1.170702 0.385643 7.097420
v 1.135600 -0.414522 7.060753
v 1.181184 -0.379044 7.018682
v 1.118080 -0.396999 7.108170
v -1.182502 0.327656 7.074925
v -1.259641 0.241138 7.000852
v -1.193927 0.244456 7.096263
v 1.104936 -0.503748 7.044636
v -1.210252 0.163062 7.083799
v 1.051204 -0.586136 7.083106
v -1.192549 0.021180 7.106136
v -1.205212 0.136817 7.071754
v -1.232584 0.083836 7.035955
v -1.220400 -0.044118 7.082037
v 1.011284 -0.697133 7.058644
v 0.920045 -0.792158 7.058067
v -1.237193 -0.150022 7.057559
v -1.218193 -0.217950 7.066060
v -1.190788 -0.264092 7.115473
v 0.840916 -0.866430 7.081246
v -1.206362 -0.283295 7.032716
v -1.195918 -0.349102 7.114752
v -1.204759 -0.296634 7.091619
v 0.744577 -0.959850 7.080696
v -1.186959 -0.413337 7.055151
v -1.179472 -0.366563 7.102753
v 0.726321 -0.966661 7.104295
v 0.625007 -1.045876 7.070037
v 0.729635 -1.016376 6.997616
v -1.138088 -0.552317 7.018405
v -1.087094 -0.605929 7.088635
v 0.588800 -1.120720 7.020548
v -1.111735 -0.586733 7.029843
v -1.085074 -0.659070 7.017344
v 0.514254 -1.122292 7.057994
v 0.463348 -1.180133 7.008716
v -0.983906 -0.732211 7.099074
v -0.969484 -0.803593 7.056064
v -0.935687 -0.814889 7.098232
v 0.289372 -1.207824 7.067965
v 0.377424 -1.227239 6.996734
v 0.379840 -1.156726 7.091773
v -0.949827 -0.858587 7.027064
v -0.884453 -0.925882 7.014504
v -0.867468 -0.912250 7.073601
v -0.814068 -0.939399 7.086504
v 0.206910 -1.233896 7.067959
v 0.120406 -1.233492 7.067448
v 0.233266 -1.266891 6.996776
v -0.769713 -0.994816 7.072627
v -0.833687 -0.961569 7.037670
v -0.696190 -1.075132 7.036323
v -0.659678 -1.077484 7.059815
v -0.638534 -1.127231 7.000306
v -0.570756 -1.148399 7.035356
v -0.506284 -1.179054 7.011311
v -0.178131 -1.238631 7.084621
v 0.000778 -1.259708 7.068286
v 0.112654 -1.257519 7.032592
v -0.362209 -1.232422 7.010466
v -0.295302 -1.255749 7.010086
v -0.268844 -1.251134 7.057274
v -0.155474 -1.283507 7.021278
v 0.098468 2.078124 7.021045
v 0.035057 2.034469 6.990395
v 0.087034 2.041570 7.037522
v 0.196975 2.037771 6.989992
v 0.125225 2.084614 7.014197
v 0.244759 2.031506 7.037029
v 0.143612 2.063597 7.060989
v -0.000340 2.039355 7.025946
v 0.313056 2.012798 7.024881
v 0.141009 2.056941 6.966698
v 0.238771 2.051388 7.060826
v 0.392186 1.988984 7.024465
v 0.414239 1.941906 6.977804
v 0.304565 1.947737 6.953514
v 0.447321 1.967775 7.012330
v 0.458695 1.964998 6.988666
v 0.503298 1.909333 7.035285
v 0.563624 1.865912 6.987531
v 0.547163 1.891434 7.035014
v -0.057592 2.028403 7.002395
v -0.036273 2.021322 7.049495
v -0.103126 1.988238 7.013974
v -0.031790 2.020648 6.955040
v 0.588956 1.861880 7.011038
v 0.609887 1.856033 6.963713
v 0.705074 1.776191 6.962770
v 0.654862 1.801548 7.010342
v 0.689925 1.755966 6.993976
v 0.662633 1.826631 6.986927
v -0.183001 1.943951 7.025609
v -0.179907 1.980186 7.015316
v -0.220374 1.943987 6.943077
v -0.252969 1.941873 6.943145
v -0.150454 1.995342 7.002357
v -0.191598 1.983591 6.943342
v 0.719730 1.697327 6.962049
v 0.700610 1.678044 7.032762
v -0.275953 1.911804 6.966199
v -0.264370 1.883127 7.001692
v -0.242021 1.900669 7.023914
v -0.281522 1.813753 7.068351
v -0.319699 1.851202 6.981879
v 0.738800 1.517550 7.027558
v 0.798076 1.549096 6.936952
v 0.745677 1.602073 7.020182
v 0.784353 1.466396 6.986877
v 0.774608 1.592912 6.972806
v -0.333096 1.768325 7.041355
v -0.356431 1.813359 6.969567
v -0.389567 1.786618 6.975896
v 0.774293 1.432374 6.995031
v 0.753870 1.450900 7.030660
v 0.809235 1.427770 6.971288
v -0.436134 1.677105 7.029178
v 0.802353 1.366210 6.994385
v 0.834777 1.351606 6.974777
v 0.807361 1.302699 7.041041
v -0.540570 1.661021 6.960694
v -0.560962 1.617538 7.011994
v -0.481270 1.691607 6.992156
v 0.852582 1.330629 6.911311
v 0.853882 1.258816 6.993320
v 0.868985 1.224504 6.969374
v 0.886581 1.161744 7.011928
v 0.888622 1.248479 6.916123
v 0.832264 1.224581 7.040300
v -0.584319 1.587767 7.011799
v 0.954014 1.140872 6.965675
v 0.925478 1.127994 7.015609
v 0.951194 1.091962 7.003262
v 0.930866 1.185302 6.963749
v 1.027327 1.006392 6.967069
v 1.026328 1.056327 6.952108
v 1.076719 0.941644 6.927918
v -0.701449 1.463884 6.996223
v -0.658364 1.561931 6.966483
v -0.749991 1.417452 6.975356
v 1.028656 0.905239 7.025215
v 1.115195 0.866665 6.965628
v -0.814759 1.376151 6.951563
v -0.819509 1.340245 6.986679
v 1.170948 0.825513 6.906101
v 1.115811 0.780168 7.012098
v 1.147544 0.733281 6.982302
v -0.861047 1.192003 7.042848
v 1.152474 0.669452 7.033288
v 1.185659 0.696762 6.952168
v 1.182976 0.649401 6.975376
v -0.928894 1.139560 6.985238
v -0.871961 1.233009 6.985893
v -0.918823 1.211007 6.938610
v -0.911927 1.109017 7.042538
v 1.258748 0.377028 6.913799
v 1.203786 0.393596 7.008526
v 1.207913 0.504131 6.950446
v -0.992407 1.073115 6.961225
v -1.006812 1.003124 6.996073
v 1.220560 0.289406 6.995777
v 1.254705 0.130244 6.983149
v 1.248247 0.256216 6.960002
v 1.224488 0.213736 7.018722
v -1.068674 0.849441 6.983106
v -1.049276 0.793375 7.041593
v 1.262902 0.090543 6.982142
v -1.090218 0.744573 7.017672
v -1.089742 0.831693 6.935791
v 1.280983 -0.001315 6.922278
v -1.148316 0.651950 6.958004
v -1.154577 0.616704 6.969521
v -1.119680 0.729468 6.970402
v 1.262369 -0.131303 6.885791
v 1.245466 -0.052744 7.016365
v -1.137670 0.598546 7.028342
v -1.184033 0.452635 6.979987
v -1.200390 0.569713 6.910215
v 1.236783 -0.259741 6.931969
v 1.220374 -0.291976 6.967148
v 1.186805 -0.405249 6.978065
v -1.218642 0.327315 6.990803
v 1.157572 -0.458013 6.989491
v 1.134392 -0.475557 7.001206
v 1.155282 -0.493864 6.918360
v -1.274570 0.234007 6.931123
v -1.264143 0.180857 6.977854
v -1.270241 0.269586 6.955028
v 1.120036 -0.532544 6.953534
v 1.096499 -0.636416 6.940895
v -1.249752 0.151760 6.953956
v -1.233791 0.121433 7.024479
v 1.069371 -0.640803 7.011757
v -1.267263 0.070832 6.929695
v -1.263289 -0.029879 6.987838
v -1.252992 0.065839 6.993775
v -1.258805 -0.080975 7.010993
v 0.997198 -0.754114 6.999166
v -1.293348 -0.094389 6.951946
v -1.286644 -0.133717 6.963394
v 0.932613 -0.808030 6.998874
v 0.970983 -0.795085 6.963469
v -1.252563 -0.207828 6.986273
v -1.218763 -0.241989 6.997692
v -1.256010 -0.204868 6.915480
v 0.880781 -0.915278 6.974477
v 0.856447 -0.907985 7.021822
v -1.230390 -0.299928 6.961809
v -1.222814 -0.401405 6.972716
v 0.834355 -0.999293 6.926656
v 0.795328 -1.013841 6.950244
v 0.739772 -1.071364 6.890873
v -1.205268 -0.468620 6.948481
v 0.658578 -1.094622 6.961715
v 0.636755 -1.086308 7.019303
v -1.117236 -0.642296 6.958550
v 0.485707 -1.211462 6.949363
v 0.599629 -1.148329 6.949604
v -1.070104 -0.728628 6.969484
v -1.021867 -0.810842 6.945037
v 0.545810 -1.193076 6.925753
v -0.957998 -0.883525 6.967848
v 0.169404 -1.273064 6.989244
v 0.248050 -1.297130 6.913843
v 0.363363 -1.246338 6.972998
v -0.963407 -0.891081 6.920579
v -0.864860 -0.980553 6.954957
v -0.784589 -1.001952 7.025386
v -0.808394 -1.036635 6.930714
v -0.726597 -1.091480 6.941826
v 0.058311 -1.310583 6.937842
v -0.038096 -1.302741 6.961776
v 0.148500 -1.299473 6.949502
v -0.647274 -1.153980 6.941075
v -0.616192 -1.172570 6.905418
v -0.406732 -1.254704 6.939564
v -0.325508 -1.272068 6.951002
v -0.214859 -1.313280 6.926743
v -0.223416 -1.263667 7.033435
v -0.090615 -1.312126 6.950030
v 0.094725 2.067508 6.946564
v 0.027987 2.013432 6.907600
v 0.023615 2.077544 6.943580
v 0.064828 2.090117 6.967187
v 0.091770 2.019037 6.933543
v 0.162429 2.007468 6.942605
v 0.404066 1.871331 6.916608
v 0.490358 1.908955 6.952684
v -0.117713 1.986099 6.919558
v -0.055832 2.022146 6.919704
v -0.061242 2.005569 6.884161
v -0.096325 2.010848 6.955128
v 0.047234 1.996292 6.887377
v 0.146588 1.997064 6.907143
v 0.092286 1.982064 6.892915
v 0.186523 1.927662 6.890005
v 0.257091 1.954672 6.924931
v 0.329397 1.870157 6.908055
v 0.254743 1.868938 6.904756
v 0.221527 1.842451 6.881436
v 0.378593 1.829944 6.904252
v 0.471644 1.849986 6.925062
v 0.499406 1.742749 6.859451
v 0.570192 1.847872 6.963748
v 0.614472 1.792634 6.925598
v 0.558753 1.773189 6.907758
v 0.681821 1.809775 6.939513
v 0.647642 1.819269 6.931657
v 0.717718 1.760113 6.927184
v -0.149901 1.959008 6.931214
v -0.223232 1.933064 6.872162
v 0.315152 1.825333 6.883299
v 0.424194 1.778638 6.881271
v 0.754830 1.649625 6.878914
v 0.745239 1.652354 6.937984
v 0.791518 1.609336 6.854857
v 0.806757 1.571664 6.866296
v -0.269177 1.934528 6.895906
v -0.283724 1.926991 6.919490
v -0.324385 1.877916 6.919176
v -0.239708 1.910816 6.860209
v -0.408209 1.780373 6.942165
v -0.365219 1.866390 6.871967
v -0.427735 1.824032 6.893072
v -0.337305 1.875983 6.860169
v 0.826903 1.416546 6.900316
v -0.474966 1.751971 6.931850
v -0.539308 1.735482 6.883103
v 0.828079 1.441293 6.853309
v -0.572072 1.671273 6.918051
v -0.569646 1.695719 6.859232
v -0.643744 1.632051 6.906098
v 0.969091 1.190323 6.874375
v 0.942025 1.261575 6.875062
v 0.928494 1.257499 6.898672
v 0.895292 1.310272 6.840194
v 0.963602 1.172082 6.921451
v 1.005415 1.148270 6.885719
v -0.684511 1.558033 6.935270
v -0.669324 1.606974 6.894146
v -0.711075 1.632396 6.847258
v 1.048068 1.087058 6.894563
v 1.021601 1.121675 6.850033
v 1.009659 1.121638 6.932697
v -0.759248 1.557410 6.858543
v -0.754482 1.493575 6.917003
v -0.721905 1.557636 6.908710
v 1.150631 0.982235 6.789462
v 1.102618 0.985748 6.860448
v 1.066338 1.032064 6.860945
v 1.133901 0.923985 6.883440
v -0.782115 1.452868 6.904920
v -0.839912 1.372064 6.904376
v 1.155767 0.840326 6.847246
v 1.174239 0.899352 6.826554
v 1.143101 0.858937 6.918269
v 1.174383 0.837542 6.811758
v -0.878627 1.285069 6.927338
v 1.208041 0.691518 6.869431
v 1.193734 0.806332 6.858656
v -0.900060 1.267452 6.877623
v 1.199541 0.643261 6.904451
v 1.225962 0.635495 6.833486
v 1.217565 0.564152 6.891915
v -0.920054 1.211762 6.891401
v -0.935713 1.117139 6.961453
v 1.236668 0.495815 6.855861
v -0.956773 1.149073 6.890958
v -0.993339 1.111176 6.878923
v -1.056156 1.006966 6.908700
v 1.266101 0.437140 6.843471
v 1.263944 0.301327 6.889522
v -1.093034 0.944381 6.901358
v 1.287542 0.157957 6.864452
v -1.088578 0.893478 6.900907
v -1.143680 0.836943 6.853348
v 1.274375 0.074832 6.946562
v 1.293274 0.057611 6.804707
v -1.174662 0.747606 6.864463
v 1.276656 0.025074 6.887103
v 1.283844 -0.063630 6.862709
v -1.205957 0.596675 6.851439
v 1.277267 -0.172750 6.838175
v 1.267121 -0.194582 6.873427
v -1.214647 0.475293 6.897632
v -1.203832 0.533947 6.874501
v 1.278642 -0.272092 6.825509
v 1.251652 -0.325653 6.848728
v -1.247371 0.374498 6.861436
v 1.211516 -0.338227 6.907750
v 1.178509 -0.427019 6.930680
v -1.245044 0.336547 6.872906
v 1.240488 -0.395929 6.789127
v 1.173996 -0.548520 6.823401
v -1.260397 0.229821 6.895635
v -1.258431 0.208082 6.860028
v -1.245959 0.163493 6.883219
v 1.130063 -0.572273 6.882336
v -1.244611 0.125668 6.918303
v -1.268330 0.071536 6.882484
v 1.125753 -0.595759 6.893950
v 1.131592 -0.621519 6.787470
v -1.282732 0.014379 6.858420
v -1.275060 -0.050279 6.905061
v 1.034098 -0.752528 6.892841
v -1.295896 -0.018233 6.810955
v -1.269448 -0.113829 6.892692
v 0.911478 -0.899824 6.927310
v 1.019634 -0.833955 6.809544
v -1.242660 -0.357112 6.855106
v -1.258778 -0.265596 6.879548
v 0.943566 -0.933838 6.819281
v 0.854590 -0.992737 6.855831
v 0.798961 -1.049474 6.855490
v -1.212946 -0.502592 6.853771
v -1.192560 -0.546319 6.876948
v 0.687891 -1.125973 6.866930
v 0.752169 -1.132915 6.748652
v -1.163902 -0.631273 6.840724
v 0.633009 -1.145911 6.878708
v 0.586008 -1.205019 6.834187
v -1.087177 -0.740556 6.898600
v -1.054952 -0.797000 6.886221
v 0.482430 -1.247005 6.878237
v -1.025190 -0.858688 6.826590
v 0.328257 -1.321663 6.807177
v -0.932352 -0.957268 6.849097
v -0.781862 -1.084180 6.894819
v 0.072780 -1.342026 6.866704
v 0.176098 -1.328318 6.866547
v 0.211139 -1.334589 6.845677
v -0.872924 -1.042641 6.789178
v -0.654321 -1.174947 6.858281
v -0.713687 -1.128278 6.894257
v -0.598587 -1.232345 6.775004
v -0.515478 -1.244930 6.857306
v -0.486609 -1.232661 6.904554
v -0.425886 -1.275022 6.868612
v -0.269135 -1.326424 6.808728
v -0.334038 -1.298148 6.891778
v -0.368962 -1.290547 6.856522
v -0.256346 -1.325919 6.855916
v -0.142336 -1.318367 6.902896
v -0.223031 -1.337213 6.808512
v -0.141893 -1.354645 6.808145
v -0.071547 -1.366850 6.796046
v -0.153883 1.949180 6.766376
v -0.043916 1.982795 6.836700
v 0.052529 1.895981 6.840864
v 0.108308 1.915232 6.880969
v -0.146390 1.958372 6.872176
v -0.194448 1.949580 6.765986
v -0.093980 1.942513 6.789517
v -0.044713 1.902072 6.811997
v -0.117528 1.900429 6.788966
v -0.044079 1.864720 6.815268
v 0.034100 1.877264 6.811005
v 0.014597 1.932631 6.846601
v 0.045943 1.836527 6.795790
v 0.138999 1.856550 6.818757
v 0.101387 1.816029 6.799459
v 0.159841 1.813103 6.787473
v 0.185022 1.845423 6.823098
v 0.148908 1.887134 6.870774
v 0.296706 1.767991 6.810328
v 0.221031 1.803178 6.787224
v 0.259088 1.805329 6.834360
v 0.383942 1.730623 6.809772
v 0.478485 1.715853 6.844807
v 0.426558 1.708961 6.797667
v 0.628296 1.642411 6.784750
v 0.617143 1.607477 6.755906
v 0.679136 1.684953 6.844006
v 0.723038 1.706069 6.867680
v 0.728672 1.646073 6.825384
v 0.752453 1.642480 6.855247
v 0.812231 1.558033 6.806195
v -0.327913 1.867623 6.794559
v -0.362075 1.876526 6.824825
v -0.289742 1.909124 6.860329
v -0.285728 1.866850 6.777320
v -0.263223 1.916358 6.765883
v -0.033841 1.819291 6.776238
v 0.533084 1.654851 6.761502
v 0.708853 1.584437 6.748621
v 0.753078 1.567073 6.783767
v 0.826098 1.523656 6.795002
v 0.848257 1.437424 6.758785
v 0.828206 1.503312 6.830235
v -0.487937 1.794111 6.812645
v -0.438078 1.831257 6.848247
v -0.426038 1.830997 6.800994
v -0.361030 1.841349 6.777301
v -0.467345 1.811918 6.871767
v 0.866200 1.375292 6.829028
v 0.923863 1.324221 6.733996
v 0.919538 1.308870 6.828313
v 0.928017 1.298916 6.792789
v 0.882308 1.427860 6.746806
v 0.874991 1.364516 6.793498
v 0.952010 1.254790 6.827760
v -0.551701 1.746331 6.800598
v -0.594376 1.688596 6.847432
v 1.009156 1.200662 6.815334
v 1.059489 1.125713 6.755530
v -0.688928 1.584898 6.842459
v -0.688620 1.586007 6.834993
v -0.687467 1.584496 6.834977
v -0.651040 1.634718 6.858922
v -0.685027 1.637123 6.811815
v 1.073927 1.079451 6.825920
v 1.093495 1.036317 6.806125
v -0.768536 1.535861 6.822968
v -0.787196 1.542104 6.775853
v -0.796456 1.520085 6.799297
v -0.741163 1.576927 6.799640
v -0.689343 1.583709 6.834975
v 1.143864 1.000448 6.766028
v 1.185228 0.896279 6.776823
v -0.846583 1.449242 6.798819
v 1.170537 0.875970 6.800296
v 1.202971 0.803976 6.787783
v -0.905222 1.368796 6.786476
v -0.871422 1.345227 6.857010
v -0.848391 1.412503 6.822115
v 1.214429 0.713744 6.786973
v -0.933275 1.240965 6.854536
v -0.911891 1.296369 6.821282
v -0.988377 1.271593 6.738640
v 1.253264 0.639734 6.774426
v 1.247758 0.591599 6.821244
v -0.973666 1.179693 6.820439
v -1.012622 1.130175 6.808311
v 1.260033 0.513760 6.785125
v 1.260427 0.550670 6.797247
v 1.265128 0.450190 6.796368
v -1.037045 1.063429 6.831410
v -1.087305 1.017653 6.795734
v -1.068321 1.048746 6.803299
v 1.303012 0.289762 6.794881
v 1.306890 0.351337 6.677357
v 1.313114 0.286950 6.747612
v -1.142935 0.924162 6.747856
v 1.320540 0.148487 6.746397
v -1.154477 0.865552 6.794600
v 1.275808 0.124433 6.876159
v -1.177589 0.798486 6.805887
v -1.216522 0.699645 6.769724
v 1.296056 -0.053995 6.721104
v 1.296764 -0.042395 6.792030
v 1.282692 -0.099748 6.779768
v -1.188891 0.677927 6.852095
v -1.231983 0.617612 6.804470
v -1.233190 0.580867 6.804156
v 1.286021 -0.211895 6.743377
v 1.275298 -0.233822 6.814044
v 1.282376 -0.170851 6.743741
v -1.231013 0.555615 6.780323
v -1.228504 0.517793 6.768186
v 1.274714 -0.294776 6.719081
v -1.263838 0.404891 6.802719
v -1.246976 0.474200 6.756054
v 1.267136 -0.354634 6.765804
v 1.278405 -0.320873 6.742456
v -1.260300 0.329527 6.802058
v -1.262121 0.255574 6.836839
v -1.284948 0.275596 6.778049
v -1.299135 0.243214 6.742393
v -1.282248 0.173156 6.777158
v 1.210528 -0.521978 6.705486
v -1.259397 0.130875 6.847560
v -1.291380 0.129213 6.764998
v 1.109487 -0.676619 6.810663
v -1.306470 0.059806 6.752635
v 1.054517 -0.783062 6.809891
v 1.118493 -0.716027 6.739470
v -1.301937 -0.027786 6.692842
v -1.297364 -0.091929 6.798518
v -1.281338 -0.146750 6.833416
v -1.287248 -0.231331 6.809092
v 1.013155 -0.881048 6.761936
v 0.960235 -0.914162 6.797204
v -1.290252 -0.267051 6.749769
v -1.271147 -0.359414 6.713506
v 0.897895 -1.005728 6.772971
v -1.215552 -0.550351 6.735319
v 0.711235 -1.169527 6.748446
v 0.644987 -1.198446 6.783786
v -1.150803 -0.682296 6.757617
v -1.126376 -0.707598 6.780942
v -1.110801 -0.744665 6.792385
v 0.501100 -1.252514 6.830921
v 0.613654 -1.233459 6.736349
v -1.067763 -0.835265 6.744270
v -0.980650 -0.921766 6.790509
v 0.270990 -1.339959 6.783561
v 0.415451 -1.312895 6.747996
v -0.934039 -1.000514 6.766095
v 0.139979 -1.363011 6.783711
v 0.222594 -1.362279 6.759888
v -0.766816 -1.137779 6.776269
v -0.722855 -1.155980 6.811409
v -0.690988 -1.172078 6.775771
v 0.028857 -1.399634 6.677473
v -0.521580 -1.263098 6.786338
v -0.491305 -1.283849 6.727055
v -0.465199 -1.280756 6.797839
v -0.353213 -1.317927 6.785416
v -0.423833 -1.305786 6.750295
v -0.278927 -1.355909 6.714062
v 0.124416 1.851478 6.705266
v 0.054900 1.867126 6.670172
v 0.195108 1.840171 6.704980
v 0.256664 1.839962 6.657596
v 0.347663 1.773829 6.739414
v 0.344439 1.804102 6.668856
v 0.405372 1.761199 6.703404
v -0.336168 1.841901 6.765435
v -0.286563 1.842642 6.741399
v -0.268870 1.899042 6.729618
v -0.264084 1.835683 6.726172
v -0.219719 1.858979 6.708487
v -0.114517 1.839806 6.682193
v -0.237696 1.802963 6.682202
v -0.110152 1.813156 6.752779
v -0.119242 1.823390 6.764697
v -0.130117 1.867448 6.765496
v -0.005867 1.871048 6.646759
v 0.511435 1.705619 6.667561
v 0.674654 1.555236 6.701241
v 0.600905 1.636444 6.643116
v 0.722568 1.549762 6.726254
v 0.759606 1.510612 6.700629
v 0.814645 1.488292 6.735703
v -0.490444 1.820480 6.706638
v -0.464459 1.836681 6.753926
v -0.413726 1.871712 6.706876
v -0.359894 1.845564 6.741920
v -0.363569 1.755697 6.717021
v -0.406662 1.855453 6.671302
v -0.316924 1.825019 6.729823
v -0.278287 1.790717 6.717626
v 0.754925 1.496755 6.641499
v 0.909937 1.438416 6.664191
v -0.594378 1.730919 6.670727
v -0.356478 1.739107 6.705578
v -0.411529 1.721300 6.716316
v 0.940062 1.345451 6.686918
v 0.985405 1.324168 6.674808
v 1.001437 1.296077 6.698133
v 0.998109 1.324404 6.721995
v 1.011373 1.287722 6.733447
v 0.999563 1.288980 6.764970
v 1.010190 1.223820 6.756509
v 1.024202 1.250666 6.685875
v -0.612390 1.710003 6.753227
v 1.064684 1.222629 6.650111
v 1.117964 1.128842 6.649159
v -0.695472 1.637254 6.741016
v -0.641439 1.695043 6.670543
v 1.079548 1.110809 6.755348
v 1.183331 0.996704 6.671453
v 1.158096 1.054057 6.683821
v -0.804097 1.523227 6.704907
v -0.725204 1.610132 6.658229
v -0.701824 1.627429 6.670120
v 1.198090 0.954655 6.706465
v 1.207967 0.926888 6.694394
v 1.210554 0.938724 6.659075
v 1.189234 0.883103 6.717675
v -0.872712 1.470487 6.716439
v 1.189109 0.820991 6.752553
v -0.903633 1.418163 6.739679
v -0.918371 1.398422 6.692330
v -0.933426 1.328447 6.750789
v 1.217255 0.762708 6.716561
v 1.263943 0.661949 6.668347
v -0.987559 1.296638 6.668026
v -0.929882 1.352453 6.703768
v 1.283789 0.531675 6.702584
v 1.280503 0.607143 6.679636
v -1.030319 1.160955 6.749600
v -1.043329 1.202821 6.667364
v -1.071637 1.124833 6.702181
v 1.308989 0.425385 6.618967
v -1.121180 1.028870 6.725093
v 1.325180 0.184611 6.687673
v -1.160263 0.905327 6.688718
v -1.152752 0.840443 6.770770
v 1.316252 0.125638 6.675383
v 1.310559 -0.021253 6.697739
v -1.205876 0.746162 6.722878
v -1.201355 0.769764 6.687656
v 1.312180 0.028106 6.650941
v -1.236217 0.656622 6.733991
v 1.307220 -0.056958 6.650220
v 1.290904 -0.151282 6.708473
v 1.294059 -0.114874 6.673366
v -1.229914 0.580664 6.697905
v -1.245255 0.585034 6.757007
v -1.224978 0.653542 6.674911
v 1.283416 -0.222991 6.684265
v 1.300520 -0.178415 6.625581
v -1.241319 0.534662 6.709342
v 1.267599 -0.354043 6.671371
v -1.261152 0.392314 6.719970
v 1.256787 -0.375758 6.718430
v 1.247513 -0.446719 6.670624
v -1.275892 0.372849 6.637209
v -1.292386 0.303147 6.719284
v -1.296265 0.218112 6.671341
v 1.160913 -0.642573 6.716382
v -1.293321 0.100103 6.693924
v -1.293227 0.080294 6.764581
v 1.196230 -0.615833 6.622082
v 1.155638 -0.690040 6.667975
v -1.304990 0.035235 6.669785
v -1.314265 0.025411 6.716944
v 1.100623 -0.796383 6.656191
v -1.306641 -0.125213 6.680210
v 1.061731 -0.821815 6.726903
v 1.029680 -0.873139 6.667523
v -1.291513 -0.142719 6.727236
v -1.301795 -0.213639 6.714847
v 0.997033 -0.924736 6.667165
v -1.290297 -0.254110 6.679053
v 0.961370 -0.963009 6.666929
v 0.919925 -0.999919 6.725743
v 0.828011 -1.070351 6.772599
v 0.886465 -1.034986 6.725530
v 0.882181 -1.049360 6.654590
v -1.263817 -0.423229 6.665717
v -1.238797 -0.480881 6.700567
v 0.825745 -1.108101 6.618819
v 0.814515 -1.102767 6.713332
v 0.758026 -1.166162 6.630303
v -1.213738 -0.550093 6.628800
v -1.175993 -0.636963 6.722661
v 0.713485 -1.189911 6.642021
v -1.176171 -0.636264 6.640035
v -1.136122 -0.698038 6.710222
v -1.126699 -0.745708 6.650763
v 0.609893 -1.244194 6.665439
v 0.515922 -1.280642 6.665374
v -1.100055 -0.779803 6.697616
v 0.408519 -1.333495 6.665204
v 0.469868 -1.296476 6.700774
v -1.002740 -0.941563 6.648741
v -0.928344 -1.020722 6.706882
v 0.264623 -1.358567 6.688980
v 0.343358 -1.374169 6.582395
v -0.871593 -1.074686 6.611828
v -0.816549 -1.135486 6.599352
v -0.846602 -1.075742 6.717994
v -0.738283 -1.164262 6.728745
v -0.102775 -1.386212 6.725135
v 0.144696 -1.385918 6.700870
v -0.653292 -1.208964 6.739938
v -0.676113 -1.239715 6.598078
v -0.551458 -1.277367 6.668248
v -0.377766 -1.353976 6.631709
v -0.417628 -1.323968 6.667489
v -0.474843 -1.309162 6.667769
v -0.315613 -1.353703 6.666961
v -0.229947 -1.357766 6.725719
v -0.167199 -1.393492 6.678025
v -0.060561 -1.407336 6.606794
v -0.172095 -1.407832 6.607087
v 0.099692 1.893486 6.552235
v 0.182454 1.881011 6.563711
v 0.129943 1.870041 6.646388
v 0.361084 1.819075 6.586308
v 0.319861 1.846169 6.539434
v 0.464922 1.755225 6.620897
v -0.119960 1.863438 6.587974
v 0.565658 1.686996 6.572818
v 0.662656 1.598360 6.548185
v 0.840036 1.531040 6.653373
v 0.880706 1.500630 6.641196
v 0.879194 1.498997 6.605774
v 0.854137 1.536319 6.665185
v 0.880091 1.513016 6.664915
v 0.809450 1.512105 6.676900
v -0.485771 1.806908 6.671094
v -0.465062 1.788118 6.657508
v -0.271345 1.788900 6.670366
v -0.212097 1.845510 6.540847
v 0.883710 1.357345 6.533710
v 0.803405 1.493310 6.653145
v 0.865772 1.455889 6.633633
v 0.867269 1.460521 6.640886
v 0.857139 1.458550 6.640897
v 0.835624 1.477731 6.652925
v 0.835051 1.475704 6.664712
v 0.845678 1.470151 6.664637
v 0.848217 1.478215 6.664699
v 0.861467 1.480791 6.676491
v 0.861714 1.481591 6.675559
v 0.860179 1.482067 6.676505
v 0.861889 1.482131 6.676501
v 0.955346 1.347420 6.627871
v 0.923438 1.425578 6.605022
v 0.923795 1.443525 6.640589
v 0.930036 1.385954 6.569248
v 0.876141 1.452567 6.640794
v 0.881717 1.463096 6.652675
v 0.880623 1.463452 6.651194
v 0.877469 1.464433 6.652698
v 0.881028 1.464715 6.652691
v -0.565177 1.745474 6.646374
v -0.437655 1.717332 6.692988
v -0.511772 1.679072 6.656947
v -0.428030 1.751513 6.682266
v -0.381752 1.775631 6.481673
v -0.429965 1.702605 6.683872
v -0.299605 1.811276 6.528980
v 1.015338 1.341637 6.615856
v 1.047599 1.287488 6.579888
v -0.548486 1.641173 6.651143
v -0.631515 1.692201 6.634262
v -0.575816 1.711708 6.644718
v -0.501972 1.663693 6.646291
v -0.591997 1.605595 6.622421
v 1.132053 1.162681 6.578586
v 1.082706 1.282086 6.520726
v -0.664022 1.628117 6.642499
v -0.651528 1.549971 6.636985
v -0.704291 1.578992 6.633119
v -0.632653 1.556520 6.622106
v -0.604073 1.622133 6.634400
v 1.153611 1.080770 6.613235
v 1.180153 1.039717 6.612810
v -0.780192 1.565936 6.610776
v -0.794132 1.558502 6.539921
v -0.751594 1.569032 6.646140
v -0.707893 1.567917 6.611510
v -0.681914 1.533337 6.563013
v 1.205657 0.928351 6.599977
v 1.218774 0.862438 6.587567
v 1.210422 0.877075 6.634934
v -0.832881 1.520558 6.622329
v -0.888414 1.451600 6.598272
v -0.860685 1.492554 6.574943
v 1.236366 0.819683 6.598956
v 1.259944 0.725635 6.598081
v 1.240556 0.759313 6.645641
v -0.912035 1.372229 6.621259
v 1.258325 0.676368 6.633073
v -0.964356 1.326918 6.609203
v -0.995555 1.275049 6.585228
v 1.291499 0.542542 6.584612
v -1.075511 1.151170 6.655200
v -1.053295 1.194044 6.608293
v -1.087604 1.118956 6.513298
v -1.150881 0.952240 6.641878
v -1.108805 1.075027 6.654631
v -1.122602 1.030422 6.583455
v 1.308760 0.388402 6.524211
v 1.307306 0.340117 6.511994
v 1.320212 0.273445 6.605821
v 1.302217 0.255004 6.523077
v 1.319997 0.199261 6.605181
v -1.185022 0.914042 6.570812
v -1.169957 0.946239 6.594660
v -1.196886 0.800603 6.628887
v -1.208758 0.710772 6.616339
v 1.318531 -0.022383 6.520638
v 1.321705 0.037848 6.603783
v -1.205528 0.747524 6.534015
v -1.187829 0.791260 6.558822
v -1.240950 0.622090 6.592050
v -1.205388 0.709342 6.663535
v 1.319709 -0.134313 6.543278
v 1.310866 -0.218246 6.554381
v -1.259475 0.516548 6.591188
v 1.278178 -0.344539 6.612401
v -1.274589 0.447241 6.567020
v 1.277125 -0.405991 6.600069
v 1.253598 -0.485301 6.611251
v 1.240260 -0.542794 6.587182
v -1.311416 0.198684 6.600387
v 1.219185 -0.597941 6.574957
v -1.315325 0.138223 6.576265
v -1.304007 0.067373 6.622842
v -1.312830 -0.023253 6.551255
v -1.306890 0.098994 6.505076
v 1.154742 -0.714145 6.621344
v -1.315467 -0.060008 6.609968
v -1.322303 -0.156764 6.597347
v 1.099746 -0.820029 6.549748
v 1.085315 -0.840696 6.608632
v -1.306858 -0.235601 6.561211
v -1.311924 -0.160491 6.656309
v 1.048323 -0.902839 6.549170
v 1.029156 -0.921923 6.596275
v -1.275511 -0.393878 6.547956
v 0.993759 -0.972562 6.584128
v 0.950020 -1.008291 6.583936
v 0.943950 -1.044693 6.477395
v -1.246907 -0.477868 6.641591
v 0.921417 -1.048694 6.571859
v 0.860612 -1.091609 6.595260
v -1.234354 -0.505928 6.558683
v -1.246880 -0.465133 6.594483
v 0.808136 -1.136595 6.547792
v -1.201981 -0.590355 6.569672
v -1.170363 -0.686857 6.545144
v -1.219862 -0.568133 6.546303
v 0.750122 -1.192581 6.547463
v -1.132075 -0.761165 6.556207
v 0.595716 -1.268087 6.594442
v 0.527335 -1.308243 6.569829
v -1.105325 -0.793712 6.532245
v -1.093194 -0.833591 6.520064
v -1.054280 -0.868628 6.602290
v 0.439070 -1.342610 6.606021
v -0.949889 -1.008522 6.589000
v 0.276794 -1.390337 6.582432
v -0.889463 -1.052027 6.564853
v 0.036824 -1.412677 6.618293
v 0.178457 -1.395192 6.618066
v 0.083839 -1.418954 6.523676
v -0.578342 -1.282930 6.597444
v -0.486453 -1.344017 6.549453
v -0.451973 -1.352015 6.525682
v -0.405122 -1.361241 6.572697
v -0.314715 -1.388538 6.572220
v -0.336681 -1.379291 6.548749
v -0.250008 -1.380762 6.642941
v -0.118157 -1.431427 6.512302
v -0.247238 -1.409649 6.548248
v -0.021795 -1.439208 6.476564
v -0.022994 1.897686 6.505378
v 0.066455 1.907051 6.481612
v 0.151702 1.902871 6.469544
v 0.289205 1.867931 6.468876
v 0.397371 1.817820 6.503569
v 0.510602 1.754749 6.455504
v -0.113763 1.884935 6.481902
v 0.774807 1.485299 6.535105
v 0.845653 1.393286 6.557732
v 0.880473 1.463936 6.595068
v 0.915863 1.380648 6.545630
v 0.885190 1.400797 6.566168
v 1.010810 1.367567 6.557069
v 1.040869 1.346740 6.462372
v 0.972541 1.363940 6.557139
v 1.028188 1.344556 6.533213
v 0.908576 1.319618 6.462491
v 1.072691 1.290188 6.485408
v 1.117258 1.234609 6.520224
v -0.506214 1.678141 6.551991
v 1.128376 1.213570 6.472794
v 1.148684 1.157215 6.531276
v 1.146558 1.170720 6.472375
v -0.621168 1.603323 6.504432
v -0.667875 1.538826 6.551219
v 1.165942 1.078084 6.459719
v 1.169690 1.039135 6.542006
v -0.673176 1.562503 6.480609
v -0.717765 1.576895 6.551681
v -0.739092 1.588573 6.504619
v -0.752898 1.582817 6.575434
v 1.198143 0.943827 6.505692
v 1.206590 0.866735 6.528614
v -0.845386 1.487216 6.480419
v -0.884604 1.450861 6.539232
v 1.246884 0.781428 6.527770
v 1.228453 0.801903 6.504386
v -0.917060 1.362172 6.526749
v 1.277359 0.634539 6.467397
v 1.298818 0.528600 6.490034
v -1.029665 1.224465 6.514054
v -1.046716 1.192433 6.549238
v -1.125709 1.031768 6.536257
v 1.296938 0.393250 6.465261
v 1.307490 0.278369 6.487850
v -1.173236 0.947640 6.547462
v 1.330178 0.110351 6.486339
v -1.195071 0.843139 6.546618
v -1.158312 0.919111 6.429129
v -1.185176 0.853043 6.464045
v 1.316550 -0.033399 6.426112
v -1.245212 0.636267 6.533160
v -1.256871 0.541030 6.520565
v 1.302248 -0.202514 6.471908
v -1.268582 0.483118 6.484682
v -1.280603 0.474068 6.543659
v 1.282196 -0.345068 6.517949
v 1.295397 -0.274974 6.518519
v -1.275130 0.398462 6.495772
v -1.297102 0.269071 6.518324
v 1.266848 -0.426861 6.517284
v 1.228739 -0.550988 6.516314
v -1.312329 0.138108 6.470015
v -1.312018 0.211800 6.529674
v 1.224255 -0.586610 6.504213
v 1.201751 -0.641216 6.480192
v 1.178174 -0.708135 6.491482
v 1.134858 -0.780847 6.455556
v -1.307315 -0.086405 6.491672
v -1.317207 -0.133066 6.526710
v 1.097351 -0.818631 6.467134
v 1.058212 -0.905401 6.478294
v -1.308583 -0.172355 6.455520
v -1.291368 -0.239650 6.454893
v -1.288892 -0.339797 6.501239
v 0.972544 -1.002271 6.489491
v 1.017295 -0.966769 6.477873
v -1.273993 -0.381428 6.477231
v 0.883328 -1.098026 6.500707
v -1.270098 -0.451552 6.488420
v -1.244435 -0.486744 6.417220
v -1.228370 -0.544384 6.487507
v 0.843867 -1.121898 6.394363
v 0.768813 -1.196993 6.358502
v 0.582243 -1.289675 6.488050
v 0.705364 -1.227345 6.464650
v -1.118757 -0.795051 6.414223
v 0.542154 -1.324278 6.440639
v 0.419661 -1.373888 6.499562
v 0.477763 -1.365512 6.393236
v -1.061860 -0.890884 6.495876
v -1.005591 -0.949003 6.554247
v -0.943131 -1.024747 6.494403
v 0.286908 -1.402673 6.511471
v -0.860641 -1.115281 6.422575
v -0.819792 -1.144171 6.504849
v 0.219061 -1.421028 6.476077
v 0.173743 -1.408547 6.523526
v -0.769356 -1.179093 6.421781
v -0.700237 -1.236109 6.503736
v -0.616862 -1.285537 6.491282
v -0.584317 -1.299484 6.455661
v -0.541630 -1.322536 6.537981
v -0.441352 -1.356578 6.466592
v -0.353447 -1.391420 6.442448
v -0.283526 -1.406183 6.501157
v -0.178819 -1.427168 6.488891
v -0.250211 -1.417274 6.441949
v 0.041596 -1.433997 6.452831
v 0.020289 1.919459 6.375601
v 0.105804 1.915321 6.410751
v 0.200594 1.902143 6.398580
v 0.442172 1.804510 6.408897
v 0.391900 1.842776 6.326730
v -0.256542 1.848047 6.422941
v 0.636874 1.640836 6.442380
v 0.724917 1.563707 6.347041
v 0.789245 1.481673 6.416989
v -0.334435 1.814160 6.411051
v 0.853631 1.380733 6.474969
v 0.977303 1.372875 6.427353
v 1.008562 1.363357 6.385660
v -0.497502 1.730022 6.328127
v 0.903556 1.304685 6.403352
v 0.944270 1.296651 6.426783
v 0.996178 1.317524 6.415020
v 0.994462 1.318061 6.415528
v 0.995185 1.320365 6.415048
v 1.014300 1.324103 6.426833
v 1.011319 1.332102 6.426910
v 1.009280 1.325729 6.420781
v 1.009317 1.325608 6.434859
v 1.042377 1.303164 6.391164
v 1.065947 1.283000 6.438146
v 1.040098 1.266640 6.405770
v 1.094848 1.243860 6.414121
v 1.120103 1.204535 6.378301
v -0.576989 1.651842 6.433906
v 1.141901 1.148080 6.389560
v -0.675488 1.555763 6.445144
v -0.679954 1.560877 6.386177
v 1.163523 0.990738 6.388144
v -0.781288 1.542544 6.480725
v -0.804199 1.500378 6.464906
v -0.756267 1.534863 6.455333
v -0.706423 1.519251 6.444911
v -0.701437 1.590658 6.480928
v 1.186748 0.907287 6.387361
v -0.903215 1.370647 6.467762
v -0.826293 1.482739 6.444916
v -0.842773 1.389297 6.396934
v -0.752969 1.459654 6.444521
v -0.774778 1.429672 6.408906
v 1.236903 0.771209 6.445076
v 1.211776 0.865929 6.422348
v 1.254081 0.704019 6.432645
v -0.963164 1.315640 6.420228
v -0.979928 1.259503 6.360764
v 1.274490 0.562204 6.336928
v 1.254642 0.654526 6.408607
v -1.030459 1.212984 6.431325
v 1.281851 0.534401 6.431107
v 1.297632 0.430248 6.453774
v 1.277938 0.474494 6.336162
v 1.296940 0.381703 6.358920
v 1.285044 0.410657 6.300179
v 1.292451 0.345622 6.405838
v -1.109334 1.064291 6.465666
v -1.086216 1.082498 6.371325
v -1.106258 1.038849 6.430024
v 1.298289 0.307120 6.346467
v 1.324705 0.174593 6.404276
v -1.147472 0.977206 6.476820
v -1.159530 0.919863 6.381920
v -1.177609 0.888153 6.417109
v 1.319167 0.077796 6.344431
v -1.209521 0.786917 6.404515
v -1.212191 0.738167 6.415905
v 1.310866 -0.006767 6.414551
v -1.235508 0.671258 6.415390
v 1.312963 -0.106795 6.460901
v -1.237782 0.634757 6.426885
v -1.253019 0.590054 6.426540
v 1.301046 -0.226518 6.424486
v -1.251725 0.564619 6.461731
v -1.262116 0.457068 6.390003
v -1.242422 0.562334 6.379055
v 1.301229 -0.288358 6.412146
v -1.280264 0.400447 6.448586
v 1.295894 -0.286310 6.364960
v 1.277704 -0.392143 6.387703
v 1.232985 -0.401470 6.458570
v 1.226080 -0.401192 6.458591
v 1.232094 -0.404298 6.458548
v 1.232472 -0.403292 6.469804
v -1.286369 0.266427 6.423835
v -1.278107 0.326161 6.365306
v 1.249595 -0.507411 6.434002
v 1.262776 -0.424108 6.328444
v -1.292499 0.231693 6.364529
v 1.215845 -0.571311 6.468954
v 1.234966 -0.526820 6.339436
v -1.297277 0.134473 6.328288
v -1.304464 0.123625 6.422650
v 1.186700 -0.697709 6.397112
v 1.202585 -0.628276 6.374060
v -1.315025 0.027765 6.445460
v 1.132668 -0.779514 6.372941
v -1.308704 -0.109981 6.397035
v -1.307683 -0.036237 6.421278
v 1.093987 -0.841402 6.348901
v 1.037178 -0.910325 6.372066
v 1.019883 -0.959742 6.418904
v -1.286854 -0.277735 6.395528
v -1.288363 -0.311632 6.407044
v -1.302270 -0.186073 6.372752
v 0.976715 -1.002848 6.395037
v -1.263089 -0.371567 6.359241
v -1.259476 -0.409921 6.370705
v 0.958918 -1.034279 6.383009
v 0.902093 -1.090729 6.394477
v -1.221414 -0.545838 6.393039
v -1.187537 -0.659970 6.427378
v 0.719598 -1.230998 6.358339
v -1.154611 -0.712808 6.438638
v 0.651599 -1.264914 6.429056
v 0.608677 -1.295076 6.358082
v -1.094832 -0.835766 6.342979
v -1.092311 -0.846635 6.425512
v 0.571011 -1.332259 6.298838
v -1.045447 -0.915952 6.412983
v -0.964707 -1.011639 6.317505
v 0.321022 -1.410622 6.416874
v 0.402418 -1.387933 6.416853
v -0.876663 -1.086346 6.352039
v 0.151471 -1.437558 6.381680
v 0.191836 -1.427677 6.405266
v 0.402135 -1.386008 6.251605
v 0.277500 -1.428717 6.286983
v -0.702509 -1.241511 6.397453
v -0.659654 -1.260396 6.267326
v -0.618024 -1.287816 6.408633
v -0.555806 -1.325428 6.372729
v -0.501265 -1.349333 6.407790
v -0.226183 -1.418159 6.359245
v -0.168391 -1.430524 6.323569
v -0.048608 -1.444547 6.405762
v -0.108082 -1.435302 6.311563
v 0.014548 -1.439072 6.323008
v -0.400111 -1.381600 6.395438
v -0.297429 -1.409219 6.394926
v 0.293388 1.883839 6.315542
v 0.156118 1.919719 6.304414
v -0.148325 1.895500 6.340429
v -0.063397 1.911448 6.363950
v -0.039654 1.928023 6.234179
v 0.477739 1.801575 6.290731
v 0.556666 1.737415 6.313576
v -0.200952 1.886181 6.305076
v -0.271374 1.859041 6.305029
v 0.681741 1.623907 6.300458
v 0.792528 1.493752 6.322648
v -0.390074 1.796080 6.328411
v -0.326857 1.840650 6.269604
v 0.833411 1.437246 6.310246
v 0.879928 1.348563 6.344770
v 0.866849 1.387043 6.262505
v 0.920254 1.281129 6.285058
v 0.998569 1.292197 6.392327
v 0.987792 1.258191 6.379117
v 1.023944 1.333895 6.368526
v 0.963102 1.258584 6.367382
v 0.994458 1.318071 6.414344
v 1.063219 1.222620 6.378609
v 1.098663 1.217479 6.366665
v -0.636745 1.609239 6.374674
v -0.578244 1.691020 6.221765
v 1.000061 1.219762 6.307924
v 1.063218 1.183921 6.342860
v 1.035390 1.175359 6.272033
v 1.016327 1.231310 6.355199
v 1.090330 1.152473 6.321568
v 1.112844 1.108096 6.342073
v 1.137926 1.075359 6.353528
v 1.147829 1.019499 6.388433
v 1.154571 0.963721 6.305302
v -0.723942 1.513404 6.315056
v 1.175616 0.939925 6.328649
v -0.800507 1.396150 6.349661
v 1.233821 0.782274 6.350741
v 1.190273 0.841695 6.280544
v -0.884366 1.365641 6.349621
v -0.822734 1.365669 6.302239
v -0.812181 1.380584 6.278730
v -0.797843 1.399900 6.396905
v 1.244183 0.707688 6.361876
v 1.227982 0.688773 6.267318
v -0.887312 1.329804 6.302102
v -0.918514 1.339352 6.337681
v -0.944183 1.334690 6.384928
v -0.925559 1.304628 6.313791
v -0.994910 1.202713 6.313096
v -1.034390 1.164503 6.336480
v -1.054484 1.146574 6.395402
v -1.120589 0.994412 6.358850
v -1.099649 1.050063 6.312057
v -1.156218 0.919464 6.299276
v 1.299883 0.220637 6.263084
v -1.188281 0.830283 6.334005
v 1.311020 0.130230 6.297688
v -1.201247 0.747832 6.321523
v 1.314296 0.055684 6.202599
v 1.320269 0.015666 6.332088
v 1.327670 -0.073197 6.319496
v -1.225741 0.668552 6.368123
v 1.316762 -0.156020 6.271592
v -1.228021 0.632603 6.308795
v -1.238654 0.599102 6.273119
v -1.253175 0.516589 6.331469
v 1.296187 -0.273383 6.282438
v -1.271026 0.422932 6.366122
v -1.260461 0.395500 6.283225
v -1.283589 0.291223 6.305995
v -1.305545 0.099951 6.328012
v 1.181456 -0.682671 6.267406
v 1.222253 -0.584599 6.327166
v -1.308717 0.038891 6.351102
v 1.132224 -0.766631 6.325834
v 1.168154 -0.728443 6.326068
v -1.299728 -0.012519 6.232588
v -1.303783 -0.049011 6.314916
v -1.307543 -0.097052 6.279098
v -1.297833 -0.162260 6.313922
v -1.280681 -0.204601 6.289902
v 1.073868 -0.871732 6.289669
v 1.017623 -0.940648 6.289224
v 0.988577 -0.979150 6.336187
v -1.277517 -0.255005 6.277654
v 0.945160 -1.016468 6.241544
v -1.250309 -0.412072 6.276225
v -1.257526 -0.347188 6.182367
v 0.855433 -1.111876 6.229155
v 0.926830 -1.060657 6.300234
v -1.213901 -0.545165 6.310392
v 0.802668 -1.157416 6.264317
v -1.178816 -0.669353 6.297422
v -1.141738 -0.748715 6.332051
v 0.681739 -1.255561 6.275596
v 0.615912 -1.296615 6.251805
v 0.766575 -1.195461 6.252279
v -1.072597 -0.842340 6.260231
v -1.035092 -0.920752 6.318478
v 0.511554 -1.354138 6.322416
v -0.812332 -1.156754 6.327650
v -0.879751 -1.094741 6.269343
v 0.075016 -1.443948 6.346415
v 0.187046 -1.439662 6.216302
v -0.754694 -1.208104 6.244421
v -0.598811 -1.304195 6.337612
v -0.544101 -1.325539 6.254650
v 0.073604 -1.446213 6.216547
v -0.480128 -1.359800 6.348621
v -0.401610 -1.384946 6.312780
v 0.216682 1.916762 6.233398
v 0.122165 1.931208 6.221971
v 0.345181 1.892936 6.209241
v 0.416655 1.843799 6.267649
v -0.130867 1.912853 6.269705
v 0.035863 1.932243 6.222210
v 0.492095 1.808877 6.231733
v 0.560166 1.749540 6.254648
v 0.632670 1.705495 6.206857
v -0.203634 1.918782 6.199122
v -0.256926 1.907349 6.163752
v 0.777726 1.536933 6.228623
v 0.735517 1.599797 6.205670
v -0.399206 1.807652 6.254217
v 0.817007 1.499617 6.169173
v -0.490493 1.749648 6.269255
v 0.920677 1.283683 6.214251
v 0.943451 1.238909 6.166585
v -0.631035 1.633206 6.245015
v 1.073406 1.108781 6.259552
v -0.651553 1.628026 6.150588
v -0.688714 1.564831 6.232774
v 1.024672 1.143742 6.130133
v 1.088024 1.067802 6.247355
v 1.131334 1.040676 6.306029
v 1.137412 0.990090 6.199334
v 1.148914 0.936509 6.257863
v 1.171832 0.901237 6.269302
v -0.750174 1.473081 6.196731
v 1.199072 0.809619 6.221220
v -0.883574 1.328995 6.254866
v -0.822605 1.359761 6.195946
v 1.212719 0.718790 6.208595
v -0.898549 1.308869 6.266537
v -0.918944 1.278531 6.219111
v 1.229049 0.627115 6.195955
v -0.960852 1.241858 6.266124
v -0.975725 1.197317 6.230366
v 1.255798 0.539267 6.254148
v 1.245732 0.510855 6.147688
v -1.018231 1.148823 6.230061
v 1.267954 0.379649 6.205521
v -1.098418 1.025384 6.252817
v -1.069823 1.054152 6.170357
v 1.291473 0.260751 6.180822
v 1.294031 0.306767 6.263843
v -1.119860 0.933963 6.145844
v 1.285127 0.238578 6.145232
v 1.311878 0.167337 6.238983
v -1.179565 0.828276 6.239527
v -1.190708 0.757717 6.215339
v 1.303473 -0.015066 6.190212
v 1.323256 -0.009564 6.272840
v 1.324406 -0.046774 6.237101
v -1.200843 0.674652 6.167430
v -1.196080 0.624020 6.119761
v 1.293055 -0.147452 6.130074
v 1.301687 -0.212596 6.200316
v -1.232188 0.547843 6.237247
v -1.249361 0.466716 6.224787
v 1.280200 -0.305108 6.234988
v -1.243485 0.378977 6.129577
v 1.251674 -0.431975 6.198555
v 1.261428 -0.385270 6.163518
v -1.271932 0.288105 6.235109
v -1.266085 0.335947 6.211898
v 1.252363 -0.469594 6.233642
v -1.290859 0.195064 6.234357
v 1.223237 -0.559516 6.244748
v 1.227102 -0.547805 6.174010
v -1.283392 0.131390 6.162959
v -1.295080 0.063691 6.197820
v 1.173340 -0.692031 6.208323
v 1.141859 -0.744087 6.219762
v 1.136669 -0.767570 6.266792
v -1.289434 -0.077544 6.220195
v -1.297868 -0.173888 6.219385
v 1.068271 -0.857043 6.218983
v 1.117714 -0.797991 6.172142
v 0.998275 -0.944919 6.135778
v 1.041310 -0.885128 6.147985
v -1.282400 -0.289764 6.171124
v 0.888101 -1.059918 6.182298
v 0.972837 -0.987779 6.206304
v -1.238305 -0.463241 6.181313
v -1.187099 -0.579368 6.132957
v -1.223112 -0.492382 6.110194
v 0.742718 -1.199772 6.181478
v 0.711767 -1.214869 6.193235
v -1.133893 -0.721177 6.178808
v 0.644364 -1.280274 6.192850
v -1.089092 -0.815316 6.213290
v -1.052873 -0.856893 6.177418
v -1.020687 -0.904654 6.212337
v 0.554136 -1.338861 6.239802
v 0.459675 -1.370535 6.180758
v -0.978881 -0.934710 6.082114
v -0.943626 -1.021677 6.222925
v -0.881047 -1.084648 6.198599
v -0.822149 -1.146206 6.186113
v 0.282945 -1.408800 6.133680
v -0.681296 -1.249107 6.184849
v -0.550893 -1.305991 6.148595
v -0.573210 -1.299675 6.231342
v -0.238656 -1.416246 6.229444
v -0.048716 -1.441864 6.228716
v -0.167471 -1.423970 6.111141
v -0.059613 -1.435757 6.146165
v 0.013741 -1.440019 6.228565
v 0.076946 -1.433783 6.110405
v -0.488288 -1.343183 6.159912
v -0.432147 -1.362207 6.206817
v -0.318292 -1.393234 6.182636
v 0.185172 1.936008 6.151016
v 0.013671 1.941376 6.163324
v 0.255881 1.924351 6.174336
v 0.344954 1.933474 6.095091
v 0.277816 1.956731 6.056510
v 0.475382 1.876330 6.078899
v 0.557442 1.822724 6.066413
v -0.184005 1.951260 6.128522
v -0.136079 1.978335 6.069606
v -0.083903 1.945915 6.163624
v 0.635689 1.756606 6.077438
v 0.684260 1.728046 6.041648
v 0.787179 1.621485 6.028649
v -0.268155 1.928622 6.081333
v 0.779180 1.582669 6.122772
v -0.473379 1.807148 6.139855
v -0.424088 1.853872 6.092908
v 0.822839 1.525419 6.086748
v -0.557427 1.759727 6.092451
v 0.894589 1.351624 6.144079
v -0.614582 1.703563 6.080314
v 0.955786 1.201095 6.071789
v 1.117414 1.005144 6.175907
v 1.069928 1.052058 6.105611
v -0.698436 1.556068 6.161896
v 1.148710 0.924935 6.163327
v 1.119337 0.973361 6.092995
v -0.748611 1.498628 6.031683
v -0.795632 1.401412 6.113601
v 1.180109 0.850735 6.162602
v 1.167540 0.851330 6.091813
v 1.187388 0.814125 6.115048
v 1.214609 0.682081 6.078422
v 1.197556 0.749233 6.090850
v -0.895832 1.296374 6.171985
v -0.862995 1.298870 6.112895
v 1.226943 0.603855 6.089518
v -0.945020 1.213135 6.135983
v -1.005385 1.108575 6.111632
v 1.246642 0.400022 6.040486
v 1.268683 0.318189 6.122355
v -1.167942 0.788410 6.121105
v 1.294038 0.087732 6.084883
v 1.308245 0.107365 6.167646
v -1.175864 0.728938 6.132419
v 1.290265 0.014762 6.072458
v 1.303196 -0.055132 6.142648
v 1.300025 -0.050277 6.083675
v -1.223083 0.570277 6.166588
v -1.213038 0.518259 6.083479
v -1.206524 0.578084 6.083979
v -1.227703 0.509857 6.166079
v -1.234304 0.475086 6.130383
v 1.270141 -0.288369 6.081699
v 1.262663 -0.372733 6.092795
v -1.249974 0.319052 6.140882
v 1.234247 -0.475161 6.091986
v -1.272322 0.251746 6.152164
v -1.265544 0.163355 6.104164
v 1.179392 -0.631416 6.126198
v 1.202705 -0.589072 6.102891
v 1.161419 -0.687634 6.125761
v 1.156467 -0.660956 6.078785
v -1.261912 0.014079 6.055649
v -1.286849 -0.028121 6.126178
v 1.091308 -0.813875 6.101247
v -1.295598 -0.211359 6.171837
v -1.281137 -0.227736 6.100829
v -1.250807 -0.344523 6.111544
v -1.242073 -0.401277 6.146445
v 0.815773 -1.123128 6.099312
v 0.871795 -1.066517 6.099651
v 0.939671 -1.012725 6.111740
v 0.777060 -1.160716 6.134505
v -1.157932 -0.625215 6.073460
v 0.732654 -1.208519 6.122406
v 0.679991 -1.248098 6.122205
v -1.126976 -0.696836 6.072757
v 0.556744 -1.313735 6.086552
v 0.655281 -1.247164 6.075060
v -1.088224 -0.783747 6.130928
v -1.043361 -0.859286 6.071133
v 0.432577 -1.365306 6.098242
v 0.542862 -1.330690 6.169075
v -0.923681 -0.994202 6.022430
v 0.362968 -1.389868 6.098216
v 0.481695 -1.339239 6.039314
v -0.888845 -1.042395 6.116359
v -0.848231 -1.110126 6.127470
v 0.194247 -1.414163 6.063043
v -0.797797 -1.145254 6.056205
v -0.801495 -1.158210 6.126931
v -0.687007 -1.225121 6.019805
v -0.624975 -1.266147 6.149137
v -0.507274 -1.323058 6.053895
v -0.383904 -1.364990 6.135837
v -0.248799 -1.406528 6.075741
v -0.020836 -1.429098 6.063487
v 0.144680 1.959891 6.033284
v 0.415928 1.923874 6.047420
v -0.228832 1.978668 6.010833
v -0.170389 1.988089 6.022563
v 0.033225 1.966599 6.021834
v -0.350262 1.917899 6.010632
v 0.823261 1.567269 6.016280
v -0.473931 1.845274 6.033944
v 0.881524 1.397777 6.061880
v 0.916191 1.308250 6.072819
v -0.649785 1.665331 6.056468
v -0.708848 1.572734 6.032217
v 1.003615 1.118389 6.000119
v 1.043259 1.058422 5.999495
v 1.168150 0.775673 6.032135
v 1.114024 0.862985 5.985815
v 1.152407 0.850257 6.068235
v 1.106963 0.914524 6.009888
v -0.786871 1.423955 6.042944
v -0.851369 1.308138 6.042117
v -0.920139 1.218045 6.088741
v -0.889542 1.245813 6.053484
v -0.930278 1.160098 5.993831
v -0.963834 1.108420 6.040692
v 1.208244 0.511571 5.982530
v -1.083996 0.972725 6.075255
v -1.055704 0.976837 5.992583
v 1.274773 0.249844 6.015506
v 1.258396 0.322072 6.039782
v 1.284126 0.165287 6.061970
v -1.121966 0.812349 5.955925
v 1.274494 0.057497 5.990237
v -1.180842 0.632424 6.013552
v -1.141053 0.768398 6.014620
v -1.159424 0.675366 5.990256
v 1.286481 -0.219172 6.070448
v 1.279533 -0.167566 6.023694
v -1.216018 0.420842 6.000014
v -1.196257 0.464488 5.953119
v 1.254125 -0.294782 5.963641
v -1.237270 0.303138 6.081686
v 1.249505 -0.417629 6.033419
v -1.238093 0.254357 6.022244
v -1.231473 0.079391 5.973498
v -1.251776 0.072764 6.056128
v -1.251916 0.122400 6.044751
v 1.105937 -0.743219 5.971968
v 1.133432 -0.652599 5.937263
v 1.190897 -0.547034 5.949827
v -1.246111 0.009565 5.996543
v -1.258682 -0.048811 6.055096
v -1.231720 -0.130906 5.971683
v -1.278987 -0.129136 6.066261
v 1.056282 -0.839420 6.030293
v -1.241335 -0.202405 6.006505
v 1.012488 -0.897761 6.018101
v -1.234895 -0.315807 6.005508
v -1.244533 -0.325609 6.064473
v -1.242667 -0.375420 6.028624
v -1.228673 -0.429234 6.016317
v -1.214146 -0.458741 6.039632
v 0.807855 -1.119990 6.016727
v 0.840259 -1.068043 5.981676
v 0.774012 -1.146554 6.028393
v 0.679309 -1.228021 6.016138
v 0.737710 -1.184533 6.016357
v -1.139143 -0.655327 6.002322
v -1.051627 -0.811209 6.036156
v -1.067657 -0.782709 5.989226
v 0.617748 -1.270607 6.027739
v -1.023057 -0.802516 5.906304
v 0.522312 -1.314319 5.992202
v -0.990706 -0.891842 5.976274
v 0.277656 -1.398659 6.027539
v 0.353509 -1.378989 6.003898
v -0.879360 -1.050565 6.057240
v 0.134966 -1.404307 5.968849
v 0.196191 -1.406376 5.968668
v -0.613754 -1.267191 5.995638
v -0.540525 -1.310143 6.018681
v -0.405526 -1.356637 6.006115
v -0.293234 -1.388429 5.958323
v -0.201341 -1.412217 6.028699
v -0.015043 -1.408682 5.945602
v -0.078522 -1.414374 5.981135
v -0.106305 -1.425420 6.063746
v 0.083294 -1.411198 5.968927
v 0.476224 1.920123 5.973034
v 0.411678 1.951150 5.961669
v 0.293190 1.967670 5.973933
v 0.466610 1.929699 5.925923
v -0.107148 1.992823 5.998826
v -0.083301 1.990965 5.939723
v 0.083332 1.969736 5.950900
v 0.167596 1.962228 5.950611
v 0.255520 1.966548 5.938609
v 0.363539 1.956281 5.914623
v 0.610967 1.825923 5.971862
v 0.563313 1.882892 5.937066
v -0.289782 1.960917 5.987233
v -0.245845 1.985476 5.951913
v -0.182333 1.991277 5.916381
v 0.680006 1.792272 5.912364
v 0.733253 1.714752 5.958770
v 0.814286 1.613503 5.957680
v 0.758795 1.718071 5.911513
v -0.350596 1.943306 5.940024
v 0.848694 1.553538 5.909853
v 0.868403 1.475829 5.956347
v -0.543401 1.843500 5.892457
v -0.574801 1.816077 5.915915
v -0.430056 1.912992 5.857342
v -0.579985 1.779940 5.998249
v 0.935457 1.253696 5.942446
v 0.905115 1.362342 5.931660
v -0.637887 1.724103 5.974312
v -0.628822 1.771302 5.903867
v -0.666408 1.734002 5.856427
v 0.980273 1.123469 5.964812
v -0.723323 1.603238 5.879058
v -0.737872 1.545390 5.949426
v 1.040190 0.961046 5.904226
v 1.065003 0.916187 5.903773
v 1.076098 0.917066 5.950969
v -0.786336 1.462292 5.866205
v 1.103904 0.849176 5.891286
v 1.147944 0.753858 5.913955
v -0.827934 1.354810 5.971630
v 1.173636 0.720743 5.949014
v -0.911176 1.191854 5.911422
v 1.208578 0.511835 5.935312
v 1.187675 0.604290 5.888948
v -0.956927 1.094514 5.957921
v -0.986020 1.053898 5.993062
v 1.215412 0.410866 5.910813
v 1.220172 0.446308 5.934715
v -1.009255 0.975416 5.886204
v 1.257973 0.236500 5.920999
v 1.248212 0.314191 5.874476
v 1.243393 0.352281 5.945646
v -1.055463 0.952471 5.933348
v -1.084231 0.899653 5.932969
v 1.263504 0.172607 5.955847
v 1.273464 0.132163 5.979080
v 1.227205 -0.013044 5.836294
v 1.263622 -0.025521 5.965940
v -1.147727 0.684610 5.919477
v 1.251777 -0.170109 5.941113
v -1.179223 0.545658 5.965580
v -1.171922 0.506695 5.906201
v 1.237546 -0.276727 5.904817
v 1.235473 -0.400192 5.950975
v -1.203480 0.293696 5.928055
v -1.218356 0.174814 5.903459
v 1.117694 -0.647184 5.878329
v -1.208548 0.035509 5.914035
v -1.219429 -0.047783 5.925149
v 1.080362 -0.759549 5.924676
v -1.224386 -0.095722 5.924748
v -1.216825 -0.234227 5.923532
v -1.208406 -0.162352 5.888717
v 1.030051 -0.842710 5.924092
v 0.982571 -0.914569 5.947208
v -1.233947 -0.290988 5.958502
v -1.222204 -0.319067 5.911009
v 0.887326 -1.018730 5.934758
v -1.226644 -0.380096 5.981322
v -1.180447 -0.493180 5.921199
v -1.155122 -0.588147 5.967531
v -1.171897 -0.533365 5.968049
v 0.857620 -1.033453 5.875688
v 0.765542 -1.130776 5.934115
v -1.119374 -0.660908 5.919588
v 0.602865 -1.239882 5.862779
v 0.714732 -1.176655 5.933854
v -1.071457 -0.754467 5.930457
v 0.551962 -1.273448 5.874430
v -0.941831 -0.914345 5.857903
v 0.386316 -1.351991 5.921412
v -0.935081 -0.950191 5.928404
v -0.895527 -0.981781 5.928025
v -0.865717 -1.044518 5.939209
v 0.251217 -1.388021 5.921461
v 0.435955 -1.310636 5.827199
v -0.803034 -1.120764 5.950189
v -0.821462 -1.059770 5.856327
v -0.833435 -1.100013 5.985862
v 0.200176 -1.392712 5.909751
v -0.667031 -1.198153 5.854720
v -0.588091 -1.262477 5.889369
v -0.722949 -1.180645 5.937653
v -0.383828 -1.361516 5.946992
v -0.467930 -1.313187 5.888610
v -0.312776 -1.370470 5.875898
v -0.206795 -1.387814 5.887270
v -0.112952 -1.385769 5.863427
v 0.029392 -1.384259 5.874866
v 0.009459 1.971543 5.915699
v 0.079551 1.959342 5.856383
v 0.003047 1.952593 5.832920
v 0.202122 1.954980 5.891432
v 0.221056 1.937318 5.843891
v 0.264115 1.917256 5.820114
v 0.370249 1.938897 5.879041
v 0.522273 1.871674 5.866251
v 0.389900 1.884288 5.826626
v 0.528933 1.892218 5.901825
v 0.652108 1.811978 5.888998
v 0.653573 1.778136 5.841484
v 0.725349 1.730768 5.852688
v -0.282749 1.986987 5.904807
v -0.338250 1.952255 5.881045
v -0.234396 1.983745 5.881040
v -0.331153 1.913414 5.814014
v -0.208526 1.948990 5.822494
v -0.137891 1.976012 5.868912
v -0.074393 1.980762 5.892392
v 0.810208 1.645744 5.898947
v 0.778764 1.664999 5.828369
v 0.832720 1.600137 5.851274
v -0.538012 1.845459 5.845242
v 0.896803 1.427661 5.826005
v 0.867657 1.511271 5.803195
v -0.610574 1.803049 5.856874
v 0.935884 1.279233 5.824619
v 0.963536 1.171158 5.870831
v -0.723921 1.616261 5.820149
v 1.005952 1.046154 5.905052
v 0.986141 1.105628 5.799376
v 1.015295 1.006547 5.845662
v 1.044805 0.922914 5.856666
v -0.773037 1.508250 5.783934
v 1.129108 0.772817 5.843340
v -0.852665 1.310017 5.853262
v 1.157739 0.667635 5.818747
v 1.153591 0.702856 5.878085
v 1.173180 0.637870 5.830254
v 1.190255 0.518339 5.840980
v 1.192631 0.492657 5.864361
v -0.944073 1.115953 5.863635
v 1.204675 0.439457 5.852065
v 1.178454 0.458107 5.828687
v 1.205404 0.365069 5.839616
v -0.989159 0.994298 5.827291
v 1.233201 0.356252 5.863075
v 1.243854 0.254056 5.826751
v 1.260487 0.248359 5.885681
v -1.054781 0.903400 5.850290
v -1.008240 0.938525 5.815056
v 1.250398 0.214793 5.836387
v 1.310900 0.170886 5.849794
v 1.335074 0.247868 5.838259
v 1.268728 0.233829 5.829168
v 1.355320 0.194007 5.852407
v 1.363396 0.219907 5.837942
v 1.360123 0.130589 5.855783
v 1.378455 0.149617 5.849412
v 1.398640 0.143449 5.825383
v -1.057793 0.867408 5.826379
v -1.104492 0.844248 5.920740
v -1.102917 0.782337 5.861178
v 1.238984 0.144307 5.814012
v 1.250730 0.090740 5.860736
v 1.401078 0.043682 5.824515
v 1.319838 0.081517 5.840054
v 1.246222 0.017909 5.860119
v 1.215872 0.040483 5.777762
v 1.347120 0.011134 5.828800
v -1.137483 0.644904 5.836474
v 1.215797 -0.170400 5.844270
v -1.131902 0.606206 5.812515
v 1.207773 -0.080900 5.800345
v 1.199145 -0.239151 5.810807
v -1.155468 0.501975 5.847093
v -1.149353 0.537358 5.823773
v -1.161719 0.417409 5.834575
v 1.212963 -0.305653 5.845610
v -1.157327 0.478178 5.799673
v -1.189145 0.351518 5.869493
v 1.191703 -0.372841 5.797867
v 1.198954 -0.449743 5.844403
v -1.176784 0.286119 5.821677
v -1.176853 0.248937 5.831530
v -1.244388 0.270143 5.839152
v -1.276862 0.205950 5.860022
v -1.198084 0.218483 5.832954
v -1.259866 0.299903 5.821684
v -1.191784 0.201288 5.844594
v -1.188334 0.141255 5.820457
v 1.176359 -0.529254 5.843777
v -1.293416 0.075257 5.830615
v -1.242504 0.158135 5.843176
v -1.324196 0.134225 5.859824
v -1.368670 0.111283 5.836448
v -1.344974 0.029788 5.808026
v -1.317733 0.194077 5.858778
v -1.184703 0.102896 5.831921
v -1.214031 0.074635 5.878973
v -1.181058 0.039873 5.831367
v 1.140279 -0.579218 5.772614
v -1.187577 -0.044976 5.866065
v 1.093659 -0.701309 5.854316
v -1.186207 -0.107006 5.830112
v -1.169791 -0.074865 5.806736
v 0.994488 -0.830501 5.794441
v 1.050990 -0.774500 5.853798
v -1.179648 -0.158479 5.817846
v 0.963317 -0.893885 5.853001
v -1.191659 -0.278632 5.840449
v -1.188095 -0.376330 5.827792
v 0.879068 -0.967505 5.805372
v 0.920402 -0.918460 5.782075
v -1.153452 -0.551087 5.908823
v -1.146402 -0.552755 5.837962
v 0.784030 -1.073524 5.781100
v 0.704246 -1.160241 5.839587
v 0.727684 -1.117568 5.769065
v -1.117820 -0.611162 5.825577
v -1.069664 -0.688197 5.824783
v 0.648095 -1.191972 5.827658
v -1.032433 -0.774353 5.847549
v -0.984692 -0.850983 5.811347
v -0.901602 -0.919240 5.739708
v 0.378676 -1.330083 5.850793
v -0.835959 -1.026399 5.809435
v -0.882818 -0.979714 5.868986
v 0.301051 -1.345644 5.803648
v -0.780008 -1.084319 5.796981
v -0.756758 -1.129596 5.867356
v -0.054286 -1.374289 5.839761
v 0.102441 -1.387876 5.862835
v 0.154840 -1.378268 5.839170
v -0.702728 -1.153306 5.796179
v -0.493829 -1.276119 5.806367
v -0.589809 -1.227015 5.795241
v -0.453353 -1.304983 5.817815
v -0.339305 -1.335204 5.781835
v -0.280006 -1.342782 5.746198
v -0.177041 -1.370308 5.792904
v 0.209530 1.902122 5.761106
v 0.094430 1.930007 5.738044
v 0.303926 1.886809 5.800729
v 0.282493 1.819780 5.739534
v 0.371338 1.826066 5.783627
v 0.512584 1.841506 5.830603
v 0.574781 1.764380 5.802875
v -0.150634 1.936553 5.809581
v -0.108496 1.913777 5.773859
v -0.155313 1.883209 5.761340
v -0.066209 1.929961 5.785690
v 0.019271 1.927423 5.738222
v 0.262965 1.875229 5.765510
v 0.354260 1.772310 5.754899
v 0.425998 1.724934 5.759566
v 0.561084 1.682474 5.749833
v 0.452672 1.691826 5.754134
v 0.504223 1.737330 5.772385
v 0.631594 1.709679 5.762375
v 0.676141 1.732389 5.812384
v 0.691994 1.666103 5.737483
v 0.763857 1.619471 5.721773
v 0.809883 1.607224 5.792373
v -0.244731 1.874144 5.773218
v -0.353089 1.883317 5.798253
v -0.446053 1.862996 5.809609
v -0.477289 1.803702 5.773892
v -0.478841 1.873134 5.833519
v -0.396643 1.824008 5.773852
v -0.351366 1.771834 5.741343
v -0.266062 1.806786 5.750085
v 0.927802 1.314590 5.730508
v 0.884772 1.414148 5.707874
v -0.613472 1.791772 5.833175
v -0.571627 1.778926 5.790721
v -0.555806 1.712745 5.703416
v -0.620552 1.720302 5.761749
v -0.667085 1.709926 5.797197
v 0.954737 1.237000 5.717962
v -0.728549 1.593336 5.772745
v 1.015484 1.020334 5.656906
v 1.030703 0.952748 5.774328
v 0.979024 1.164056 5.658244
v -0.768208 1.507098 5.736692
v 1.138846 0.844614 5.752176
v 1.096012 0.826333 5.761258
v 1.152017 0.728972 5.766582
v 1.092500 0.933636 5.729963
v -0.816107 1.398335 5.747686
v 1.150067 0.841194 5.737727
v 1.126415 0.725973 5.783920
v 1.134465 0.746555 5.807685
v -0.854139 1.311862 5.676213
v -0.893056 1.237029 5.734693
v 1.099360 0.683817 5.748215
v 1.100510 0.683325 5.764885
v 1.102193 0.682833 5.760003
v 1.102939 0.691120 5.760073
v 1.164531 0.589049 5.747222
v 1.155442 0.740621 5.721581
v 1.164642 0.601113 5.782740
v 1.132904 0.667976 5.783401
v 1.162755 0.576773 5.806144
v 1.186498 0.421074 5.769322
v 1.180168 0.509507 5.793712
v -0.935740 1.138999 5.745766
v -0.979625 1.016508 5.768434
v 1.203894 0.343401 5.768605
v 1.149551 0.482481 5.734538
v 1.311122 0.330017 5.780008
v 1.274097 0.370650 5.721435
v 1.214957 0.339436 5.756737
v 1.278687 0.305218 5.803489
v 1.352517 0.294924 5.720572
v 1.379518 0.248929 5.767322
v 1.394539 0.201917 5.778680
v 1.338566 0.323881 5.744469
v 1.318294 0.274393 5.767704
v 1.325696 0.278250 5.767718
v 1.320051 0.280073 5.761847
v 1.321840 0.285651 5.767792
v 1.341337 0.308068 5.779738
v 1.372184 0.248421 5.802750
v -1.052900 0.866235 5.779137
v -1.002453 0.924787 5.755898
v 1.351510 0.183606 5.752954
v 1.333191 0.164532 5.764424
v 1.350168 0.258552 5.718409
v 1.405602 0.154000 5.778237
v 1.378207 0.150419 5.756585
v 1.412686 0.102178 5.789575
v -1.015249 0.879683 5.708324
v -1.097488 0.781088 5.802129
v 1.308899 0.135222 5.742919
v 1.341544 0.112360 5.769490
v 1.248007 0.129193 5.800634
v 1.241466 0.069596 5.772212
v 1.401959 0.068734 5.750346
v 1.406693 0.005541 5.727694
v 1.372336 0.053351 5.745050
v -1.111660 0.773635 5.743080
v -1.128360 0.655051 5.753905
v -1.110922 0.798061 5.755094
v 1.186969 -0.011923 5.730169
v 1.223643 0.013616 5.735272
v 1.231574 -0.050533 5.706107
v 1.273376 -0.101002 5.729170
v 1.280064 -0.004512 5.781772
v 1.381448 -0.036580 5.800395
v 1.415159 -0.022075 5.753082
v 1.410426 -0.008486 5.788626
v 1.408206 -0.081484 5.717174
v 1.322182 -0.067283 5.782459
v 1.345847 -0.148027 5.704961
v 1.350654 -0.094467 5.764433
v 1.395145 -0.077648 5.752656
v -1.123739 0.616563 5.741756
v -1.130128 0.544324 5.741149
v -1.127730 0.506261 5.764423
v 1.151674 -0.074785 5.694306
v 1.195179 -0.138718 5.788075
v 1.157975 -0.188329 5.716918
v 1.153625 -0.199518 5.740443
v -1.132310 0.458294 5.752217
v -1.130377 0.397114 5.798902
v 1.165728 -0.228170 5.751967
v -1.127982 0.407616 5.728158
v -1.161228 0.338846 5.774872
v -1.142535 0.399220 5.716320
v -1.145090 0.325825 5.798325
v 1.164058 -0.437836 5.726553
v 1.142618 -0.282299 5.691170
v -1.261387 0.325682 5.751416
v -1.268991 0.315425 5.786761
v -1.210976 0.384337 5.716374
v -1.208444 0.345834 5.790657
v -1.192332 0.278709 5.812732
v -1.342023 0.214577 5.797890
v -1.296710 0.262433 5.766316
v -1.336318 0.175866 5.770405
v -1.352030 0.203702 5.821433
v -1.260092 0.300641 5.736249
v -1.243941 0.233390 5.772986
v -1.228516 0.240991 5.762402
v -1.232306 0.192119 5.750185
v -1.235678 0.181510 5.744181
v -1.235645 0.181400 5.756891
v -1.242021 0.183460 5.750136
v -1.260170 0.176706 5.761931
v -1.294811 0.150382 5.775451
v -1.175400 0.215230 5.773842
v -1.176396 0.212155 5.768665
v -1.171407 0.210544 5.773791
v -1.176454 0.211883 5.773816
v 1.134643 -0.502365 5.667050
v -1.419015 0.066209 5.714182
v -1.364163 0.159855 5.773867
v -1.390455 0.130824 5.797296
v -1.173877 0.141666 5.761398
v -1.205239 0.158947 5.821402
v -1.211928 0.099827 5.737631
v -1.260215 0.063376 5.796366
v -1.164212 0.134029 5.773111
v 1.063888 -0.689970 5.712837
v 1.058641 -0.663786 5.630445
v 1.106534 -0.630100 5.725046
v -1.402953 0.085351 5.785132
v -1.417561 0.040818 5.737568
v -1.376175 0.048618 5.808352
v -1.305694 -0.002052 5.772314
v -1.294742 -0.022599 5.736693
v -1.146358 0.042427 5.689641
v -1.163057 -0.064058 5.735984
v 1.048777 -0.736035 5.771503
v -1.397201 0.021763 5.772040
v -1.348914 -0.021205 5.760459
v -1.172759 -0.147905 5.770700
v 0.989155 -0.791054 5.712164
v -1.159248 -0.250606 5.698949
v -1.178306 -0.232783 5.769981
v 0.901561 -0.874299 5.640851
v -1.159765 -0.324694 5.698311
v -1.151658 -0.451180 5.720806
v 0.830527 -1.001078 5.722579
v -1.134325 -0.518366 5.731985
v -1.114701 -0.574555 5.766861
v -1.098266 -0.599755 5.695772
v 0.665496 -1.159773 5.757062
v -1.026038 -0.763255 5.753190
v 0.538686 -1.256250 5.791981
v 0.551476 -1.210041 5.697908
v 0.562715 -1.239156 5.803870
v 0.458977 -1.255169 5.697765
v 0.601027 -1.176991 5.686257
v -0.985336 -0.790732 5.658408
v -0.915831 -0.884816 5.681020
v -1.006881 -0.806780 5.799982
v -0.835179 -0.982602 5.691765
v 0.186107 -1.356362 5.768447
v 0.247440 -1.317173 5.674185
v 0.334093 -1.315127 5.732996
v -0.763063 -1.068393 5.714441
v -0.636658 -1.136962 5.619075
v -0.100984 -1.363950 5.756169
v -0.000038 -1.357192 5.721718
v 0.097972 -1.360747 5.745035
v -0.587748 -1.178542 5.642194
v -0.519615 -1.238487 5.712323
v -0.384266 -1.279461 5.664391
v -0.258954 -1.313614 5.651957
v 0.847997 1.926890 5.671591
v 0.739663 1.936466 5.677357
v 0.852516 1.940545 5.712505
v 0.743278 1.947137 5.724657
v 0.837129 1.930776 5.724266
v 0.788352 1.893777 5.724076
v 0.923417 1.929902 5.712224
v 0.933761 1.924258 5.664928
v 0.906098 1.875706 5.664583
v 0.988609 1.862836 5.652448
v 0.884221 1.884027 5.711932
v 1.005575 1.916920 5.641065
v 1.019765 1.922077 5.676486
v 1.027249 1.867240 5.675992
v 0.997997 1.891789 5.703117
v 0.852312 1.900357 5.726053
v 1.047184 1.853158 5.604990
v 1.054830 1.874197 5.664174
v 1.053655 1.912005 5.664503
v 0.461252 1.956224 5.678270
v 0.327056 1.962567 5.666877
v 0.343208 1.973748 5.714149
v 0.440682 1.968091 5.725645
v 0.429907 1.934263 5.737701
v 0.579042 1.937266 5.678783
v 0.400123 1.919399 5.672193
v 0.567626 1.900828 5.689312
v 0.522895 1.954504 5.735334
v 0.621195 1.953049 5.689620
v 0.701115 1.892447 5.688884
v 0.604542 1.899758 5.712813
v 0.534773 1.913657 5.732792
v 0.586307 1.959551 5.725183
v 0.609381 1.914724 5.736539
v 0.797714 1.884815 5.688560
v 0.911967 1.894495 5.655968
v 0.243780 1.972806 5.690797
v 0.209116 1.967482 5.631820
v 0.229440 1.927263 5.690442
v 0.274032 1.912074 5.666582
v 0.280562 1.931940 5.717733
v 0.264882 1.962421 5.619823
v 0.340259 1.925941 5.663607
v 0.397119 1.909557 5.689842
v 0.400268 1.918931 5.726539
v -0.508577 2.019351 5.741144
v -0.385281 2.017909 5.740082
v -0.493416 2.028409 5.728656
v -0.422800 2.017473 5.692676
v -0.280637 1.997574 5.677944
v -0.486202 2.012728 5.686958
v -0.336915 2.015110 5.692710
v -0.238982 1.971606 5.739037
v -0.422040 1.979710 5.743473
v -0.208909 1.950230 5.678895
v -0.305975 1.956160 5.692119
v -0.217249 2.002363 5.678493
v -0.286924 2.016057 5.727999
v -0.205843 1.998344 5.733333
v -0.243401 1.957770 5.727380
v -0.136361 1.945204 5.656158
v -0.134949 1.989002 5.655867
v -0.166516 2.005635 5.715784
v -0.108100 1.955325 5.716257
v -0.119982 1.996189 5.716833
v -0.126086 1.938331 5.667876
v -0.072385 1.944273 5.691394
v -0.065729 1.979303 5.691679
v -0.070937 1.995371 5.680027
v -0.016715 1.914279 5.702791
v -0.014761 1.914124 5.643761
v -0.038264 1.896405 5.690889
v -0.055799 1.901649 5.726395
v -0.072477 1.845393 5.678736
v 0.106449 1.929479 5.702594
v 0.104278 1.963588 5.603418
v 0.057817 1.932241 5.702747
v 0.140995 1.921691 5.678825
v 0.202990 1.882128 5.715618
v 0.170822 1.898512 5.678546
v 0.282302 1.733421 5.712236
v 0.227579 1.775769 5.665529
v 0.222866 1.827778 5.689601
v 0.189791 1.862007 5.654570
v 0.636006 1.645561 5.734144
v -0.839553 2.031004 5.646969
v -0.822062 2.046242 5.706078
v -0.789017 2.034005 5.663518
v -0.664069 2.036671 5.729182
v -0.814931 2.029353 5.719456
v -0.620547 2.017488 5.740150
v -0.750895 1.996742 5.728812
v -0.617133 2.029173 5.690965
v -0.631208 1.983796 5.730132
v -0.541882 1.993158 5.683798
v -0.657919 1.978204 5.693248
v -0.691193 1.990726 5.676604
v -0.530467 1.989107 5.742326
v -0.510994 1.973189 5.692813
v -0.522706 1.974685 5.728271
v -0.402768 1.962978 5.704241
v -0.199158 1.822927 5.740009
v -0.109796 1.832175 5.706694
v 0.265902 1.689211 5.695802
v 0.218251 1.696226 5.629454
v 0.344214 1.701326 5.741079
v 0.378663 1.653214 5.758912
v 0.535458 1.641588 5.679473
v 0.480438 1.584576 5.689923
v 0.501737 1.652040 5.700802
v 0.460854 1.640206 5.695271
v 0.579984 1.664756 5.699046
v 0.460270 1.677398 5.710393
v 0.536664 1.683985 5.722936
v 0.584737 1.562551 5.662736
v 0.572805 1.642133 5.688637
v 0.629596 1.587505 5.639719
v 0.643264 1.630314 5.674971
v 0.528982 1.581779 5.675563
v 0.690161 1.583148 5.650828
v 0.712057 1.573475 5.686101
v 0.762519 1.459829 5.614157
v 0.760730 1.571046 5.674146
v 0.797632 1.569929 5.697647
v 0.825020 1.500309 5.661558
v -0.841718 1.984625 5.658379
v -0.874660 1.997306 5.693991
v -0.893300 1.978823 5.611248
v -0.871754 2.035066 5.694309
v -0.911687 1.998413 5.658684
v -0.157114 1.760397 5.712562
v -0.239418 1.773773 5.733668
v -0.283199 1.713282 5.736407
v -0.137564 1.704880 5.694449
v -0.256510 1.680125 5.736614
v -0.092383 1.765127 5.666290
v -0.111552 1.709216 5.675061
v 0.303254 1.611252 5.699321
v 0.289962 1.609147 5.652120
v 0.267221 1.615126 5.675841
v 0.267344 1.639038 5.723266
v 0.244966 1.659011 5.652670
v 0.300439 1.640813 5.746489
v 0.429863 1.620925 5.663653
v 0.386816 1.602324 5.651803
v 0.345969 1.629606 5.663951
v 0.522969 1.562896 5.662904
v 0.473762 1.563830 5.663043
v 0.442704 1.620955 5.722642
v 0.442392 1.621053 5.722644
v 0.442527 1.620834 5.722642
v 0.442578 1.620993 5.722834
v 0.551525 1.574611 5.684564
v 0.839081 1.427864 5.613677
v 0.891953 1.359759 5.624753
v 1.106710 1.412370 5.659271
v 1.067749 1.288405 5.671852
v 1.123424 1.307995 5.672712
v 1.125042 1.394310 5.648038
v 1.071645 1.497775 5.645294
v 1.130692 1.268597 5.670547
v -0.463354 1.770025 5.734231
v -0.455054 1.718022 5.719563
v -0.365553 1.726820 5.738706
v -0.308811 1.672349 5.671381
v -0.398906 1.700776 5.663899
v -0.343138 1.720030 5.701985
v -0.429187 1.722067 5.690425
v -0.298355 1.705042 5.701735
v -0.247830 1.669395 5.677684
v -0.199299 1.626809 5.688991
v -0.173616 1.629537 5.702490
v -0.151699 1.659699 5.710847
v -0.115562 1.611735 5.641418
v -0.117995 1.649300 5.683455
v 0.932897 1.294295 5.600469
v 1.070276 1.238393 5.635034
v 1.076757 1.198810 5.688353
v 1.117635 1.210662 5.692046
v -0.584263 1.622985 5.666687
v -0.629304 1.637178 5.665366
v -0.519485 1.676844 5.666667
v -0.451030 1.692429 5.664973
v -0.315730 1.649912 5.654087
v -0.199898 1.626076 5.620566
v -0.146632 1.598369 5.641386
v 1.131458 1.057606 5.716691
v 1.134261 1.168657 5.646066
v 1.090552 1.132457 5.704893
v 1.077976 1.074633 5.692623
v -0.689918 1.618667 5.725642
v -0.676267 1.577888 5.642622
v 1.139039 1.043236 5.666335
v 1.079868 1.051793 5.668811
v 1.141725 0.955288 5.726836
v -0.730250 1.557207 5.713415
v -0.704765 1.512887 5.606723
v -0.750278 1.477346 5.653755
v 1.095264 0.982725 5.671342
v 1.087809 0.910571 5.702984
v 1.091525 0.810401 5.702109
v 1.134507 0.871225 5.688889
v -0.801570 1.404482 5.665067
v 1.042954 0.895258 5.667558
v 1.059163 0.867321 5.714492
v 1.077558 0.827725 5.631468
v 1.148971 0.891315 5.702655
v 1.106193 0.781003 5.705764
v 1.082677 0.776614 5.631013
v -0.985649 1.291466 5.666780
v -1.020697 1.376817 5.659046
v -1.047766 1.211959 5.674376
v -0.900568 1.227847 5.628392
v 1.098825 0.719980 5.606873
v 1.133662 0.648726 5.688797
v 1.126444 0.687912 5.716471
v 1.109308 0.619914 5.605980
v 1.118040 0.480763 5.640169
v 1.112458 0.556679 5.652644
v -0.998361 1.146892 5.675173
v -1.065342 1.068888 5.686482
v -1.011307 1.051876 5.686192
v 1.136159 0.444718 5.651614
v 1.168447 0.402467 5.710187
v 1.179069 0.423988 5.639516
v -0.998086 1.122332 5.639546
v -1.022208 1.018520 5.642761
v -1.042049 0.875733 5.709936
v 1.225314 0.334637 5.662231
v 1.225686 0.335817 5.662241
v 1.220806 0.336850 5.662262
v 1.246331 0.279498 5.638089
v 1.289489 0.303034 5.638438
v 1.276302 0.269694 5.685144
v 1.225544 0.335352 5.663101
v 1.278366 0.368413 5.638772
v 1.254820 0.389243 5.650819
v 1.306592 0.356146 5.709418
v 1.237559 0.294055 5.712533
v 1.237599 0.293925 5.727602
v 1.227726 0.297086 5.720923
v -1.059995 1.055791 5.639136
v -1.084723 0.938772 5.697216
v -1.036214 0.855596 5.672759
v -1.016784 0.991909 5.662079
v -0.974371 1.028149 5.650474
v -0.990165 0.958595 5.685330
v 1.258764 0.238275 5.661310
v 1.290287 0.227799 5.731964
v 1.234692 0.284807 5.720798
v 1.285687 0.204681 5.708166
v 1.313969 0.146369 5.695783
v -1.022317 0.869901 5.661040
v -1.052175 0.805003 5.666717
v -1.098753 0.819348 5.708026
v -1.086514 0.892563 5.661407
v -1.103656 0.759275 5.674356
v -1.082468 0.825796 5.719843
v 1.295981 0.127549 5.613036
v 1.315910 0.071139 5.742347
v 1.330428 0.042831 5.612213
v -1.062729 0.721657 5.671673
v 1.292099 -0.093786 5.634744
v 1.324015 -0.016933 5.599909
v 1.388185 -0.052463 5.682064
v 1.320136 -0.033369 5.717824
v 1.409998 -0.061995 5.693728
v -1.086974 0.655000 5.676292
v -1.117772 0.639803 5.694722
v -1.112968 0.699981 5.718838
v 1.189513 -0.054179 5.658970
v 1.167218 -0.046782 5.682702
v 1.168009 -0.081956 5.587959
v 1.082540 -0.113975 5.576106
v 1.271066 -0.149497 5.693015
v 1.339365 -0.096568 5.670009
v 1.311316 -0.138369 5.622504
v 1.307678 -0.111270 5.660798
v 1.395138 -0.107573 5.598937
v 1.326839 -0.130223 5.730583
v 1.392948 -0.150378 5.645791
v -1.091985 0.569809 5.694049
v -1.118804 0.553425 5.703910
v 1.124582 -0.127671 5.634898
v 1.145438 -0.233605 5.681147
v 1.259786 -0.184518 5.645852
v 1.293980 -0.193829 5.645680
v 1.349054 -0.176335 5.657490
v -1.079445 0.516360 5.693554
v -1.070433 0.476767 5.645969
v -1.097428 0.425171 5.681010
v 1.114152 -0.247954 5.610279
v -1.095513 0.447721 5.622176
v -1.187422 0.402223 5.645638
v -1.220489 0.362858 5.680800
v 1.115904 -0.326647 5.621399
v -1.152780 0.368705 5.598038
v -1.146021 0.349855 5.656879
v -1.200320 0.334216 5.680499
v -1.176174 0.386583 5.610059
v -1.185466 0.301952 5.728882
v -1.099008 0.312513 5.644627
v -1.136367 0.262056 5.688394
v 1.132537 -0.439643 5.643988
v -1.217464 0.225597 5.703216
v -1.262498 0.137552 5.631748
v -1.156676 0.198513 5.631992
v -1.166162 0.205874 5.738323
v -1.168769 0.197633 5.735986
v -1.163336 0.195905 5.738230
v -1.168756 0.197593 5.740612
v 1.112456 -0.582005 5.666422
v -1.372418 0.101266 5.726165
v -1.300319 0.091267 5.643254
v -1.282233 0.122330 5.690692
v -1.302915 0.030209 5.642734
v -1.300843 0.053830 5.704144
v -1.151620 0.056548 5.678345
v -1.178227 0.089441 5.708734
v -1.216713 0.046744 5.654451
v -1.393046 0.075661 5.690585
v -1.430919 0.033293 5.654906
v -1.363898 0.050729 5.666683
v -1.318776 -0.001790 5.625649
v -1.331007 0.075501 5.730127
v -1.239911 0.034572 5.713431
v -1.282359 -0.062796 5.630071
v -1.134960 -0.047143 5.606205
v -1.140100 -0.058267 5.653340
v 0.971062 -0.797272 5.653136
v -1.399414 -0.023771 5.725157
v -1.424528 -0.030595 5.654337
v -1.399828 -0.063177 5.653990
v -1.376027 -0.066596 5.677507
v -1.312880 -0.062561 5.677373
v -1.141850 -0.186324 5.605021
v -1.155678 -0.140264 5.688088
v -1.137863 -0.182905 5.675868
v -1.120587 -0.224825 5.592827
v -1.105057 -0.303597 5.544887
v 0.910222 -0.826789 5.546801
v 0.813284 -0.932395 5.546149
v 0.766432 -1.017104 5.604565
v -1.124659 -0.471503 5.649731
v -1.111882 -0.375882 5.567890
v 0.726374 -1.052611 5.604365
v -1.090199 -0.556234 5.601693
v -1.037864 -0.681831 5.624074
v 0.669407 -1.075508 5.557100
v 0.592078 -1.124387 5.545080
v 0.559626 -1.174837 5.615559
v 0.428127 -1.232345 5.603608
v -0.899406 -0.870540 5.598467
v -0.832421 -0.947135 5.644845
v 0.270452 -1.281978 5.591795
v 0.361319 -1.269525 5.650684
v -0.793162 -0.964845 5.561955
v -0.793708 -1.007294 5.644222
v 0.174079 -1.313537 5.627193
v 0.107245 -1.329682 5.650842
v -0.697881 -1.055065 5.549117
v -0.531898 -1.197278 5.618275
v -0.410726 -1.244581 5.605739
v -0.300873 -1.288926 5.616868
v -0.168677 -1.301010 5.592802
v -0.068575 -1.337833 5.651240
v -0.023213 -1.310464 5.580528
v 0.994263 1.881143 5.632085
v 1.028931 1.870436 5.605187
v 1.034561 1.869216 5.534334
v 1.046449 1.890407 5.510877
v 1.039231 1.906507 5.605472
v 1.054616 1.837718 5.589648
v 1.130691 1.888175 5.569655
v 1.077152 1.908826 5.617195
v 1.104793 1.846645 5.592976
v 1.113662 1.831661 5.569212
v 0.149071 2.027560 5.585280
v 0.054039 2.039965 5.597446
v 0.170837 2.017678 5.608747
v 1.037825 1.719229 5.592054
v 1.036553 1.806345 5.581004
v 1.037396 1.744485 5.544541
v 1.042304 1.839071 5.522249
v 1.057179 1.688211 5.614071
v 1.102715 1.723457 5.603722
v 1.101407 1.711954 5.544559
v 1.106718 1.784531 5.545215
v 1.089680 1.752312 5.603762
v -0.075219 1.983791 5.561891
v -0.085994 1.988065 5.609176
v -0.050086 2.012331 5.585680
v -0.049107 1.986910 5.632067
v 0.050819 2.030161 5.572826
v -0.012748 2.024169 5.609292
v 0.036770 1.984703 5.621451
v 0.018346 1.965943 5.596902
v 0.037915 1.948852 5.632116
v 0.167714 1.968217 5.622283
v 0.111417 1.985947 5.621943
v 0.241703 1.967824 5.596323
v 0.212578 1.993636 5.573013
v 0.259591 1.946833 5.548875
v 0.187259 1.912717 5.602160
v 0.170805 1.939775 5.560855
v 0.173454 1.904735 5.595960
v 0.194425 1.934991 5.630588
v 0.274181 1.922341 5.619452
v 0.260021 1.902599 5.548492
v 0.244159 1.897421 5.572098
v 0.291621 1.929042 5.642826
v 1.047175 1.617090 5.616172
v 1.103502 1.599265 5.627562
v -0.115300 1.982994 5.632819
v -0.098418 1.966132 5.526387
v -0.107381 1.943651 5.597045
v -0.103836 1.930996 5.632339
v -0.046909 1.916489 5.561234
v -0.075016 1.906633 5.514007
v -0.021897 1.916760 5.593663
v -0.045111 1.862172 5.596175
v 0.000001 1.946980 5.595537
v -0.033685 1.957320 5.629637
v 0.204092 1.883267 5.524865
v 0.208251 1.770031 5.594704
v 1.108159 1.536322 5.576019
v 1.067927 1.487073 5.580606
v 1.061176 1.662706 5.549212
v 1.051245 1.504628 5.590165
v 1.113380 1.571783 5.578774
v 1.118722 1.495391 5.637124
v -0.036814 1.909411 5.551480
v -0.059860 1.817407 5.584023
v -0.057845 1.841079 5.641140
v -0.069357 1.782997 5.619165
v 0.211605 1.707099 5.594152
v 0.689832 1.504303 5.602930
v 1.066327 1.363616 5.606662
v 1.055453 1.490561 5.637250
v 1.058542 1.390495 5.648183
v 1.117809 1.409346 5.599065
v -0.964960 2.028481 5.541040
v -0.964233 2.029073 5.588262
v -0.925839 2.032693 5.611800
v -0.934796 2.005965 5.623398
v -0.980584 2.008373 5.576322
v -0.953561 1.962556 5.599464
v -0.869553 1.997800 5.623153
v -0.902143 1.958745 5.599294
v -0.933668 1.968621 5.605665
v -0.877625 2.028605 5.611636
v -0.066423 1.708192 5.571292
v -0.071597 1.697169 5.606626
v 0.244233 1.662647 5.522853
v 0.232038 1.662416 5.570102
v 0.323353 1.598292 5.592915
v 0.270661 1.627262 5.605110
v 0.447658 1.600248 5.580794
v 0.416646 1.620070 5.557439
v 0.384301 1.595146 5.604529
v 0.450913 1.570475 5.627748
v 0.487796 1.570926 5.556139
v 0.507411 1.554403 5.568435
v 0.610517 1.567233 5.580075
v 0.544215 1.553584 5.556525
v 0.567577 1.548769 5.580030
v 0.653243 1.546118 5.556170
v 0.739141 1.464795 5.578848
v 0.765371 1.430189 5.578479
v 0.824061 1.419865 5.590039
v 1.118956 1.247910 5.623181
v 1.125527 1.307716 5.623680
v -0.972205 1.807460 5.609979
v -0.966553 1.867923 5.563267
v -0.900091 1.958634 5.530546
v -0.896357 1.882672 5.598622
v -0.912796 1.838218 5.614848
v -0.078268 1.674794 5.571036
v -0.115686 1.637352 5.535399
v -0.138050 1.619274 5.582520
v 0.880270 1.363173 5.553985
v 0.934629 1.294394 5.517833
v 0.841895 1.398507 5.554392
v 0.970326 1.221189 5.528910
v -0.983201 1.736948 5.573985
v -0.918620 1.740996 5.621277
v -0.910802 1.763654 5.574022
v -0.898783 1.883798 5.552255
v -0.492888 1.638677 5.630853
v -0.401199 1.614862 5.664604
v -0.344909 1.597158 5.662080
v -0.457105 1.595111 5.630381
v -0.453976 1.604644 5.654064
v -0.326426 1.579489 5.594484
v -0.298369 1.628008 5.606633
v -0.338014 1.583413 5.559134
v -0.289219 1.618371 5.571111
v -0.322132 1.590145 5.641783
v -0.251991 1.617628 5.633267
v -0.237341 1.626118 5.559235
v -0.245175 1.600636 5.594450
v 1.114568 1.162552 5.637072
v -0.994918 1.616454 5.628523
v -0.939858 1.673337 5.632910
v -0.919412 1.778862 5.558413
v -0.934040 1.610003 5.584562
v -0.583773 1.586095 5.616365
v -0.581650 1.554099 5.583140
v -0.626571 1.529145 5.594850
v -0.487511 1.618065 5.536223
v -0.554126 1.562706 5.594947
v -0.488750 1.613321 5.583404
v -0.436232 1.583805 5.571204
v -0.410439 1.587515 5.547559
v 0.998849 1.150794 5.469203
v 1.025885 1.005422 5.562313
v -0.987978 1.639458 5.572236
v -1.001502 1.556998 5.583498
v -0.955186 1.468071 5.594746
v -0.943440 1.525970 5.631081
v -0.646208 1.506686 5.559294
v -0.684418 1.503039 5.571169
v -0.764979 1.445310 5.594495
v 1.041158 0.901336 5.596787
v -1.012242 1.461281 5.595292
v -1.006966 1.508752 5.642906
v 1.069847 0.805955 5.560473
v 1.047952 0.850341 5.513697
v -1.023777 1.427420 5.642249
v -1.027290 1.317387 5.611059
v -0.977499 1.276909 5.617217
v -0.964094 1.371505 5.641607
v -0.966679 1.409352 5.653745
v -0.820142 1.375868 5.617651
v -0.976841 1.276426 5.652624
v -0.898921 1.252998 5.510560
v -1.049372 1.168337 5.628275
v -1.002235 1.160875 5.625392
v 1.099582 0.526483 5.569785
v 1.083101 0.567025 5.511157
v -0.922395 1.185494 5.592671
v -0.970898 1.027607 5.579632
v -0.934776 1.153096 5.486182
v 1.131255 0.469858 5.569212
v 1.129454 0.426048 5.498012
v 1.175361 0.413624 5.556804
v 1.230884 0.392843 5.591891
v 1.225769 0.323557 5.579502
v 1.162565 0.293937 5.581811
v 1.189611 0.322934 5.532374
v 1.209829 0.366068 5.532693
v 1.252271 0.364621 5.591590
v -0.992477 0.935125 5.614305
v 1.219581 0.238580 5.617270
v 1.150999 0.217945 5.578790
v 1.253831 0.189997 5.625492
v -1.008541 0.866576 5.531124
v 1.263044 0.102356 5.565687
v 1.213748 0.142312 5.566164
v 1.317191 0.077606 5.577135
v -1.048190 0.779507 5.601306
v 1.325132 -0.016917 5.552688
v 1.322827 0.018112 5.505778
v -1.064212 0.685643 5.588734
v -1.076556 0.615003 5.623570
v 1.362682 -0.130229 5.492587
v 1.319011 -0.151115 5.551546
v 1.355760 -0.114929 5.610783
v 1.383617 -0.146520 5.527803
v 1.400352 -0.127592 5.598750
v 1.386193 -0.172450 5.574792
v -1.050996 0.570199 5.575896
v 1.146042 -0.110200 5.457923
v 1.126378 -0.095256 5.528932
v 1.130596 -0.083274 5.611657
v 1.082707 -0.155345 5.528530
v 1.180938 -0.119097 5.563994
v 1.191820 -0.201639 5.516035
v 1.219396 -0.193878 5.586856
v 1.249021 -0.217497 5.574769
v 1.277606 -0.165006 5.516122
v 1.266995 -0.159605 5.528001
v 1.273107 -0.136847 5.575400
v 1.312620 -0.212431 5.598251
v 1.340952 -0.207338 5.527392
v 1.356987 -0.189635 5.610135
v -1.069353 0.477087 5.561314
v -1.158669 0.406099 5.574766
v -1.119309 0.356691 5.621454
v -1.119367 0.357919 5.538832
v -1.063157 0.339920 5.538527
v -1.133263 0.386276 5.503701
v -1.093513 0.435269 5.551236
v 1.054345 -0.290079 5.492028
v 1.088762 -0.276993 5.598291
v 1.073989 -0.358138 5.491388
v -1.091453 0.223786 5.608428
v -1.072982 0.267562 5.596951
v -1.048373 0.260366 5.525996
v -1.065416 0.216141 5.537464
v -1.206643 0.158338 5.596365
v -1.167012 0.186067 5.561084
v -1.142595 0.205949 5.513973
v -1.094371 0.201084 5.561020
v 1.093286 -0.513174 5.549021
v -1.257084 0.127892 5.549018
v -1.305805 0.106013 5.560763
v -1.215821 0.089698 5.606777
v -1.215252 0.089512 5.607598
v -1.215756 0.089890 5.607603
v -1.215883 0.089487 5.607600
v -1.201004 0.097370 5.611674
v -1.195386 0.095540 5.619402
v -1.200442 0.099023 5.619445
v -1.201342 0.096165 5.619423
v -1.394347 0.033844 5.595790
v -1.418360 0.005417 5.548390
v -1.318547 0.000669 5.524474
v -1.311347 -0.016776 5.583328
v -1.260294 0.066745 5.584669
v -1.260494 0.066120 5.583908
v -1.260300 0.066766 5.582222
v -1.346769 0.057680 5.477823
v -1.259093 0.066373 5.583906
v -1.203336 0.012034 5.571483
v -1.132566 0.000775 5.583003
v -1.228683 0.007298 5.583315
v -1.248446 -0.035795 5.559386
v -1.101341 -0.032333 5.523610
v -1.124226 -0.013304 5.594663
v -1.430496 -0.040171 5.536224
v -1.422050 -0.054136 5.595105
v -1.325951 -0.023450 5.559699
v -1.267096 -0.103897 5.523434
v -1.303171 -0.108313 5.558906
v -1.106625 -0.104918 5.522997
v -1.104902 -0.191994 5.510437
v 0.981161 -0.725374 5.547487
v -1.415445 -0.069567 5.524126
v -1.383913 -0.092145 5.559260
v -1.339579 -0.106162 5.566578
v -1.114128 -0.214978 5.533872
v -1.091819 -0.233422 5.533653
v 0.860260 -0.860100 5.487624
v -1.087776 -0.469728 5.519797
v -1.106330 -0.501564 5.590400
v -1.047089 -0.606471 5.542117
v -1.010471 -0.667317 5.517885
v 0.508632 -1.193694 5.591923
v -1.003548 -0.694522 5.553045
v -0.994269 -0.739488 5.599851
v -0.956949 -0.783719 5.587565
v 0.386365 -1.218553 5.521206
v 0.521379 -1.136942 5.474332
v -0.883036 -0.856643 5.527715
v 0.054229 -1.299939 5.556802
v 0.210227 -1.275926 5.544789
v -0.505049 -1.189605 5.559246
v -0.442507 -1.186687 5.511887
v -0.293944 -1.224993 5.463941
v -0.249016 -1.280838 5.581386
v -0.182342 -1.264190 5.498719
v -0.151633 -1.244863 5.475194
v -0.096691 -1.267293 5.498464
v -0.109431 -1.309368 5.592572
v 1.078622 1.876818 5.463454
v 1.134032 1.887398 5.534226
v 1.082061 1.842530 5.451344
v 1.102369 1.833523 5.510236
v 1.061284 1.822159 5.439420
v 1.129640 1.851656 5.533929
v 1.092389 1.801580 5.524479
v 0.073182 2.064488 5.420537
v 0.013213 2.030453 5.466765
v 0.024607 1.988999 5.561670
v -0.041038 1.935655 5.530852
v -0.004281 1.973410 5.553195
v -0.017283 1.990363 5.490965
v -0.052892 1.976424 5.542308
v 0.110452 2.024370 5.494514
v 0.100001 1.989998 5.563380
v 0.137055 1.978346 5.561278
v 0.147739 2.025348 5.467219
v 0.180464 2.011977 5.431602
v 0.164412 1.958979 5.549233
v 0.205568 1.933687 5.478077
v 0.182969 1.939173 5.556857
v 0.224448 1.953334 5.537220
v 0.187794 1.912964 5.548774
v 0.187816 1.915398 5.548795
v 0.186592 1.913342 5.548780
v 0.187130 1.913132 5.554013
v 0.178182 2.002534 5.559921
v 0.262111 1.917757 5.418766
v -0.115803 1.935308 5.419925
v -0.074132 1.949957 5.443550
v -0.091474 1.895082 5.431318
v -0.110551 1.912295 5.478736
v -0.039581 1.940770 5.502401
v -0.053397 1.914832 5.525824
v -0.048188 1.913327 5.508519
v -0.028540 1.956324 5.549725
v -0.009975 1.955181 5.561470
v -0.007793 1.962044 5.565434
v -0.007818 1.962124 5.556228
v -0.010119 1.962806 5.561536
v 0.224515 1.752994 5.535490
v 0.244756 1.871292 5.418411
v 0.263322 1.877822 5.418418
v -0.068337 1.795602 5.548443
v -0.084383 1.838449 5.462830
v -0.101788 1.744718 5.489070
v 0.285399 1.755899 5.417306
v 0.273985 1.718842 5.464236
v 0.266157 1.666003 5.487409
v 0.591898 1.588320 5.485870
v 0.514433 1.616813 5.521737
v 0.592466 1.589319 5.533096
v 0.489347 1.615343 5.545400
v -0.926433 2.004529 5.469903
v -0.973283 1.994069 5.528961
v -0.879585 1.989319 5.528670
v -0.888281 1.955668 5.433966
v -0.882088 2.015642 5.540709
v -0.099139 1.669450 5.512023
v -0.134438 1.730524 5.453621
v 0.270650 1.628237 5.546094
v 0.329229 1.618367 5.510440
v 0.310957 1.639667 5.468503
v 0.440489 1.618802 5.462928
v 0.652527 1.545257 5.473532
v 0.577237 1.579919 5.552684
v 0.683369 1.524698 5.508687
v 0.746795 1.450811 5.519684
v 0.698368 1.494734 5.449365
v 0.826183 1.429231 5.436654
v 0.852780 1.394783 5.495307
v -0.961119 1.961159 5.540449
v -0.915151 1.951354 5.457609
v -0.188341 1.625540 5.500076
v -0.159411 1.639192 5.477742
v 0.866952 1.401702 5.424503
v 0.900429 1.349799 5.482988
v 0.928389 1.334404 5.400148
v -0.970907 1.733174 5.561493
v -0.500815 1.610471 5.488975
v -0.431624 1.639357 5.477235
v -0.417531 1.644207 5.512654
v -0.355228 1.645356 5.524302
v -0.340785 1.652732 5.477108
v -0.464103 1.613600 5.547927
v -0.257826 1.640679 5.500392
v -0.246563 1.637749 5.464923
v 0.976943 1.232401 5.410943
v -0.580233 1.548941 5.476851
v -0.480109 1.604289 5.418035
v -0.554664 1.577739 5.512445
v -0.699424 1.495895 5.500319
v 1.020059 1.045117 5.468234
v -0.746049 1.477395 5.476675
v 1.037473 0.903877 5.419750
v -0.806335 1.422217 5.464555
v -0.834196 1.381581 5.452474
v 1.049201 0.776251 5.442226
v -0.877472 1.296390 5.428245
v 1.073652 0.607310 5.487920
v 1.059658 0.686242 5.453225
v 1.091717 0.663128 5.535573
v -0.913381 1.196596 5.392064
v 1.060905 0.525342 5.404613
v 1.110812 0.496242 5.534081
v 1.083929 0.505257 5.463402
v 1.100407 0.413416 5.438955
v 1.168745 0.354703 5.474964
v 1.176691 0.379555 5.497484
v -0.984102 0.920850 5.519723
v 1.130010 0.280651 5.425927
v 1.139124 0.289513 5.508611
v 1.085968 0.232366 5.461040
v 1.131874 0.266861 5.532044
v 1.133572 0.217011 5.508000
v -0.985329 0.872287 5.448479
v 1.054785 0.168209 5.425157
v 1.153529 0.149074 5.478888
v 1.120946 0.085237 5.458522
v 1.093012 0.193034 5.459292
v 1.214256 0.105633 5.506824
v -1.023899 0.711089 5.458995
v -1.004617 0.804110 5.447942
v 1.143836 0.040206 5.447423
v 1.182264 0.044341 5.447356
v 1.293900 0.045361 5.435263
v 1.261720 0.053468 5.435419
v 1.241888 0.075681 5.494687
v 1.309559 0.054378 5.517931
v -1.022776 0.648768 5.470258
v -1.048392 0.668747 5.529522
v 1.282555 -0.064651 5.457952
v 1.302423 -0.008939 5.446576
v 1.283998 -0.090407 5.528553
v -1.021011 0.524831 5.421965
v 1.054836 -0.116431 5.422698
v 1.060767 -0.118667 5.469882
v 1.074571 -0.259230 5.480435
v 1.113484 -0.094682 5.399120
v 1.156209 -0.160998 5.457457
v 1.267367 -0.157214 5.457193
v 1.230348 -0.122189 5.422181
v 1.252219 -0.117068 5.469385
v 1.337120 -0.193113 5.444893
v 1.313697 -0.148062 5.374516
v 1.309715 -0.219237 5.456545
v -1.063744 0.426541 5.468449
v 1.163904 -0.187987 5.433594
v 1.208643 -0.226008 5.468560
v 1.231784 -0.230516 5.433046
v 1.280404 -0.234523 5.503710
v -1.105495 0.365711 5.432621
v -1.095480 0.317692 5.432180
v 1.034490 -0.283368 5.433116
v 1.053792 -0.326570 5.432692
v -1.069352 0.321053 5.491161
v -1.084270 0.235193 5.442576
v -1.047188 0.273196 5.419862
v -1.079629 0.245733 5.490539
v -1.059305 0.288835 5.490857
v 1.074107 -0.481834 5.478515
v -1.155255 0.158352 5.466377
v -1.192102 0.157117 5.525488
v 1.059350 -0.563997 5.501454
v 1.050187 -0.523435 5.431001
v -1.321779 0.099220 5.489919
v -1.227399 0.131289 5.501750
v -1.287087 0.102396 5.419027
v -1.187846 0.141448 5.478122
v -1.195751 0.117150 5.430716
v -1.340165 0.031034 5.453966
v -1.188535 -0.016796 5.464953
v -1.218164 -0.032310 5.476703
v -1.092892 -0.028821 5.488204
v -1.125031 -0.013790 5.535638
v -1.155849 -0.026443 5.382151
v -1.083730 -0.049976 5.487996
v 0.995918 -0.667592 5.477119
v -1.383087 -0.029519 5.429949
v -1.388500 -0.064755 5.406049
v -1.391901 0.003723 5.512892
v -1.309571 -0.015446 5.418070
v -1.292041 -0.020506 5.358956
v -1.318642 -0.025610 5.500638
v -1.045475 -0.074104 5.450310
v -1.027514 -0.116806 5.440052
v -1.071057 -0.214841 5.486539
v 0.886216 -0.780911 5.393801
v -1.375023 -0.099482 5.488346
v -1.361586 -0.094497 5.393916
v -1.331174 -0.117633 5.499877
v -1.308957 -0.124470 5.428931
v -1.270538 -0.121171 5.476075
v -1.078509 -0.373002 5.437975
v 0.781374 -0.921521 5.440085
v -1.065439 -0.451183 5.413657
v 0.677280 -1.008983 5.427803
v -1.038593 -0.571378 5.459765
v 0.601454 -1.075436 5.462845
v -0.963413 -0.706422 5.458399
v 0.578433 -1.087297 5.439195
v -0.922057 -0.783252 5.481234
v -0.955945 -0.773369 5.505020
v 0.422167 -1.142004 5.368311
v 0.337607 -1.183183 5.391790
v -0.862821 -0.824532 5.433502
v -0.818597 -0.888048 5.444640
v -0.757783 -0.968979 5.479192
v 0.239881 -1.218834 5.415353
v -0.689405 -1.026733 5.466707
v -0.614594 -1.063471 5.419686
v -0.056962 -1.258216 5.451218
v 0.027317 -1.265970 5.468153
v 0.095481 -1.245303 5.427314
v -0.516325 -1.104280 5.371139
v -0.258783 -1.231437 5.475596
v 1.036044 1.832729 5.392359
v 1.039346 1.856439 5.392555
v 1.057603 1.850784 5.380466
v 1.062658 1.824350 5.392216
v 0.025792 2.072003 5.373510
v 0.082105 2.094038 5.349940
v 0.146402 2.061816 5.384905
v -0.080205 1.950323 5.231086
v -0.067418 1.932509 5.412101
v -0.031304 2.007890 5.396718
v 0.192003 2.010124 5.384337
v 0.224873 1.917199 5.430666
v 0.243700 1.884092 5.406720
v -0.074277 1.922234 5.419702
v -0.081510 1.899854 5.407723
v -0.119231 1.911638 5.419730
v -0.081577 1.887405 5.419808
v -0.074767 1.908839 5.431393
v 0.274746 1.812626 5.382411
v -0.141027 1.770092 5.406761
v 0.345118 1.710552 5.369537
v 0.332447 1.669303 5.428239
v 0.398153 1.642567 5.404222
v -0.915329 1.989117 5.410717
v -0.892950 1.983570 5.398805
v -0.904534 1.946778 5.398518
v -0.930782 1.968865 5.457802
v -0.210405 1.668092 5.417870
v 0.498660 1.607839 5.415459
v 0.517430 1.630165 5.297556
v 0.617735 1.554081 5.391069
v 0.586097 1.571108 5.414909
v 0.738663 1.506618 5.343118
v 0.820963 1.455402 5.330651
v 0.896788 1.379557 5.365209
v -0.231386 1.687336 5.384218
v -0.276117 1.663210 5.382589
v -0.187985 1.735652 5.371176
v 0.947385 1.304434 5.364426
v -0.395796 1.636242 5.418089
v -0.408066 1.638191 5.323702
v -0.319195 1.643296 5.441556
v 0.991664 1.166535 5.327702
v 0.961107 1.263056 5.293204
v -0.653111 1.548055 5.358992
v -0.474121 1.625931 5.264749
v -0.630387 1.561977 5.264613
v -0.523923 1.583251 5.406169
v -0.708469 1.515800 5.382470
v 1.014030 1.010993 5.326300
v 1.025172 0.920860 5.325491
v -0.771451 1.465277 5.405810
v -0.825169 1.392034 5.334493
v 1.034355 0.683028 5.299805
v 1.024228 0.562835 5.251575
v -0.945165 1.070386 5.402864
v 1.062600 0.450743 5.380356
v 1.115567 0.359632 5.403037
v 1.096779 0.365212 5.285089
v 1.069510 0.423908 5.368301
v 1.112060 0.336170 5.379235
v 1.096542 0.279549 5.331569
v 1.089954 0.244314 5.354892
v -0.994070 0.764125 5.388545
v 1.063780 0.178212 5.366195
v 1.039114 0.123736 5.413010
v -1.012032 0.633470 5.411074
v 1.022744 0.104507 5.365668
v 1.037534 0.049983 5.412377
v 1.211769 0.044535 5.423670
v 1.194021 0.043586 5.376490
v 1.135736 0.015085 5.411814
v 1.284994 0.021758 5.387864
v 1.245817 0.046927 5.329162
v 1.223646 0.059673 5.341137
v 1.095171 0.004571 5.388221
v 1.030125 0.028025 5.353184
v 1.062948 0.019937 5.400245
v 1.058421 0.007056 5.312592
v 1.120646 -0.000474 5.352696
v 1.132783 -0.042064 5.434937
v 1.130558 -0.041065 5.434952
v 1.130406 -0.041547 5.434948
v 1.130495 -0.041410 5.443516
v 1.256393 -0.043396 5.375573
v -1.003329 0.520184 5.303831
v 1.041913 -0.149304 5.398839
v 1.062563 -0.098988 5.387414
v 1.141930 -0.155950 5.386711
v 1.133087 -0.103391 5.351775
v 1.235930 -0.138341 5.410222
v 1.290899 -0.120167 5.363014
v 1.312242 -0.131795 5.410075
v 1.295550 -0.191940 5.385991
v 1.250355 -0.214837 5.385913
v -1.038348 0.443664 5.421310
v 1.006409 -0.175067 5.375103
v 1.178164 -0.203284 5.374401
v -1.072890 0.368097 5.397141
v -1.055051 0.375317 5.338132
v -1.057477 0.338955 5.337824
v -1.100885 0.327319 5.408668
v 1.037625 -0.333119 5.338241
v -1.067281 0.280166 5.337343
v -1.060483 0.233739 5.348729
v -1.028547 0.216850 5.372108
v -1.040515 0.258628 5.431523
v -1.029140 0.218199 5.395730
v 1.044630 -0.459443 5.384350
v -1.078923 0.134709 5.416092
v -0.994952 0.158027 5.383314
v -1.022682 0.117165 5.394881
v 1.012843 -0.523225 5.324861
v 0.999137 -0.580969 5.348008
v -1.250598 0.102193 5.312686
v -1.238124 0.101498 5.371670
v -1.155468 0.089084 5.359538
v -1.112118 0.108157 5.400221
v -1.043108 0.091801 5.382871
v -1.002018 0.123311 5.359425
v 0.990337 -0.640534 5.406541
v -1.322119 0.087596 5.407187
v -1.302347 0.081831 5.348063
v -1.333683 0.066579 5.395232
v -1.329854 0.028340 5.383087
v -1.092672 -0.026508 5.393786
v -1.028030 -0.016902 5.345709
v -1.058212 -0.035580 5.429030
v -1.011369 -0.047547 5.428802
v 0.943677 -0.674792 5.335542
v 0.961245 -0.693342 5.417967
v -1.329210 -0.031580 5.429787
v -1.266033 -0.066049 5.388004
v -1.260388 -0.067872 5.393876
v -1.264245 -0.060471 5.393950
v -1.267790 -0.071729 5.393862
v -1.183495 -0.054771 5.370175
v -1.206675 -0.096974 5.369873
v -1.139491 -0.018666 5.311346
v -1.008163 -0.133985 5.274587
v -1.330987 -0.115224 5.393655
v -1.199077 -0.098906 5.310812
v -1.245834 -0.120107 5.405190
v -1.036236 -0.175752 5.415957
v -1.034423 -0.262119 5.308964
v -1.063965 -0.253739 5.427162
v -1.057019 -0.304874 5.355874
v 0.749513 -0.898195 5.322325
v -1.054706 -0.379852 5.355220
v -1.039774 -0.409119 5.331318
v 0.639602 -0.987250 5.310044
v -1.046375 -0.494033 5.377821
v -0.996427 -0.621225 5.388394
v -1.026569 -0.537302 5.365591
v -0.953601 -0.659091 5.340735
v -0.942247 -0.728455 5.422739
v 0.523623 -1.087137 5.344906
v -0.889598 -0.715834 5.269247
v -0.843851 -0.807574 5.339161
v -0.757435 -0.926959 5.385118
v -0.681043 -0.958051 5.302013
v -0.457242 -1.112202 5.315095
v -0.111118 -1.232709 5.392566
v -0.128170 -1.207026 5.321998
v -0.067347 -1.210186 5.310953
v 0.013739 -1.228778 5.368651
v -0.328459 -1.175379 5.346416
v 0.026180 2.114722 5.245923
v 0.065344 2.120622 5.279387
v 0.121569 2.102072 5.314491
v 0.161639 2.071914 5.325928
v 0.150459 2.116426 5.243710
v -0.005474 2.075110 5.255573
v -0.109963 1.872423 5.313125
v 0.207419 2.022002 5.254547
v 0.269526 1.864720 5.300242
v 0.293698 1.823779 5.288020
v 0.346440 1.755670 5.275487
v 0.399175 1.727848 5.204278
v 0.504727 1.670042 5.203497
v 0.410642 1.683703 5.318523
v 0.615161 1.587230 5.273316
v -0.232194 1.725253 5.315557
v -0.164859 1.778147 5.336066
v 0.751160 1.508213 5.272271
v 0.848339 1.424219 5.247677
v -0.233795 1.761546 5.194451
v -0.332037 1.682556 5.300273
v 0.928924 1.325820 5.282027
v -0.386182 1.669398 5.264890
v 0.938263 1.283175 5.222610
v 0.978391 1.169110 5.245128
v 0.993086 1.055449 5.232303
v -0.679814 1.532540 5.252687
v -0.738957 1.491887 5.287908
v -0.762536 1.457315 5.228648
v -0.796579 1.432624 5.322963
v -0.826067 1.368395 5.228050
v 1.012535 0.888543 5.219005
v 1.026146 0.760231 5.253274
v -0.858518 1.316460 5.263102
v -0.882738 1.249836 5.262591
v -0.926389 1.114618 5.320563
v 1.045210 0.398756 5.238298
v 1.107430 0.313706 5.272812
v -0.961372 0.890783 5.283310
v 1.016711 0.267745 5.307609
v 1.070258 0.281189 5.272630
v 1.056222 0.242835 5.319554
v -0.979156 0.772448 5.305945
v 0.959724 0.199426 5.260415
v 0.983046 0.253958 5.260823
v 0.983615 0.241128 5.296124
v 1.008490 0.282888 5.284614
v 1.005817 0.271815 5.225502
v 0.970009 0.158675 5.309802
v 1.003983 0.098223 5.342055
v -0.984086 0.634988 5.269358
v 0.991323 0.069803 5.271016
v 0.965790 0.123266 5.259741
v 0.993104 0.077082 5.318292
v 1.161723 0.048745 5.317597
v 1.131677 0.083404 5.260176
v 1.087910 0.022870 5.268018
v 1.202040 0.070673 5.282266
v 1.142270 0.117317 5.244709
v 1.189473 -0.021315 5.246091
v 1.195449 0.063612 5.223199
v 1.219271 0.043278 5.281983
v 1.192701 -0.036584 5.222341
v 1.223594 -0.097297 5.316172
v 1.261391 -0.094763 5.292484
v -1.022488 0.451874 5.315097
v 1.042105 -0.123786 5.292818
v 1.011803 -0.101595 5.257677
v 1.034628 -0.071749 5.269678
v 1.022917 -0.105364 5.292240
v 1.023079 -0.104864 5.293032
v 1.022504 -0.106689 5.293017
v 1.023708 -0.105619 5.293024
v 1.054514 -0.140529 5.351664
v 1.041116 -0.046369 5.222661
v 1.054051 -0.090606 5.316681
v 1.115082 -0.087389 5.269329
v 1.095876 -0.070183 5.293137
v 1.098276 -0.061752 5.245985
v 1.067351 -0.041656 5.222631
v 1.135123 -0.141445 5.257004
v 1.227246 -0.163496 5.268373
v 1.265646 -0.160055 5.303713
v 1.149640 -0.133230 5.174403
v 1.196004 -0.184700 5.302808
v 0.996064 -0.146048 5.245529
v 1.010288 -0.138520 5.292775
v -1.060562 0.353006 5.255322
v -1.050276 0.345363 5.314251
v -1.063792 0.378896 5.231945
v -1.054626 0.413135 5.232216
v 1.016733 -0.325805 5.243922
v 1.010216 -0.286905 5.279690
v -1.000182 0.259685 5.254354
v -1.050311 0.188665 5.276658
v -1.053059 0.179318 5.312825
v 1.029601 -0.404383 5.278624
v 1.008661 -0.384679 5.184413
v -1.008337 0.162517 5.347975
v -1.048561 0.138424 5.300655
v -1.022880 0.117807 5.320593
v -1.067350 0.094931 5.288526
v 1.001098 -0.469383 5.242724
v -1.221248 0.118210 5.230114
v -1.134558 0.078905 5.241347
v -1.191871 0.091786 5.336049
v -1.125945 0.065947 5.300236
v -1.208921 0.117857 5.241882
v -1.099287 0.067861 5.288377
v -1.033600 0.083846 5.347363
v -1.099242 0.071342 5.347430
v 0.932329 -0.583397 5.182900
v -1.264721 0.058344 5.253665
v -1.242423 0.001642 5.276382
v -1.054504 0.019132 5.217009
v -1.003420 -0.016153 5.275592
v -0.986123 -0.054023 5.239804
v -1.263568 -0.017404 5.299883
v -1.300478 -0.029580 5.276268
v -1.294340 -0.068546 5.264111
v 0.885830 -0.743020 5.311497
v 0.831397 -0.787492 5.275853
v 0.849489 -0.730751 5.205458
v -1.314162 -0.099897 5.323851
v -1.242416 -0.107031 5.275444
v 0.637227 -0.935639 5.192451
v -1.012051 -0.355052 5.213665
v -1.008674 -0.464559 5.236320
v 0.551682 -1.011213 5.215635
v -0.963878 -0.580961 5.258805
v -0.910426 -0.646921 5.210874
v 0.435387 -1.106645 5.285949
v 0.473430 -1.045296 5.180136
v -0.849929 -0.746454 5.233462
v 0.201020 -1.195854 5.333023
v 0.346478 -1.153595 5.309390
v -0.774256 -0.820144 5.209015
v -0.706935 -0.881255 5.196504
v -0.641214 -0.947650 5.195755
v 0.109693 -1.198148 5.309636
v 0.168527 -1.167296 5.238918
v 0.248623 -1.148334 5.215259
v 0.298998 -1.146167 5.250558
v -0.606378 -0.995232 5.254275
v -0.538936 -1.015852 5.194894
v -0.357779 -1.108865 5.205412
v -0.214846 -1.166466 5.239947
v -0.040314 -1.161199 5.168699
v 0.040752 -1.180070 5.239148
v -0.127001 -1.161590 5.180733
v 0.187706 2.077914 5.219669
v 0.181046 2.176888 5.090690
v 0.039448 2.160614 5.173559
v 0.100126 2.153537 5.217970
v 0.266548 1.896583 5.182478
v 0.245015 1.986014 5.147895
v -0.051718 2.016065 5.172554
v -0.116005 1.875246 5.195119
v 0.295788 1.832234 5.181845
v 0.322159 1.797674 5.205086
v 0.391005 1.742415 5.133598
v 0.507628 1.680266 5.144555
v 0.581757 1.641177 5.108605
v 0.661558 1.579592 5.143275
v -0.182082 1.784305 5.241729
v -0.158659 1.814792 5.147492
v 0.761713 1.487903 5.142216
v -0.349201 1.713814 5.158933
v 0.903510 1.343709 5.211421
v -0.405952 1.688043 5.099839
v -0.500785 1.621264 5.182147
v -0.603679 1.558899 5.146470
v 0.957324 1.141878 5.115098
v -0.651068 1.524410 5.134494
v -0.774630 1.426818 5.181198
v 1.005180 0.731179 5.064206
v 1.014476 0.665917 5.122641
v -0.846065 1.276426 5.132873
v -0.906226 1.146040 5.238148
v 1.009730 0.407353 5.144030
v 1.006830 0.519640 5.145007
v 1.022519 0.452367 5.203408
v -0.944381 0.910828 5.200806
v 1.021519 0.364234 5.155431
v 1.063390 0.266340 5.189888
v 1.070970 0.301171 5.178363
v 1.065894 0.290026 5.225499
v 1.075748 0.324141 5.213963
v -0.963979 0.793248 5.199842
v 1.017018 0.231453 5.188056
v 1.006998 0.160381 5.184430
v 1.069826 0.202283 5.209391
v 0.974780 0.195053 5.213118
v 1.094867 0.243256 5.165995
v 1.102462 0.227667 5.189450
v 1.161463 0.185872 5.200737
v 1.129698 0.195720 5.220492
v 1.081765 0.161237 5.229715
v 1.187379 0.103724 5.223566
v -0.956877 0.754439 5.128661
v 1.019567 0.081990 5.207289
v 0.977453 0.144746 5.208418
v 1.088684 0.109509 5.235684
v 1.072372 0.052833 5.227103
v 1.172984 0.033837 5.187589
v 1.175772 0.132235 5.153016
v 1.176977 -0.007514 5.199025
v 1.175469 0.026194 5.246538
v 1.183333 0.030118 5.246551
v 1.177284 0.032076 5.239714
v 1.179201 0.038047 5.246631
v 1.065268 -0.047464 5.175368
v 1.032078 0.042432 5.247061
v 1.204783 -0.037113 5.198696
v 1.183582 -0.006256 5.139995
v 1.242555 -0.075060 5.233681
v 1.243094 -0.112183 5.211342
v -0.987747 0.540764 5.209530
v -0.973120 0.598586 5.139163
v -1.005306 0.472134 5.197180
v 0.985338 -0.105157 5.196084
v 0.985568 -0.055659 5.187315
v 1.004756 -0.086726 5.222409
v 1.018098 -0.119473 5.222091
v 1.019153 -0.115916 5.210310
v 0.997178 -0.121557 5.233933
v 0.999588 -0.122224 5.222116
v 0.985492 -0.105656 5.253869
v 0.987213 -0.100256 5.257754
v 0.983075 -0.113397 5.257651
v 0.989054 -0.106808 5.257692
v 1.118451 -0.114173 5.162846
v 1.182655 -0.117432 5.150842
v -1.042043 0.422101 5.161432
v 0.979268 -0.202479 5.162455
v 0.969303 -0.124604 5.163154
v -1.000094 0.309636 5.231177
v -0.998587 0.355137 5.148933
v -0.982964 0.325544 5.184050
v -0.933317 0.286705 5.183582
v 0.992489 -0.280680 5.197158
v -0.916706 0.221581 5.182975
v -0.946785 0.243002 5.237649
v -0.969310 0.250113 5.235330
v -0.952567 0.185659 5.218175
v -0.987023 0.193778 5.239579
v -1.141563 0.193466 5.171527
v -1.156521 0.127264 5.230019
v -1.106851 0.207181 5.185149
v -1.174402 0.141746 5.194778
v -1.101999 0.143606 5.206820
v -1.058304 0.204373 5.171995
v -1.040161 0.111673 5.217770
v -1.057328 0.129086 5.265185
v -0.930518 0.201456 5.147425
v -0.959634 0.164224 5.158986
v -1.056767 0.090953 5.194026
v -1.254689 0.092404 5.241785
v -1.172817 0.129240 5.147447
v -1.208917 0.090830 5.182625
v -1.052897 0.103699 5.167492
v -1.098111 0.077155 5.217626
v -1.213058 0.030626 5.134899
v -1.219434 0.007239 5.217346
v -1.191344 0.035797 5.182103
v -1.076595 0.024512 5.169895
v -1.107057 -0.027405 5.122311
v -0.969860 -0.008908 5.145713
v -1.004770 0.020676 5.169671
v -1.223128 -0.003237 5.122828
v -1.233434 -0.077091 5.193047
v -1.157132 -0.061507 5.169367
v -0.994465 -0.149938 5.179975
v -1.011011 -0.231630 5.214728
v 0.814749 -0.731637 5.134715
v 0.866489 -0.673768 5.146882
v 0.736467 -0.816171 5.145998
v -0.982461 -0.326691 5.143003
v -0.975813 -0.477560 5.177097
v -0.936062 -0.546961 5.152782
v -0.890228 -0.603229 5.140369
v -0.847506 -0.698042 5.151241
v 0.401723 -1.072037 5.156486
v -0.770214 -0.766189 5.103229
v 0.313763 -1.097254 5.132894
v -0.659739 -0.887163 5.113695
v 0.118824 -1.131194 5.121316
v 0.246983 -1.112624 5.121135
v -0.424346 -1.084681 5.218737
v -0.483102 -0.993724 5.076889
v -0.410540 -1.038433 5.078602
v -0.215694 -1.128039 5.134040
v 0.007546 2.171300 5.091105
v 0.042097 2.207639 5.067717
v 0.065081 2.189944 5.138331
v 0.099609 2.192563 5.138261
v 0.130982 2.173889 5.161625
v 0.152464 2.204428 5.067395
v 0.213621 2.083020 5.137012
v -0.049543 2.052964 5.113844
v -0.002326 2.124541 5.137946
v 0.260560 2.042327 5.065707
v 0.300480 1.966860 5.076754
v 0.304007 1.898448 5.135177
v 0.337974 1.869270 5.087615
v -0.156633 1.901147 5.101014
v -0.101463 2.007711 5.078178
v 0.344143 1.768052 5.122139
v -0.180751 1.847049 5.077002
v 0.456151 1.714504 5.074160
v 0.364341 1.737752 5.050996
v 0.551587 1.664886 5.014453
v 0.723803 1.525326 5.048203
v 0.662584 1.584264 5.060680
v -0.235406 1.758451 5.076383
v -0.260902 1.755074 5.135445
v -0.183927 1.785898 5.111896
v -0.174978 1.795547 5.100151
v 0.802935 1.439453 5.118079
v -0.331621 1.728201 5.064574
v 0.827023 1.398652 5.082248
v 0.878123 1.303490 5.045877
v -0.476611 1.643380 5.052423
v 0.917503 1.253276 5.104361
v 0.948922 1.059094 4.960946
v 0.974737 1.049863 5.102452
v -0.609653 1.536949 5.028249
v -0.702675 1.454585 5.063200
v 0.993650 0.957007 5.137014
v -0.812956 1.340344 5.121531
v -0.866264 1.208628 5.120536
v -0.907799 1.023889 5.095442
v -0.873887 1.063724 4.965845
v 1.001893 0.595997 5.074852
v 0.989894 0.463650 5.073741
v -0.932327 0.895485 5.094398
v 0.985248 0.328927 5.080324
v 1.070069 0.240131 5.107011
v 1.007344 0.272622 5.060240
v 1.052347 0.227937 5.059735
v 1.165902 0.148177 5.094157
v 1.106412 0.167550 5.011850
v 1.141904 0.196730 5.130054
v 1.167444 0.036225 5.104991
v -0.960224 0.632111 5.080395
v 0.979761 -0.003931 5.136623
v 0.917989 0.015854 5.093675
v 0.977602 0.029254 5.093632
v 1.062100 -0.015395 5.010389
v 1.085298 -0.061041 5.092565
v 1.050115 -0.014358 5.022234
v 1.047528 -0.024191 5.116594
v 1.155575 -0.034055 5.074492
v 1.197875 -0.097414 5.143231
v 1.132546 -0.067995 5.080575
v -0.979117 0.514217 5.091231
v 0.909037 -0.018269 5.069796
v 0.941570 -0.090662 5.104498
v 0.957878 -0.034202 5.140799
v 1.134423 -0.101994 5.118654
v -1.001885 0.459510 5.090820
v 0.965258 -0.209404 5.091604
v -1.034510 0.370782 5.090141
v -1.067398 0.344194 5.066390
v -1.000461 0.310286 5.124922
v -1.029451 0.381932 5.043005
v -1.018816 0.291330 5.122897
v -0.984971 0.319976 5.136789
v -1.028592 0.378155 5.125603
v -0.962292 0.313599 5.124869
v 0.951524 -0.365587 5.043074
v 0.957052 -0.317827 5.043472
v -1.102399 0.305438 5.101562
v -1.124393 0.275421 5.077753
v -1.130103 0.276943 5.113195
v -1.107582 0.284101 5.148611
v -1.124643 0.237639 5.171864
v -1.011101 0.276524 5.123034
v -0.966129 0.262554 5.098522
v -0.984476 0.243572 5.099388
v -1.081450 0.248798 5.170924
v -0.994435 0.172304 5.118540
v -0.922579 0.248457 5.147810
v -1.137893 0.180396 5.112382
v -1.059449 0.202161 5.088751
v -1.059413 0.192996 5.088672
v -1.063426 0.189531 5.088653
v -1.054778 0.166787 5.088433
v -1.060831 0.158469 5.088378
v -1.056042 0.173679 5.088496
v 0.956639 -0.454282 5.101318
v -1.133449 0.092464 5.099806
v -1.114326 0.136311 5.052916
v -1.165305 0.052808 5.123158
v -1.150858 0.085846 5.064382
v -0.956414 0.058362 5.051822
v -1.026480 0.071455 5.063926
v -0.955277 0.022067 5.086918
v -0.924566 0.002337 5.048912
v 0.897867 -0.584187 5.088548
v -1.196644 0.038202 5.087701
v -1.199511 -0.046752 5.122390
v -1.119536 -0.028171 5.098727
v -1.065111 0.021908 5.039992
v -0.949758 -0.039710 5.109981
v 0.853542 -0.631646 5.029234
v -1.189291 -0.013551 5.079120
v -0.986719 -0.201508 5.132291
v -0.938525 -0.116761 5.014847
v -0.925484 -0.182282 4.955225
v 0.714799 -0.785874 5.016467
v -0.961545 -0.357750 5.107266
v 0.631372 -0.871351 5.063170
v -0.950687 -0.435234 5.082958
v -0.911036 -0.521692 5.046692
v 0.498286 -0.965203 5.015491
v 0.603825 -0.912363 5.086498
v 0.599598 -0.860703 4.980714
v -0.848750 -0.621776 5.057467
v -0.831641 -0.605731 4.998536
v 0.396519 -1.029332 5.038823
v 0.259262 -1.071811 5.015212
v -0.724549 -0.777361 5.043987
v 0.072198 -1.116477 5.062544
v 0.130226 -1.088187 4.991806
v -0.562021 -0.929537 5.054045
v -0.196357 -1.104519 5.051559
v -0.292363 -1.096011 5.110912
v -0.101645 -1.118144 5.051189
v -0.099900 -1.071482 4.945346
v -0.170140 -1.058540 4.933839
v 0.009514 -1.118837 5.050887
v -0.013988 2.166257 5.020290
v 0.043743 2.213872 5.008743
v 0.096161 2.222528 5.044091
v 0.096547 2.224562 4.996890
v 0.164172 2.203112 5.020133
v 0.202813 2.168422 5.031535
v -0.056712 2.093082 5.019773
v 0.306888 1.966050 5.041315
v 0.271606 2.026934 5.006521
v -0.130918 1.980228 5.030800
v -0.095537 2.018866 4.995626
v 0.320176 1.912582 5.013239
v 0.266737 1.979095 4.989682
v 0.355373 1.814569 5.051683
v 0.330748 1.906179 5.052540
v -0.161775 1.891219 4.994700
v -0.173166 1.894530 5.030173
v 0.349928 1.804367 4.992586
v 0.356620 1.753140 5.015735
v -0.183008 1.848220 5.017995
v 0.439181 1.702739 4.908839
v 0.508468 1.685960 4.967532
v 0.670100 1.570647 4.954300
v -0.184922 1.762289 5.005454
v -0.227939 1.744074 5.005411
v 0.781150 1.413405 4.893624
v 0.708449 1.518980 4.894730
v -0.319751 1.727608 5.005514
v -0.384946 1.701329 5.029069
v -0.379360 1.696513 4.946381
v 0.827658 1.363184 4.975699
v 0.916075 1.192909 4.997602
v 0.879731 1.266411 4.974725
v -0.524628 1.597542 4.934109
v -0.565488 1.575611 5.028465
v -0.685962 1.437684 4.968573
v -0.611142 1.511244 4.909986
v 0.985910 0.921305 5.042290
v 0.961798 1.003347 4.960430
v -0.768248 1.376230 5.062699
v -0.731702 1.365552 4.956267
v -0.809342 1.265969 4.991028
v 0.992490 0.772851 4.993772
v 0.983712 0.850141 4.959049
v 0.987207 0.663876 4.898407
v -0.864470 1.146833 5.037364
v 0.982988 0.503409 5.015079
v -0.897850 0.947794 4.929494
v 0.954147 0.388935 4.988987
v 0.958525 0.350143 5.025626
v -0.923000 0.819495 4.940258
v 0.950874 0.299910 4.989799
v -0.937038 0.724731 4.963087
v 1.007892 0.245785 4.953766
v 1.124568 0.100328 4.964004
v 0.897017 0.072600 5.011589
v 0.895549 -0.038129 4.987028
v 0.882870 0.052764 4.952433
v 0.932428 0.123588 4.978442
v 0.926130 0.103016 5.011774
v 0.989288 0.068736 4.955441
v 0.972116 0.051739 5.058427
v 0.941006 0.070683 5.068387
v 1.102627 -0.004434 5.000971
v 1.108509 0.068442 4.940161
v -0.950147 0.506109 4.961234
v -0.994191 0.408415 4.984117
v 0.919056 -0.115358 4.974494
v 0.948946 -0.217547 5.008945
v -1.096465 0.316405 5.042618
v -1.038180 0.347922 4.995515
v 0.939374 -0.249282 4.902455
v -1.063076 0.306353 4.983419
v -1.080907 0.250184 4.971177
v -1.102764 0.219571 5.018189
v 0.923306 -0.430493 4.983566
v 0.934311 -0.371714 4.936825
v -1.100367 0.194527 4.958944
v -1.062082 0.193869 5.084551
v -1.057924 0.167840 5.080500
v 0.902273 -0.523114 5.013992
v -1.119376 0.101328 4.981799
v -1.008757 0.078600 5.016721
v -1.057834 0.051694 4.993011
v -0.969019 0.097740 5.004976
v -0.920299 0.175202 4.927390
v -0.895181 0.105178 4.957625
v -0.920865 0.053759 5.028077
v 0.895256 -0.483260 4.947772
v -1.090802 0.104959 4.949377
v -1.042248 0.102130 4.938670
v -1.132716 0.009785 5.028262
v 0.847502 -0.579601 4.947067
v 0.785573 -0.709064 5.005136
v -0.913945 -0.297473 4.977806
v 0.727324 -0.739765 4.946004
v -0.921265 -0.444037 5.023780
v -0.854544 -0.520452 4.952116
v 0.407006 -0.985326 4.932933
v -0.733844 -0.727268 4.985421
v -0.642256 -0.829619 4.996098
v 0.353161 -1.007598 4.909275
v -0.536606 -0.886363 4.951314
v -0.483110 -0.953060 4.996137
v -0.015152 -1.077654 4.956871
v 0.085695 -1.071392 4.933046
v 0.163534 -1.060000 4.932937
v -0.357876 -1.027339 5.017241
v -0.284369 -1.028493 4.946208
v 0.128941 2.171535 4.920199
v 0.072665 2.189193 4.928306
v 0.129381 2.211338 4.973079
v -0.013558 2.141831 4.961055
v 0.018781 2.181150 4.961308
v 0.058409 2.144403 4.899601
v 0.055044 2.211066 4.973275
v -0.009559 2.165139 4.984855
v 0.133653 2.108414 4.889168
v 0.181750 2.142365 4.941542
v 0.181570 2.180367 4.984477
v 0.214568 2.128160 4.972134
v -0.029698 2.060489 4.934505
v 0.025867 2.080433 4.894493
v 0.180077 2.044020 4.924281
v 0.160968 2.037927 4.890180
v 0.228089 2.053366 4.961178
v 0.176696 1.945625 4.982463
v -0.088179 1.991948 4.976240
v 0.027177 2.005463 4.924356
v 0.014443 2.046850 4.901138
v 0.029348 1.980099 4.924130
v -0.031902 1.974284 4.968944
v 0.173033 1.959613 4.923571
v 0.159040 1.976117 4.959164
v 0.208304 1.872047 4.993548
v 0.263847 1.930415 5.000954
v 0.250100 1.847576 4.993226
v 0.287571 1.848817 4.984610
v -0.078614 1.865246 4.967484
v -0.141194 1.909581 4.983000
v -0.024212 1.934903 4.947492
v -0.028424 1.911662 4.923694
v 0.025892 1.932056 4.876506
v 0.271877 1.839141 4.934072
v 0.216163 1.898419 4.911123
v 0.334210 1.761988 4.933239
v 0.284756 1.802042 4.898303
v 0.324232 1.808497 4.957276
v -0.098700 1.822781 4.875895
v -0.146441 1.787851 4.934744
v -0.117632 1.828373 4.923213
v 0.548365 1.656671 4.896345
v 0.612177 1.622103 4.978509
v 0.586288 1.620909 4.836912
v 0.642699 1.565054 4.789061
v -0.187973 1.754102 4.946368
v -0.277349 1.718243 4.863664
v 0.826430 1.321797 4.869102
v -0.410873 1.673379 4.899047
v 0.916447 1.119554 4.867116
v -0.656307 1.441551 4.862285
v 0.971345 0.916278 4.912433
v 0.978703 0.729072 4.816361
v -0.789083 1.259973 4.941875
v -0.818827 1.207357 4.955133
v -0.827625 1.136521 4.871912
v -0.855410 1.046452 4.847600
v 0.926425 0.348979 4.884046
v 0.970131 0.483443 4.920504
v 0.909642 0.267362 4.918800
v 0.893229 0.235311 4.930371
v 0.886530 0.237973 4.859584
v 0.991409 0.155210 4.889915
v 0.911454 0.254318 4.931305
v 0.995388 0.207082 4.894442
v 1.001480 0.226113 4.913082
v 0.916267 0.190869 4.938304
v 1.055815 0.184032 4.941299
v 1.045226 0.138235 4.893714
v 0.891957 0.173838 4.929844
v 0.965396 0.150877 4.908899
v 1.045532 0.051180 4.935716
v -0.924600 0.610176 4.867627
v -0.929524 0.500051 4.905288
v -0.938711 0.601692 4.938419
v 0.877534 0.067463 4.869941
v 0.882900 0.003346 4.940200
v -0.943082 0.417698 4.904190
v 0.879952 0.017478 4.834089
v 0.897839 -0.063219 4.880563
v -0.974864 0.378225 4.901172
v -0.959585 0.435014 4.937035
v 0.928772 -0.171694 4.903153
v -1.024959 0.307740 4.853478
v -1.046507 0.301597 4.924311
v -1.066216 0.271136 4.865077
v -0.902666 0.231797 4.892973
v -0.940560 0.194175 4.899492
v 0.918203 -0.415959 4.912877
v 0.929327 -0.344383 4.807224
v -1.094042 0.180345 4.935195
v -1.066607 0.221852 4.852848
v -1.069862 0.148259 4.899440
v -1.002020 0.126716 4.922682
v -0.853335 0.191555 4.887432
v -0.887462 0.078274 4.921958
v -0.899427 -0.004308 4.885864
v -0.906512 -0.088427 4.849742
v 0.805730 -0.628141 4.923149
v -0.906696 -0.200020 4.884193
v 0.753023 -0.685704 4.910988
v 0.702060 -0.731351 4.887121
v -0.898424 -0.264683 4.907222
v -0.872010 -0.372183 4.929832
v 0.645336 -0.787834 4.898589
v 0.490736 -0.923187 4.838809
v 0.595370 -0.833887 4.886520
v 0.469152 -0.942833 4.909525
v -0.800826 -0.480575 4.846074
v -0.788720 -0.585715 4.904158
v 0.441186 -0.958410 4.862247
v -0.718530 -0.677218 4.903180
v -0.658258 -0.761152 4.915939
v 0.174914 -1.061948 4.862071
v 0.243435 -1.042060 4.932879
v -0.592473 -0.787002 4.854677
v -0.528457 -0.859619 4.901099
v -0.467428 -0.901010 4.865165
v -0.440679 -0.934770 4.912020
v -0.357681 -0.985802 4.923163
v -0.075251 -1.070795 4.886262
v 0.111038 -1.068703 4.885784
v 0.268533 -1.039745 4.862005
v -0.238554 -1.038988 4.875168
v 0.070844 2.066449 4.871689
v 0.087450 1.962425 4.844459
v 0.044449 1.975713 4.876833
v 0.071677 1.918101 4.817241
v 0.131910 1.985414 4.862408
v 0.155073 1.902328 4.828687
v 0.162813 1.926048 4.879299
v -0.016095 1.908057 4.888216
v -0.007084 1.905772 4.817345
v 0.108644 1.912489 4.805288
v 0.200301 1.888355 4.852055
v 0.234600 1.880587 4.781068
v 0.239562 1.856035 4.839867
v 0.333838 1.802528 4.791934
v 0.368728 1.755115 4.850455
v -0.230937 1.740755 4.863734
v 0.439486 1.705120 4.826226
v 0.421800 1.728365 4.779255
v 0.500875 1.664270 4.825709
v 0.571238 1.613827 4.754259
v -0.137011 1.836039 4.722651
v 0.735632 1.466368 4.835179
v -0.330184 1.697300 4.840015
v -0.343769 1.690389 4.769164
v 0.815432 1.288887 4.750802
v 0.755461 1.412444 4.775638
v -0.408731 1.646172 4.733541
v -0.481934 1.597948 4.745125
v 0.892111 1.138985 4.772912
v 0.924696 1.046158 4.760219
v -0.582682 1.517739 4.815529
v 0.941580 1.025293 4.830822
v 0.943590 0.963428 4.747650
v 0.955963 0.870745 4.735013
v -0.717414 1.337132 4.849742
v -0.799928 1.128721 4.753726
v 0.958944 0.562687 4.732345
v 0.943921 0.443482 4.754964
v 0.966572 0.509598 4.838107
v 0.955415 0.439036 4.861136
v -0.857722 0.949008 4.740523
v 0.921549 0.376184 4.766247
v -0.910314 0.717513 4.809493
v -0.898183 0.837353 4.822299
v 0.893144 0.310692 4.789367
v 0.874552 0.167770 4.823596
v -0.905178 0.592331 4.784788
v -0.893312 0.650838 4.738044
v -0.900783 0.479111 4.842823
v 0.929035 -0.170857 4.785113
v 0.892711 -0.037980 4.750944
v -0.917430 0.446952 4.878004
v -0.878901 0.426480 4.818701
v -0.863708 0.356419 4.841664
v -0.912930 0.396063 4.873914
v -0.838694 0.358264 4.782590
v 0.918343 -0.113385 4.726615
v -0.984422 0.287869 4.817785
v -0.930220 0.341293 4.865320
v -0.918824 0.299070 4.853683
v -0.889199 0.314442 4.860253
v -0.842820 0.287705 4.829211
v -0.866038 0.269971 4.866808
v 0.936835 -0.247194 4.737215
v -1.033806 0.248913 4.819228
v -0.981708 0.257345 4.808285
v -1.011273 0.202592 4.817121
v -1.040236 0.188957 4.832220
v -0.955611 0.261408 4.820653
v -0.981592 0.207645 4.828889
v -0.840143 0.237363 4.828769
v -0.881505 0.064667 4.839192
v -0.857403 0.131881 4.768881
v 0.917218 -0.377235 4.747949
v 0.877605 -0.488698 4.770701
v -0.880478 0.028139 4.720829
v -0.897287 -0.063433 4.767301
v 0.861460 -0.531870 4.841199
v 0.841619 -0.551250 4.723039
v 0.798559 -0.612718 4.781646
v -0.884556 -0.256029 4.824627
v -0.893408 -0.191092 4.789797
v 0.733687 -0.690888 4.769339
v -0.865077 -0.315669 4.812256
v 0.683291 -0.749271 4.768970
v 0.616546 -0.815344 4.827600
v -0.811808 -0.426421 4.693111
v -0.824124 -0.423832 4.858431
v 0.587979 -0.849163 4.780166
v -0.766136 -0.515786 4.786654
v -0.736763 -0.574810 4.821480
v -0.699618 -0.623169 4.761941
v -0.643987 -0.714384 4.831833
v 0.483491 -0.944789 4.756010
v 0.394586 -0.992335 4.814859
v -0.543761 -0.828007 4.806975
v -0.625353 -0.732802 4.772601
v 0.322660 -1.032009 4.802904
v 0.222396 -1.067152 4.791064
v 0.374190 -1.016994 4.767482
v -0.487520 -0.884798 4.782725
v -0.407874 -0.947284 4.840997
v -0.390375 -0.968901 4.758131
v 0.051523 -1.098287 4.755836
v 0.045175 -1.080354 4.826836
v -0.070375 -1.092390 4.756212
v 0.141152 -1.088954 4.767482
v -0.273286 -1.030178 4.804509
v -0.293369 -1.016360 4.863705
v -0.184957 -1.063873 4.792178
v -0.124178 -1.068368 4.850999
v -0.001150 1.919942 4.663991
v -0.047138 1.894461 4.711112
v 0.022872 1.915611 4.781935
v 0.106362 1.906050 4.758021
v 0.191323 1.900354 4.781354
v 0.170322 1.914484 4.651682
v 0.267315 1.867388 4.733649
v 0.237528 1.892106 4.651309
v 0.356252 1.797331 4.661979
v 0.394074 1.759228 4.720572
v 0.451897 1.707252 4.708164
v 0.483380 1.688324 4.766941
v 0.560570 1.621268 4.636304
v -0.252312 1.748681 4.710400
v 0.643981 1.531843 4.670724
v 0.703228 1.482980 4.740973
v -0.341567 1.690432 4.674721
v 0.837179 1.220140 4.691127
v -0.584822 1.482208 4.697181
v -0.654652 1.380443 4.696488
v -0.707392 1.285580 4.707614
v 0.967477 0.720968 4.721884
v -0.735212 1.183608 4.624176
v -0.828787 1.051273 4.741329
v 0.949349 0.653069 4.638714
v 0.930366 0.435835 4.695911
v 0.860835 0.309318 4.683199
v 0.900953 0.395871 4.660231
v -0.863692 0.864630 4.692592
v -0.875540 0.757078 4.679891
v 0.870731 0.256058 4.765346
v 0.862925 0.110200 4.740498
v 0.853190 0.200166 4.705886
v -0.873473 0.508467 4.736762
v 0.860118 0.074602 4.657566
v -0.839160 0.476508 4.677371
v 0.874278 0.033388 4.609953
v 0.935473 -0.184431 4.678737
v -0.813996 0.353893 4.699854
v -0.814439 0.267499 4.687305
v 0.936961 -0.271524 4.677981
v 0.924931 -0.341987 4.677405
v 0.898903 -0.432516 4.641279
v 0.800872 -0.612672 4.722618
v 0.738494 -0.703948 4.662972
v -0.870944 -0.271679 4.694604
v 0.586588 -0.878965 4.673671
v -0.765816 -0.509945 4.727682
v 0.500451 -0.975505 4.661263
v 0.533227 -0.924224 4.697031
v 0.674415 -1.005995 4.720867
v 0.768305 -0.824726 4.664077
v 0.660071 -0.951692 4.684651
v 0.611661 -1.048134 4.723501
v 0.722992 -1.008898 4.718749
v 0.795685 -0.932513 4.684455
v 0.777363 -0.914485 4.699471
v -0.719455 -0.597515 4.667778
v 0.406423 -1.044993 4.672718
v 0.542382 -1.050857 4.695913
v 0.541683 -1.073792 4.719327
v 0.634843 -1.092676 4.738146
v 0.546050 -1.139069 4.750529
v 0.686877 -1.084039 4.703582
v 0.744993 -1.027837 4.671963
v 0.596639 -1.167123 4.718375
v -0.662975 -0.693260 4.666801
v -0.535793 -0.840991 4.747819
v -0.610505 -0.763039 4.701472
v 0.330736 -1.074981 4.684465
v 0.266627 -1.082476 4.708176
v 0.422425 -1.124649 4.719206
v 0.467864 -1.151589 4.752126
v 0.543124 -1.187633 4.748318
v -0.506984 -0.904889 4.640949
v -0.427633 -0.967704 4.663804
v 0.093869 -1.120046 4.699249
v 0.246524 -1.106615 4.684416
v 0.314179 -1.127298 4.668472
v 0.233268 -1.189228 4.754566
v 0.300176 -1.172908 4.734724
v 0.344196 -1.150952 4.730992
v 0.326947 -1.206328 4.765362
v 0.421982 -1.099374 4.669827
v 0.472693 -1.215093 4.765484
v 0.421194 -1.260765 4.766500
v 0.506224 -1.225467 4.741720
v -0.366078 -1.008230 4.675095
v -0.222057 -1.062980 4.745066
v -0.282293 -1.056763 4.686256
v -0.197687 -1.102314 4.675699
v -0.121582 -1.097205 4.720893
v -0.133683 -1.134823 4.673123
v -0.073893 -1.181969 4.743643
v -0.051314 -1.148407 4.676184
v -0.032835 -1.169077 4.720036
v -0.010436 -1.136558 4.680167
v -0.003264 -1.114306 4.711024
v 0.026051 -1.178373 4.707994
v 0.083179 -1.153649 4.678827
v 0.177628 -1.208737 4.755383
v 0.143020 -1.160113 4.678484
v 0.073047 -1.226644 4.766475
v 0.258531 -1.146970 4.677129
v 0.189575 -1.249809 4.778937
v 0.085337 -1.266540 4.785152
v 0.369094 -1.269193 4.777004
v 0.415006 -1.279992 4.741493
v 0.505898 -1.264428 4.623340
v -0.572807 -0.996523 4.669168
v -0.391897 -1.091015 4.720499
v -0.458769 -1.027486 4.675175
v -0.454666 -1.133107 4.717548
v -0.396119 -1.064779 4.700694
v -0.313687 -1.117564 4.709425
v -0.363107 -1.037633 4.647587
v -0.312416 -1.153288 4.735725
v -0.361001 -1.150356 4.734540
v -0.180776 -1.207327 4.763097
v -0.255430 -1.208549 4.760073
v -0.167455 -1.124207 4.675447
v -0.128841 -1.199468 4.755443
v -0.046273 -1.212598 4.769056
v -0.075219 -1.265473 4.783146
v -0.005639 -1.279622 4.742618
v -0.007755 -1.286445 4.748467
v -0.007787 -1.286343 4.736663
v 0.002013 -1.289474 4.742513
v -0.063329 -1.306361 4.785383
v 0.157065 -1.313883 4.785997
v 0.242942 -1.316091 4.775597
v 0.196815 -1.343898 4.729719
v 0.313854 -1.313494 4.753278
v 0.346641 -1.323264 4.682279
v -0.360662 -1.227854 4.732207
v -0.495604 -1.144765 4.691472
v -0.458632 -1.184466 4.685624
v -0.299302 -1.268747 4.728844
v -0.273166 -1.264806 4.755376
v -0.299854 -1.231656 4.755917
v -0.198329 -1.302249 4.754741
v -0.247558 -1.300573 4.707669
v -0.213285 -1.271403 4.770472
v -0.138006 -1.307507 4.773634
v 0.002781 -1.332091 4.777556
v -0.072906 -1.336246 4.754113
v -0.139202 -1.348663 4.659746
v -0.044412 -1.362248 4.671180
v 0.041475 -1.364799 4.682734
v 0.099052 -1.340563 4.765422
v 0.097405 -1.382472 4.611604
v -0.061149 1.887009 4.640256
v 0.108018 1.913532 4.628230
v 0.046631 1.915082 4.628621
v 0.305857 1.834397 4.627019
v 0.373661 1.774819 4.614520
v -0.174277 1.811199 4.651709
v 0.488676 1.668058 4.636900
v 0.457669 1.649199 4.577797
v 0.548107 1.621799 4.589124
v -0.196172 1.781335 4.604290
v -0.268306 1.729611 4.627645
v 0.738189 1.400358 4.622119
v -0.312407 1.679390 4.591916
v 0.777030 1.326359 4.621377
v -0.423303 1.605711 4.556161
v -0.470728 1.570773 4.603204
v 0.889214 1.054608 4.571513
v -0.524944 1.537975 4.650285
v -0.544536 1.492817 4.567314
v 0.862312 1.114332 4.548491
v 0.905623 0.989017 4.559098
v 0.929975 0.869239 4.593413
v 0.940442 0.792182 4.616329
v 0.932750 0.720721 4.568515
v -0.794018 1.090379 4.670746
v -0.761489 1.093341 4.564443
v -0.797204 1.030059 4.599406
v 0.924174 0.562454 4.578975
v 0.930484 0.498133 4.637426
v -0.832582 0.905072 4.598421
v -0.831972 0.855656 4.562579
v 0.840370 0.366089 4.577503
v 0.886190 0.413354 4.601398
v 0.833254 0.281429 4.612205
v -0.834601 0.732826 4.549721
v -0.866654 0.581030 4.678347
v 0.831608 0.146190 4.563823
v 0.834755 0.218989 4.623466
v -0.799475 0.446342 4.617981
v -0.808976 0.495175 4.594819
v 0.926007 -0.093630 4.526086
v 0.915018 -0.078622 4.632487
v -0.778144 0.392933 4.593854
v -0.792525 0.322935 4.628702
v -0.752737 0.360872 4.505408
v 0.930603 -0.330569 4.571247
v 0.939725 -0.271383 4.548124
v -0.820881 0.183546 4.603965
v -0.872064 0.026410 4.602745
v -0.886354 -0.043617 4.637592
v 0.829800 -0.584011 4.640155
v 0.864385 -0.557208 4.567693
v -0.888498 -0.154501 4.660250
v 0.866401 -0.669640 4.620888
v 0.891136 -0.590566 4.591108
v 0.824843 -0.643988 4.596384
v 0.805529 -0.638061 4.616144
v 0.885377 -0.688000 4.622045
v -0.879977 -0.201941 4.588989
v 0.722496 -0.772744 4.608848
v 0.723126 -0.810086 4.610954
v 0.878939 -0.747928 4.631787
v 0.863054 -0.841888 4.626036
v 0.897114 -0.790368 4.579171
v 0.912874 -0.708889 4.603441
v 0.649120 -0.848708 4.616664
v 0.696483 -0.777077 4.627729
v 0.812715 -0.801576 4.663180
v 0.842937 -0.823435 4.659009
v -0.842472 -0.354157 4.599380
v -0.795901 -0.479825 4.550951
v 0.634944 -0.893757 4.617984
v 0.677133 -0.894823 4.637881
v 0.785675 -0.966395 4.672385
v 0.844550 -0.934234 4.519045
v 0.832689 -0.906578 4.625558
v 0.547353 -0.952962 4.637723
v 0.543245 -0.988782 4.635850
v 0.615562 -0.949686 4.637569
v 0.758565 -1.055939 4.553638
v -0.721997 -0.626842 4.549485
v -0.635108 -0.760755 4.595316
v 0.447379 -1.057743 4.653964
v 0.497150 -1.057003 4.660567
v 0.694916 -1.134900 4.553126
v -0.556729 -0.840669 4.665246
v 0.310019 -1.101261 4.671730
v 0.587601 -1.200850 4.647280
v -0.673591 -0.803964 4.571436
v -0.637526 -0.926399 4.637979
v -0.615684 -0.895997 4.618628
v -0.574643 -0.844042 4.606240
v -0.528446 -0.973215 4.650030
v -0.582626 -0.869000 4.582809
v -0.487656 -0.961078 4.620618
v 0.112790 -1.138223 4.679153
v 0.224742 -1.136299 4.673089
v 0.584144 -1.248250 4.517028
v 0.635729 -1.190609 4.564608
v -0.734114 -0.907929 4.582505
v -0.665933 -1.003829 4.605104
v -0.670704 -0.953011 4.629204
v -0.299066 -1.070264 4.659147
v 0.441687 -1.310538 4.587698
v -0.581113 -1.104875 4.615810
v -0.582836 -1.067568 4.662398
v -0.548999 -1.078394 4.684427
v 0.245569 -1.377149 4.564037
v 0.282198 -1.346637 4.658640
v 0.330723 -1.348728 4.599469
v -0.503362 -1.168503 4.638663
v -0.434409 -1.224433 4.626192
v -0.290623 -1.317417 4.589591
v -0.258300 -1.369955 4.471005
v -0.124615 -1.379329 4.565005
v -0.056024 -1.396905 4.541060
v 0.038674 1.891028 4.557393
v -0.041167 1.868751 4.592828
v 0.024717 1.885398 4.592796
v 0.122509 1.881553 4.592502
v 0.171883 1.881752 4.556957
v 0.084874 1.881551 4.498165
v 0.202806 1.861450 4.592114
v 0.268777 1.835755 4.556302
v 0.200454 1.855801 4.485829
v 0.326822 1.784688 4.532097
v 0.326040 1.781398 4.579290
v 0.011413 1.877591 4.510131
v -0.058862 1.856787 4.533748
v -0.097291 1.837196 4.557291
v -0.167989 1.772646 4.580532
v 0.389485 1.707773 4.578485
v 0.382910 1.727001 4.531450
v 0.522310 1.619284 4.541953
v -0.155199 1.787052 4.509794
v -0.260986 1.678266 4.568159
v 0.578772 1.575126 4.517812
v 0.635099 1.519899 4.564403
v 0.690472 1.445696 4.551810
v 0.720522 1.382183 4.492159
v -0.391270 1.626047 4.556251
v -0.295632 1.652417 4.520810
v 0.764444 1.289215 4.455824
v 0.813417 1.207719 4.525818
v -0.514576 1.486682 4.460939
v 0.822181 1.157956 4.466342
v 0.880539 0.985395 4.476501
v 0.854004 1.068091 4.465481
v -0.590181 1.411118 4.507708
v -0.655176 1.319837 4.554311
v -0.632407 1.313497 4.447954
v 0.913227 0.814045 4.498544
v 0.899420 0.719668 4.462352
v 0.917451 0.664032 4.520846
v 0.904722 0.593881 4.508470
v -0.756480 0.981401 4.433613
v -0.703992 1.138126 4.434826
v 0.895014 0.485194 4.554776
v 0.844988 0.514055 4.460721
v 0.808942 0.438686 4.471971
v -0.801012 0.920619 4.504035
v 0.817979 0.373507 4.530408
v -0.784871 0.866498 4.444501
v 0.806727 0.228641 4.517383
v -0.806068 0.699644 4.478530
v -0.831542 0.570620 4.595531
v 0.796554 0.212725 4.411031
v -0.765136 0.557821 4.477196
v -0.794475 0.621655 4.489415
v 0.907042 -0.012765 4.444203
v 0.863034 0.068320 4.515848
v -0.752875 0.472247 4.511839
v -0.738882 0.443276 4.487943
v 0.943398 -0.186782 4.478018
v -0.759536 0.301370 4.474967
v 0.927324 -0.390860 4.499907
v 0.953927 -0.275026 4.441813
v -0.860556 0.048641 4.461250
v 0.903615 -0.470204 4.522894
v 0.872094 -0.571994 4.565477
v 0.956014 -0.461962 4.524133
v 0.967367 -0.589368 4.533500
v 0.983475 -0.495347 4.522465
v 0.957464 -0.575850 4.557253
v 1.002840 -0.476418 4.487163
v -0.871618 -0.033765 4.366131
v -0.882483 -0.081040 4.519212
v 0.945059 -0.681253 4.520962
v 0.925214 -0.785828 4.449284
v 0.975577 -0.652907 4.414884
v 0.923202 -0.711956 4.579778
v -0.873561 -0.207232 4.470880
v -0.865416 -0.272315 4.552931
v 0.876520 -0.882240 4.495800
v -0.830487 -0.397277 4.516343
v 0.818973 -1.012254 4.447612
v -0.707927 -0.676186 4.513608
v -0.756617 -0.590641 4.479063
v 0.714227 -1.150210 4.458505
v -0.869712 -0.679062 4.514103
v -0.850084 -0.734832 4.525259
v -0.816909 -0.708212 4.533007
v -0.825332 -0.655814 4.501933
v -0.787351 -0.692619 4.513964
v -0.697282 -0.720965 4.512116
v -0.752185 -0.778353 4.566197
v 0.667476 -1.199775 4.458201
v -0.782889 -0.867455 4.535765
v -0.750890 -0.853150 4.583381
v -0.701842 -1.004254 4.522563
v 0.490897 -1.310050 4.504939
v 0.416952 -1.348176 4.493002
v -0.627414 -1.101937 4.521522
v 0.345585 -1.377914 4.469327
v -0.562002 -1.156612 4.544484
v -0.500029 -1.233700 4.472826
v -0.001844 -1.420135 4.469889
v 0.189545 -1.402249 4.493142
v 0.270821 -1.432758 4.327397
v -0.392858 -1.287150 4.518297
v -0.343692 -1.326932 4.483409
v -0.191036 -1.392146 4.470634
v 0.155943 1.833351 4.426732
v 0.096011 1.839731 4.415141
v 0.291243 1.791014 4.449615
v 0.232331 1.801236 4.402641
v -0.065097 1.837791 4.486382
v -0.169037 1.761613 4.450588
v 0.033615 1.837880 4.427097
v 0.350881 1.744802 4.437252
v 0.397097 1.695877 4.389487
v 0.485070 1.620533 4.447626
v -0.235864 1.708310 4.462110
v 0.506431 1.609163 4.482884
v 0.581569 1.534382 4.423016
v 0.640083 1.483997 4.446033
v -0.323484 1.624429 4.473424
v -0.428340 1.558624 4.449526
v -0.357762 1.577879 4.402286
v 0.696348 1.378153 4.397751
v 0.730926 1.302286 4.361590
v 0.827812 1.052232 4.382782
v -0.556752 1.401605 4.377685
v -0.665456 1.249560 4.459294
v -0.585336 1.336630 4.341787
v 0.865899 0.805116 4.380547
v -0.653258 1.221613 4.376388
v 0.864548 0.743647 4.382394
v 0.870057 0.605347 4.437834
v 0.886233 0.637287 4.449871
v 0.804820 0.552004 4.390328
v -0.732988 0.912774 4.350325
v 0.756280 0.517981 4.365041
v 0.776387 0.350120 4.447684
v 0.769444 0.414365 4.424649
v -0.751875 0.794786 4.372966
v 0.777382 0.288115 4.423537
v -0.752792 0.683515 4.395617
v 0.833323 0.134287 4.433865
v -0.689304 0.564757 4.364992
v -0.704543 0.482608 4.405558
v 0.888333 0.043086 4.385711
v 0.937817 -0.096244 4.384377
v 0.924939 -0.042413 4.349462
v -0.719146 0.388206 4.404781
v 0.951200 -0.174890 4.407272
v 0.953959 -0.349402 4.456034
v 0.966727 -0.229185 4.394738
v 1.005432 -0.303643 4.444900
v 1.015341 -0.232214 4.407177
v 1.038262 -0.326235 4.429342
v 1.007404 -0.415934 4.481821
v 1.048641 -0.242602 4.394622
v -0.797629 0.214179 4.497926
v -0.747472 0.273741 4.356651
v 0.980711 -0.382764 4.479998
v -0.821317 0.144795 4.402952
v 0.994968 -0.560197 4.439241
v -0.877344 -0.131330 4.412523
v -0.866240 -0.258484 4.399590
v -0.845491 -0.376116 4.363105
v 0.909504 -0.879238 4.365887
v 0.870343 -0.965816 4.353439
v -0.830410 -0.430547 4.386204
v -0.808287 -0.511762 4.385444
v -0.928306 -0.509209 4.385786
v -0.931685 -0.559786 4.417238
v -0.892009 -0.591654 4.455805
v -0.907751 -0.642064 4.479702
v -0.751221 -0.655461 4.454879
v -0.872533 -0.528719 4.392977
v -0.812053 -0.572557 4.398380
v -0.778199 -0.583436 4.426535
v 0.781573 -1.098927 4.376135
v -0.938721 -0.644316 4.431866
v -0.908385 -0.691268 4.466794
v 0.681588 -1.213151 4.375416
v 0.569674 -1.293864 4.398627
v 0.617848 -1.296264 4.292236
v -0.856874 -0.843058 4.394517
v -0.926394 -0.746737 4.371925
v 0.461611 -1.345154 4.433886
v -0.748816 -0.988821 4.440190
v -0.698777 -1.078641 4.415672
v 0.348656 -1.407948 4.351013
v -0.638362 -1.160681 4.391192
v -0.582437 -1.180590 4.449895
v 0.129077 -1.435463 4.398579
v -0.411441 -1.305423 4.436547
v -0.452218 -1.315653 4.353945
v -0.335194 -1.376527 4.364912
v -0.263428 -1.423118 4.328905
v -0.101897 -1.422865 4.434717
v -0.201379 -1.461065 4.281192
v -0.142642 -1.471038 4.280950
v 0.011837 -1.453475 4.363322
v -0.029444 1.795830 4.367878
v 0.019921 1.796004 4.332334
v -0.109800 1.738555 4.284966
v 0.085696 1.808585 4.320463
v 0.145237 1.801370 4.308437
v 0.214489 1.784884 4.343525
v 0.326090 1.745685 4.378302
v 0.428202 1.624555 4.258938
v 0.370341 1.690920 4.306883
v -0.114132 1.762686 4.367818
v -0.179441 1.692018 4.272945
v 0.517562 1.530241 4.269690
v -0.212702 1.689563 4.343841
v 0.631472 1.424065 4.303883
v -0.367673 1.540537 4.319357
v 0.765578 1.216024 4.348948
v -0.464823 1.512785 4.413813
v -0.428452 1.497890 4.307346
v -0.493191 1.468311 4.366287
v 0.809348 0.996722 4.311523
v -0.534760 1.382951 4.294833
v 0.805138 0.713416 4.309888
v 0.806408 0.849331 4.286650
v -0.650054 1.122249 4.292889
v 0.836372 0.653629 4.367513
v -0.715972 0.994042 4.350982
v 0.712114 0.569552 4.296290
v -0.703003 0.879044 4.290931
v -0.667273 1.028854 4.268520
v 0.713930 0.482171 4.319139
v -0.700302 0.766704 4.304677
v 0.746755 0.384752 4.377234
v 0.747753 0.335121 4.353194
v 0.716811 0.382447 4.294662
v 0.752720 0.284517 4.293721
v -0.649873 0.651901 4.294031
v -0.669780 0.521716 4.334976
v -0.647536 0.576864 4.299978
v 0.882275 0.070479 4.291527
v -0.686548 0.427996 4.334211
v 0.944348 -0.085280 4.301821
v 0.916842 0.023116 4.208394
v -0.731181 0.318021 4.368794
v -0.687516 0.391451 4.298484
v 1.002831 -0.153020 4.348300
v 1.046792 -0.170413 4.336227
v 0.966090 -0.151593 4.336605
v -0.729544 0.281209 4.262229
v 1.076455 -0.262997 4.299935
v 1.073219 -0.360966 4.297513
v -0.799366 0.176616 4.320536
v -0.766168 0.230496 4.309108
v 1.022593 -0.494276 4.392518
v -0.846856 0.070183 4.319744
v -0.858141 0.024787 4.248555
v 1.007164 -0.649702 4.315335
v 1.034281 -0.583752 4.285473
v 0.978785 -0.739715 4.307927
v -0.870023 -0.219432 4.305500
v -0.875072 -0.118751 4.294579
v 0.940598 -0.863633 4.283306
v 0.896536 -0.961066 4.273707
v -0.953510 -0.390998 4.285038
v -0.972969 -0.484298 4.338902
v -0.847268 -0.486662 4.327642
v -0.845961 -0.437383 4.303554
v 0.829162 -1.063766 4.293680
v -0.975741 -0.545391 4.350187
v 0.747733 -1.186446 4.269229
v -0.962512 -0.722623 4.325012
v -0.995646 -0.674790 4.290099
v -0.908248 -0.838431 4.288453
v 0.688114 -1.242018 4.280713
v -0.788175 -1.006618 4.333899
v 0.473077 -1.384692 4.280054
v 0.558350 -1.328415 4.315727
v 0.404303 -1.400441 4.315516
v -0.734410 -1.110380 4.297446
v -0.588323 -1.236483 4.326372
v -0.513889 -1.313790 4.283297
v -0.445154 -1.370208 4.259018
v -0.301875 -1.464599 4.210602
v -0.052163 1.764592 4.273232
v 0.031842 1.795768 4.261473
v 0.072882 1.810220 4.143442
v 0.210672 1.773770 4.284416
v 0.213503 1.784577 4.178259
v 0.296422 1.731684 4.283823
v 0.336599 1.702674 4.248052
v 0.404961 1.645069 4.223763
v 0.487545 1.556555 4.234583
v -0.126684 1.725277 4.225873
v 0.532903 1.501365 4.210377
v 0.572138 1.467957 4.257202
v 0.611498 1.406247 4.221150
v 0.665804 1.339375 4.255842
v -0.310533 1.572507 4.260458
v 0.727600 1.245485 4.278476
v -0.364082 1.521533 4.224747
v 0.744389 1.153758 4.254030
v 0.698978 1.242608 4.216093
v -0.474654 1.438553 4.259739
v -0.402845 1.478372 4.189064
v 0.770348 0.997178 4.240705
v -0.552287 1.277730 4.212225
v -0.477707 1.390566 4.188505
v 0.753673 0.915986 4.216538
v 0.766424 0.787946 4.250813
v -0.595909 1.106030 4.186364
v 0.767728 0.713074 4.277363
v 0.644270 0.715490 4.191349
v 0.661068 0.610847 4.235857
v -0.630430 0.955931 4.196964
v 0.695944 0.438701 4.271595
v 0.664310 0.523187 4.236994
v -0.663739 0.805093 4.253475
v -0.631335 0.869508 4.206941
v -0.636427 0.734614 4.253449
v 0.779498 0.240189 4.234243
v 0.694945 0.365342 4.197053
v 0.731063 0.304446 4.199513
v -0.595034 0.709496 4.216107
v -0.584770 0.656839 4.206064
v -0.584460 0.594959 4.193725
v 0.838271 0.150920 4.280535
v -0.636996 0.499572 4.263869
v 0.857884 0.136017 4.197721
v -0.618462 0.469538 4.192732
v 0.952651 -0.075315 4.275659
v 0.893719 0.093623 4.138236
v 0.992834 -0.025914 4.253174
v 1.035647 -0.086691 4.266152
v 1.015715 0.008228 4.208002
v 1.086171 -0.141018 4.135697
v -0.698458 0.345580 4.274508
v -0.652244 0.393641 4.180363
v 1.063488 -0.197132 4.312343
v 1.104015 -0.261373 4.193634
v 1.105429 -0.382666 4.192583
v -0.836800 0.092410 4.237276
v 1.115485 -0.434964 4.144886
v 1.037980 -0.683181 4.190168
v 1.069491 -0.594010 4.179049
v -0.869096 -0.033179 4.189060
v -0.869555 -0.180799 4.093350
v -0.865656 -0.257471 4.246138
v 1.019995 -0.800809 4.130177
v -0.859965 -0.370639 4.245145
v -0.865974 -0.306504 4.198496
v -0.988092 -0.303027 4.210656
v -0.979581 -0.395141 4.281974
v -1.016583 -0.370738 4.233757
v -0.927493 -0.386676 4.267424
v -0.891363 -0.349145 4.186391
v -0.969669 -0.283415 4.187168
v -0.876223 -0.340261 4.180102
v 0.935702 -0.947980 4.188154
v 0.868554 -1.050775 4.211055
v -1.003278 -0.461921 4.280153
v -0.999494 -0.537455 4.291293
v -1.034622 -0.537941 4.185143
v -1.011330 -0.755741 4.195005
v 0.661859 -1.295075 4.209496
v 0.719110 -1.263324 4.174204
v -0.960200 -0.846088 4.194088
v -0.900557 -0.914642 4.228751
v 0.588019 -1.350075 4.197414
v 0.697446 -1.315358 4.102985
v -0.837135 -1.008952 4.239573
v 0.401843 -1.430819 4.220822
v 0.293563 -1.460283 4.220856
v 0.474797 -1.433326 4.126169
v -0.823038 -1.075613 4.191741
v -0.694761 -1.180367 4.261322
v -0.742755 -1.174469 4.196749
v -0.635240 -1.265643 4.213209
v 0.097131 -1.500813 4.197421
v -0.015961 -1.537722 4.126576
v 0.213911 -1.487895 4.173612
v -0.489033 -1.390415 4.186546
v -0.139418 -1.536779 4.126913
v -0.037029 -1.488942 4.256905
v -0.005728 1.795976 4.167137
v 0.121628 1.808628 4.096079
v 0.296613 1.733499 4.213011
v 0.358938 1.697641 4.094488
v 0.279324 1.759012 4.107036
v -0.070165 1.770093 4.131672
v -0.173373 1.703771 4.107766
v 0.415890 1.641690 4.152877
v 0.451969 1.599062 4.152412
v 0.484393 1.546185 4.104651
v -0.267658 1.609337 4.154420
v -0.174560 1.690942 4.213902
v -0.212463 1.666853 4.072137
v 0.562690 1.439565 4.162545
v 0.592311 1.376832 4.138314
v -0.327883 1.541857 4.130389
v 0.623442 1.279544 4.116506
v 0.640820 1.224594 4.113262
v 0.688824 1.171973 4.161876
v -0.424091 1.411352 4.119145
v 0.716191 1.101316 4.182362
v 0.664318 1.155230 4.124405
v 0.679126 1.076226 4.135488
v 0.681271 0.951706 4.146465
v -0.489430 1.332658 4.152622
v 0.720602 0.839923 4.196772
v 0.623279 0.846279 4.137372
v -0.545870 1.103183 4.117969
v 0.587208 0.770997 4.138511
v 0.587271 0.659460 4.155744
v 0.579058 0.587967 4.133139
v -0.583553 0.943645 4.149514
v 0.598668 0.532255 4.137592
v 0.655765 0.476633 4.203649
v -0.573850 0.777332 4.183912
v -0.494950 0.864514 4.101377
v -0.519466 0.785332 4.136172
v 0.634444 0.409851 4.106245
v -0.545372 0.694303 4.159064
v 0.771120 0.254703 4.128150
v 0.686817 0.341294 4.093709
v -0.505836 0.719275 4.121536
v 0.835752 0.185451 4.091966
v 0.986421 0.112916 4.138156
v 0.968203 0.093924 4.163491
v -0.554961 0.573756 4.134439
v -0.587482 0.485087 4.121956
v -0.699956 0.309846 4.156157
v -0.624702 0.398173 4.074086
v 1.142547 -0.244840 4.063823
v -0.799303 0.168702 4.048962
v 1.124541 -0.314066 4.145905
v -0.836899 0.093178 4.142847
v -0.873924 -0.291166 4.139627
v 1.069176 -0.716925 4.083552
v -0.957860 -0.245104 4.140248
v -1.001412 -0.226333 4.147471
v 0.988184 -0.902077 4.117583
v -1.034556 -0.253054 4.151399
v -1.038989 -0.313724 4.175286
v -1.045841 -0.410567 4.174469
v 0.952582 -1.014342 4.081295
v -1.078862 -0.473685 4.079574
v 0.852856 -1.168570 4.080229
v -1.053322 -0.667994 4.160460
v -1.033241 -0.721127 4.183558
v -1.076917 -0.734264 4.089124
v 0.775439 -1.255571 4.079684
v -1.035548 -0.833913 4.088153
v 0.590937 -1.378701 4.114527
v -0.987958 -0.923146 4.087256
v -0.864533 -1.024616 4.180488
v -0.904932 -1.097549 4.055219
v 0.346894 -1.407204 4.126736
v 0.343821 -1.417125 4.136024
v 0.334490 -1.414114 4.126709
v 0.343779 -1.416989 4.120294
v 0.377700 -1.466576 4.126141
v 0.323816 -1.480699 4.137967
v -0.848788 -1.155374 4.073074
v -0.745996 -1.222957 4.131240
v 0.138768 -1.517951 4.126334
v 0.217559 -1.503535 4.126248
v -0.620748 -1.336133 4.131022
v -0.385539 -1.492674 4.104342
v -0.453070 -1.471126 4.092903
v -0.258177 -1.520716 4.115564
v -0.316178 -1.508408 4.115825
v 0.020216 1.801786 4.049073
v -0.028163 1.794455 4.072747
v 0.067494 1.795532 4.001674
v 0.203988 1.795275 4.083940
v 0.267492 1.762152 4.024462
v 0.386188 1.667288 4.035131
v -0.113730 1.747237 4.060763
v 0.449936 1.594020 4.069742
v 0.461078 1.551605 4.022128
v -0.150609 1.697708 3.965997
v 0.514416 1.413626 4.020794
v 0.562242 1.361016 4.075156
v -0.250147 1.617027 4.048198
v -0.324499 1.504218 4.059227
v 0.573367 1.258666 4.054713
v 0.577192 1.133710 4.053850
v 0.637148 1.126868 4.097291
v -0.407484 1.369470 4.058285
v -0.350220 1.388935 4.011081
v 0.579113 1.021582 4.071864
v -0.509704 1.166251 4.092216
v -0.484352 1.257269 4.092934
v -0.438373 1.304945 4.057810
v 0.514044 0.893595 4.067433
v 0.479072 1.003912 4.029156
v -0.417686 1.236841 4.020626
v -0.522799 1.059003 4.090761
v -0.457242 1.150108 4.044009
v -0.447476 1.023278 4.043598
v 0.473735 0.844603 4.042428
v 0.550443 0.733265 4.113492
v -0.521535 0.984306 4.096361
v 0.495218 0.676917 4.047018
v 0.531473 0.517058 4.038403
v -0.459224 0.828638 4.085323
v -0.353942 0.771382 4.002394
v 0.611313 0.416527 4.059145
v 0.531683 0.480065 4.012688
v -0.504667 0.644884 4.091687
v 0.772445 0.260526 4.033760
v 0.931612 0.254871 4.046049
v 0.887227 0.231637 4.056421
v 0.924351 0.191714 4.091784
v 0.962561 0.195356 4.080204
v -0.519553 0.587819 4.075443
v 0.865994 0.163965 4.069722
v 0.815959 0.242193 3.993492
v 1.001701 0.096043 4.126165
v 1.018279 0.116493 4.008251
v 1.046329 0.008111 4.078068
v 1.103358 -0.083542 4.006298
v -0.763861 0.219787 4.002089
v -0.682927 0.315443 4.038114
v 1.150021 -0.321536 4.074945
v 1.147892 -0.395107 4.073359
v 1.189198 -0.283541 3.968927
v 1.188489 -0.345377 3.992004
v -0.827708 0.103671 4.013062
v -0.853381 0.036767 4.106990
v 1.156720 -0.484120 4.022194
v 1.136995 -0.576941 4.025557
v -0.865465 -0.070343 4.047074
v 1.164092 -0.622045 3.954267
v 1.155328 -0.730293 3.906137
v 1.100608 -0.824808 3.952685
v -1.076900 -0.189556 4.066455
v -1.059931 -0.095651 4.035569
v -1.090421 -0.098151 4.000215
v -1.005529 -0.119967 4.058823
v -1.030648 -0.161045 4.093950
v -0.907214 -0.240463 4.081130
v -0.893915 -0.197418 4.034120
v -0.885438 -0.249994 4.086008
v -0.876296 -0.140778 3.994530
v -1.083520 -0.336093 4.080774
v -1.110599 -0.265141 4.010632
v 1.021261 -0.960978 3.987135
v 0.933859 -1.082330 4.033539
v -1.112913 -0.611096 4.031260
v -1.101984 -0.688971 4.054167
v 0.849829 -1.179808 4.056530
v 0.792502 -1.223450 4.032697
v 0.706116 -1.295437 4.055915
v -1.065256 -0.897987 3.982118
v 0.623902 -1.343896 4.067520
v 0.562382 -1.390175 4.079090
v 0.421563 -1.416410 4.079239
v 0.470929 -1.443929 4.027866
v -0.986056 -1.071325 3.967925
v 0.277768 -1.470138 4.079158
v 0.345229 -1.450987 4.079144
v 0.367266 -1.497821 4.015211
v 0.292674 -1.499242 4.035431
v -0.926248 -1.176687 3.955051
v 0.156571 -1.499908 4.079225
v 0.099515 -1.523294 4.043760
v 0.184882 -1.527201 4.037994
v -0.809446 -1.265034 4.001196
v -0.708192 -1.337095 4.035717
v -0.625098 -1.388021 4.058665
v -0.530448 -1.441346 4.069757
v -0.172660 -1.523638 4.079897
v -0.112106 -1.527636 4.067896
v -0.091890 -1.580331 4.008365
v -0.049321 -1.524750 4.067754
v 0.040383 -1.515179 4.079402
v -0.001971 -1.604082 3.984310
v -0.656442 -1.368649 3.999893
v -0.405533 -1.476557 4.045510
v -0.559558 -1.415083 4.022843
v -0.320991 -1.483383 4.057031
v -0.277748 -1.503257 4.056744
v -0.326476 -1.539165 4.001655
v -0.221005 -1.597033 3.989582
v -0.174199 -1.605516 3.984757
v -0.039599 1.770240 3.978132
v 0.110716 1.776394 3.954175
v 0.047333 1.771813 3.942499
v 0.184804 1.775473 3.977579
v 0.225729 1.748841 3.941825
v 0.306293 1.728775 3.988656
v 0.298517 1.705080 3.930013
v 0.369321 1.654433 3.952433
v -0.090128 1.752641 4.001723
v -0.064111 1.732731 3.917302
v 0.401292 1.598758 3.951867
v 0.410679 1.521272 3.927563
v 0.391657 1.490286 3.908135
v -0.233716 1.563090 3.953252
v -0.211398 1.617839 3.966452
v -0.159986 1.663796 3.932258
v 0.484445 1.311930 3.988824
v -0.286719 1.505251 3.988307
v 0.473802 1.278177 3.985758
v -0.294184 1.371661 3.963565
v 0.353620 1.093480 3.956954
v 0.381347 1.220907 3.953912
v 0.479895 1.139982 4.004186
v -0.366257 1.282743 3.992828
v 0.296616 1.148797 3.926104
v -0.365027 1.208156 3.985753
v -0.305887 1.239266 3.956518
v 0.407715 0.989541 3.992244
v 0.336500 0.999921 3.949544
v -0.341268 1.126449 3.982041
v 0.387036 0.884768 3.979527
v 0.327097 0.891553 3.942699
v -0.364904 0.923215 4.018905
v -0.300831 0.940480 3.978768
v -0.232327 1.080084 3.941880
v 0.437569 0.769628 4.008075
v 0.362784 0.768833 3.955660
v 0.414441 0.579446 3.937626
v 0.455819 0.553817 3.966308
v -0.369319 0.800824 4.021849
v -0.317907 0.846780 3.987822
v -0.285176 0.812041 3.946904
v -0.248176 0.911808 3.942408
v -0.228641 0.856339 3.918751
v -0.396318 0.661131 3.981311
v -0.323321 0.712929 3.913564
v 0.566854 0.433753 3.988584
v 0.441075 0.507136 3.918725
v 0.606252 0.402068 3.964597
v 0.523171 0.453845 3.894437
v 0.828153 0.399568 3.951333
v 0.811117 0.305738 3.975489
v 0.859789 0.302523 4.009503
v 0.892910 0.329319 3.996924
v 0.831002 0.448380 3.925038
v 0.859978 0.462335 3.893613
v 0.905258 0.369514 3.939909
v -0.461619 0.631822 4.028451
v 0.686687 0.343503 3.940268
v 0.707566 0.332018 3.892894
v 0.751558 0.312578 3.916218
v 0.954530 0.290586 3.915487
v 1.035949 0.157149 3.855095
v -0.492385 0.567427 4.006301
v -0.395627 0.599591 3.909950
v -0.550179 0.474355 3.991913
v -0.458788 0.520660 3.885828
v 1.075105 0.004367 3.971717
v 1.051037 0.085945 3.925267
v 1.150697 -0.107667 3.876112
v -0.568882 0.404936 3.896926
v -0.613379 0.358863 3.896647
v 1.195415 -0.210512 3.875104
v -0.740325 0.237863 3.907745
v -0.665822 0.313499 3.896395
v 1.251567 -0.376599 3.861716
v 1.207402 -0.400500 3.949020
v 1.228345 -0.468564 3.896397
v -0.835676 0.057231 3.941854
v 1.233634 -0.544203 3.860317
v -0.862535 -0.057970 3.929126
v -0.846372 0.011835 3.847053
v -1.014106 0.051707 3.919960
v -1.069030 -0.005616 3.966302
v -1.015467 -0.072318 4.023848
v -1.096592 -0.009122 3.941977
v -0.933282 -0.085519 3.970437
v -0.933507 0.033189 3.882885
v -0.892146 -0.071874 3.917280
v -1.130316 -0.122164 3.929286
v 1.082532 -0.868433 3.928748
v -1.122815 -0.360111 3.986235
v -1.151722 -0.251458 3.916422
v 0.999709 -0.978667 3.951626
v 0.941517 -1.084281 3.974478
v 1.008219 -0.993572 3.932334
v -1.143955 -0.439754 3.943725
v -1.120039 -0.521973 3.999297
v -1.183085 -0.563168 3.892505
v 0.846845 -1.153750 4.009545
v 0.919287 -1.089841 3.998099
v 0.888967 -1.166644 3.962103
v 0.943224 -1.121797 3.955550
v 1.069860 -1.111771 3.904493
v 0.969805 -1.154607 3.915562
v -1.175315 -0.695863 3.900843
v -1.208645 -0.604268 3.847074
v 0.843874 -1.202220 3.996945
v 0.766368 -1.252246 4.019555
v 0.834301 -1.310042 3.926817
v 0.926677 -1.252516 3.929128
v 0.996424 -1.187538 3.889578
v -1.114921 -0.741688 4.006529
v 0.716536 -1.347850 4.008217
v 0.786976 -1.381793 3.929597
v -1.088870 -0.816169 4.005818
v -1.135444 -0.844352 3.899455
v -1.167199 -0.803092 3.864482
v 0.645569 -1.399646 3.993618
v 0.739564 -1.453276 3.901087
v -1.047241 -1.002285 3.933270
v 0.571409 -1.475133 3.972090
v 0.502015 -1.539767 3.912693
v 0.575178 -1.427231 4.025273
v 0.674926 -1.482514 3.912727
v -0.871126 -1.224500 3.966296
v 0.238062 -1.592874 3.964175
v 0.358278 -1.564531 3.948277
v -0.712732 -1.330810 3.988564
v -0.824768 -1.234080 3.942480
v -0.785855 -1.282671 3.941957
v -0.730443 -1.367044 3.952885
v 0.076537 -1.595056 3.972374
v 0.191784 -1.621468 3.936425
v 0.097882 -1.643964 3.901067
v -0.666812 -1.517871 3.903898
v -0.585546 -1.457283 3.962260
v -0.485097 -1.531114 3.950814
v -0.539387 -1.545702 3.914626
v -0.410935 -1.532208 3.997826
v -0.314098 -1.616938 3.952912
v -0.115992 -1.655260 3.913344
v 0.027863 -1.625573 3.948631
v -0.393697 -1.594562 3.950023
v -0.246865 -1.638971 3.937444
v 0.110876 1.738610 3.894825
v 0.234658 1.699602 3.882354
v 0.325465 1.672966 3.917295
v -0.019182 1.757286 3.930747
v 0.010980 1.697235 3.850093
v 0.033591 1.729180 3.883145
v -0.111535 1.661298 3.883385
v 0.175464 1.708322 3.870782
v 0.337769 1.594095 3.881168
v 0.258088 1.656474 3.860377
v -0.166546 1.604259 3.896782
v 0.328212 1.535321 3.868881
v 0.343615 1.456157 3.876443
v -0.208045 1.518251 3.905577
v -0.099720 1.620653 3.857252
v -0.132235 1.556596 3.862494
v 0.375182 1.359337 3.908442
v 0.299160 1.433150 3.860708
v -0.230409 1.450950 3.916860
v -0.130378 1.444676 3.856326
v 0.282757 1.301966 3.888236
v 0.239272 1.439765 3.843543
v 0.306741 1.244712 3.913647
v -0.221967 1.349300 3.915041
v -0.074116 1.427065 3.842947
v -0.112385 1.265559 3.880709
v 0.228342 1.207697 3.890888
v -0.273388 1.303373 3.945551
v -0.179890 1.286667 3.899734
v -0.129430 1.171759 3.901320
v 0.146548 1.184119 3.868958
v 0.173881 1.113576 3.876283
v 0.219585 1.061934 3.892145
v -0.199832 1.144204 3.929417
v -0.042985 1.132411 3.869669
v -0.011103 1.233820 3.861222
v 0.113998 1.120176 3.860897
v 0.194751 0.983182 3.884599
v -0.093837 1.049339 3.879358
v -0.148843 0.992284 3.894909
v -0.037588 1.031770 3.861144
v 0.124226 0.956024 3.866714
v -0.099697 0.952234 3.872218
v 0.069149 0.899197 3.855699
v 0.174090 0.878351 3.878659
v 0.130247 0.818060 3.858228
v 0.249433 0.842039 3.905883
v -0.143450 0.891654 3.885202
v 0.221002 0.752196 3.878867
v 0.315415 0.658693 3.896760
v -0.249407 0.751832 3.875461
v -0.300138 0.767344 3.934752
v -0.129231 0.788431 3.851847
v -0.101409 0.829137 3.856634
v 0.207934 0.632952 3.827528
v 0.127879 0.732387 3.831054
v 0.362192 0.571500 3.892215
v 0.257171 0.592608 3.838909
v 0.757131 0.608568 3.823040
v 0.747223 0.537136 3.861162
v 0.792961 0.564723 3.847456
v 0.904045 0.451207 3.787158
v -0.285575 0.676884 3.837746
v 0.374013 0.530837 3.868292
v 0.415274 0.504608 3.871554
v 0.615477 0.394688 3.811048
v 0.718876 0.447018 3.865992
v 0.708877 0.375879 3.870141
v -0.344824 0.633464 3.862889
v -0.351263 0.574169 3.791566
v -0.485648 0.455327 3.826312
v 1.093360 0.044644 3.842165
v 1.138499 -0.027289 3.806010
v -0.678225 0.293390 3.801818
v 1.221768 -0.293151 3.886125
v 1.261083 -0.266212 3.768206
v -0.726409 0.246685 3.801543
v -0.764753 0.197158 3.765803
v 1.279270 -0.347551 3.779261
v -0.792365 0.155615 3.859956
v 1.267135 -0.443100 3.825686
v -1.061679 0.057851 3.918852
v -1.035354 0.142669 3.848687
v -1.091558 0.200751 3.804622
v -1.117673 0.196750 3.785200
v -0.947998 0.105726 3.845528
v 1.196203 -0.643977 3.883164
v 1.208553 -0.610373 3.836202
v -1.120461 0.085753 3.848422
v -1.154617 -0.039649 3.851218
v -0.866512 0.010951 3.835295
v 1.122039 -0.806438 3.905568
v 1.167748 -0.721463 3.859387
v 1.217597 -0.799090 3.866024
v 1.242296 -0.719897 3.822459
v -1.177463 -0.118959 3.835002
v 1.185124 -0.863283 3.886865
v 1.240731 -0.843475 3.862448
v 1.217489 -0.898087 3.869109
v 1.303381 -0.800995 3.820403
v 1.081571 -0.917532 3.915666
v -1.196674 -0.422379 3.844238
v -1.187313 -0.264450 3.845577
v 1.065089 -1.011165 3.892148
v 1.120016 -0.991145 3.867920
v 1.188730 -1.086770 3.833742
v 1.243713 -1.029640 3.809731
v 1.134038 -1.193380 3.843173
v 1.103205 -1.233173 3.842911
v 1.042620 -1.276073 3.855429
v -1.256603 -0.514149 3.749169
v 0.973650 -1.304035 3.878058
v 0.880826 -1.386095 3.865793
v -1.213222 -0.738643 3.806138
v 0.757067 -1.507638 3.817854
v -1.132289 -0.951233 3.839500
v -1.080969 -1.015865 3.862415
v -1.008081 -1.100963 3.896899
v -1.091375 -1.012221 3.815255
v -1.135619 -0.960967 3.790270
v 0.540891 -1.600270 3.794022
v -1.025165 -1.082832 3.848691
v -0.906899 -1.179894 3.907753
v -0.949183 -1.156518 3.881616
v -1.038059 -1.202641 3.862767
v -0.869054 -1.256193 3.905926
v 0.423969 -1.601044 3.853350
v 0.336001 -1.610751 3.888914
v -0.947303 -1.268510 3.883982
v -0.946104 -1.342994 3.864914
v -0.796080 -1.378172 3.905285
v 0.237385 -1.633246 3.900788
v 0.262745 -1.668798 3.794172
v -1.025602 -1.280667 3.843377
v -0.877901 -1.401662 3.873115
v -1.008751 -1.462038 3.787542
v -0.802618 -1.437781 3.878135
v -0.028847 -1.691505 3.830167
v 0.112185 -1.675933 3.829925
v -0.890970 -1.520901 3.821355
v -0.751691 -1.589499 3.820265
v -0.571468 -1.646463 3.847992
v -0.463008 -1.655970 3.861639
v -0.429764 -1.629576 3.895772
v -0.335377 -1.682847 3.854669
v -0.215989 -1.696441 3.838335
v -0.676392 -1.625669 3.830974
v -0.427843 -1.700784 3.819346
v 0.119214 1.687296 3.847141
v 0.190505 1.677833 3.850213
v 0.195245 1.614619 3.829935
v 0.262832 1.593247 3.841600
v -0.006786 1.641073 3.834341
v 0.001522 1.589041 3.823049
v 0.079697 1.601600 3.817059
v 0.192307 1.566094 3.823203
v 0.226728 1.518074 3.830095
v -0.062167 1.534751 3.834503
v 0.025282 1.507332 3.819582
v 0.092203 1.523414 3.816124
v 0.101841 1.396476 3.834685
v 0.149143 1.468306 3.822899
v 0.036190 1.305676 3.846279
v 0.173614 1.348987 3.852411
v 0.122111 1.303327 3.852098
v 0.097317 1.224444 3.859723
v 0.012665 1.152081 3.861156
v 0.021610 1.062686 3.854450
v 0.015761 0.965547 3.851098
v -0.039899 0.945909 3.855760
v 0.002815 0.845910 3.845369
v -0.041608 0.822801 3.841394
v 0.037794 0.760782 3.827239
v -0.089001 0.751268 3.819026
v 0.714894 0.671723 3.778010
v 0.689516 0.630030 3.801053
v 0.769226 0.648370 3.742001
v 0.815222 0.597936 3.741443
v 0.851811 0.516968 3.811474
v -0.167156 0.738646 3.832236
v -0.077198 0.710660 3.788708
v 0.076493 0.687773 3.791407
v 0.121322 0.672843 3.796399
v 0.104082 0.618989 3.743520
v 0.683702 0.532776 3.811061
v 0.627265 0.550962 3.757888
v 0.677252 0.472886 3.816516
v -0.232527 0.697478 3.815923
v -0.143769 0.695893 3.780259
v -0.184532 0.645917 3.728783
v 0.001416 0.608163 3.696482
v 0.178753 0.580840 3.753314
v 0.321670 0.523198 3.787350
v 0.317445 0.510957 3.718410
v 0.388682 0.499970 3.800757
v 0.226731 0.537282 3.718879
v 0.478809 0.471377 3.823879
v 0.552507 0.430923 3.787920
v 0.487054 0.460482 3.693912
v 0.565744 0.434219 3.755218
v 0.629872 0.401310 3.798968
v 0.572797 0.456860 3.741209
v 0.623279 0.502568 3.776544
v 0.989610 0.338195 3.715126
v -0.285068 0.639940 3.793784
v 1.029289 0.256122 3.726116
v 1.101214 0.142367 3.689528
v 1.133928 0.045167 3.724016
v -0.521703 0.405171 3.778756
v 1.214821 -0.177723 3.792703
v 1.212070 -0.066534 3.675624
v -0.606897 0.345552 3.754859
v -0.678173 0.294202 3.695583
v 1.271374 -0.391747 3.826118
v 1.259700 -0.428013 3.778371
v 1.297657 -0.464744 3.781860
v 1.337853 -0.415386 3.764401
v 1.351976 -0.370164 3.743289
v 1.268382 -0.281605 3.697227
v -0.997951 0.183689 3.799945
v -0.970439 0.272244 3.731587
v -1.039286 0.289206 3.743721
v 1.246817 -0.498393 3.801654
v 1.383501 -0.466845 3.759131
v 1.416620 -0.440047 3.746391
v -1.078133 0.283537 3.755583
v -0.949388 0.180831 3.792519
v -0.929092 0.246143 3.743056
v -0.874184 0.144970 3.767586
v -0.851056 0.100602 3.762231
v -0.860745 0.227708 3.724054
v -0.819099 0.090426 3.776831
v 1.207279 -0.634649 3.826746
v 1.397207 -0.619520 3.739746
v 1.336882 -0.650223 3.764688
v -1.189436 0.071263 3.730435
v -0.811007 0.125371 3.729893
v 1.439930 -0.719550 3.732947
v 1.358316 -0.743711 3.778564
v 1.378548 -0.836738 3.781846
v 1.460180 -0.812632 3.742617
v -1.232873 0.023523 3.671115
v -1.253953 -0.106057 3.681857
v 1.312964 -0.927752 3.818156
v 1.383346 -0.900141 3.783463
v 1.452460 -0.884426 3.738749
v 1.480954 -0.942718 3.715172
v -1.229931 -0.237978 3.758716
v 1.370370 -1.019675 3.765804
v -1.241331 -0.345708 3.750582
v 1.318858 -1.065309 3.762493
v 1.282170 -1.103291 3.766418
v 1.353669 -1.187172 3.700985
v 1.276266 -1.200253 3.742654
v 1.149177 -1.272028 3.795234
v 1.277423 -1.274599 3.707615
v -1.271956 -0.620507 3.724682
v 1.059695 -1.404455 3.758915
v 1.214701 -1.316849 3.722979
v -1.225423 -0.833341 3.746329
v -1.267887 -0.770104 3.699771
v 0.885043 -1.461164 3.799909
v 1.048972 -1.450410 3.736744
v 0.937767 -1.514385 3.734682
v 0.791195 -1.523103 3.782216
v 0.812673 -1.561626 3.734607
v -1.168168 -1.024912 3.782445
v 0.674301 -1.555646 3.794051
v 0.675464 -1.605053 3.734598
v -1.165395 -1.087641 3.779388
v -1.212029 -1.085148 3.755661
v -1.080237 -1.139678 3.839817
v 0.431112 -1.644614 3.770323
v 0.587219 -1.614580 3.758360
v -1.236231 -1.201246 3.750639
v -1.134707 -1.233770 3.822045
v 0.337040 -1.706149 3.687410
v -1.126369 -1.285897 3.821793
v 0.102538 -1.705563 3.770672
v 0.269247 -1.748676 3.640004
v 0.035769 -1.774354 3.664014
v 0.253019 -1.698678 3.734916
v -1.259223 -1.391872 3.731612
v -1.154202 -1.412980 3.784867
v -1.068990 -1.417536 3.788087
v -0.112659 -1.759553 3.735366
v -1.227715 -1.488495 3.740799
v -1.141156 -1.528212 3.751815
v -1.054657 -1.567737 3.740555
v -1.014124 -1.557105 3.751321
v -0.904645 -1.602875 3.776367
v -0.844789 -1.609387 3.781575
v -0.630229 -1.714099 3.784801
v -0.548101 -1.728381 3.784014
v -0.362588 -1.728954 3.795320
v -0.321088 -1.792455 3.723833
v -0.956249 -1.648207 3.738021
v -0.888693 -1.669478 3.737994
v -0.738714 -1.704511 3.761540
v -0.670543 -1.801410 3.701078
v -0.491031 -1.782344 3.747982
v -0.423562 -1.803426 3.720711
v 0.599717 0.720729 3.731273
v 0.605087 0.756195 3.727564
v 0.529062 0.830012 3.679291
v 0.624586 0.779154 3.708102
v 0.515457 0.747812 3.660470
v 0.549074 0.854569 3.661736
v 0.546914 0.675938 3.672004
v 0.676163 0.746447 3.707682
v 0.788113 0.671069 3.624099
v 0.599235 0.659062 3.723532
v 0.521452 0.609932 3.642215
v 0.921182 0.509067 3.610542
v 0.834621 0.622464 3.611751
v 0.536614 0.543056 3.670884
v 0.537689 0.493034 3.694058
v 0.993714 0.380570 3.632849
v -0.093890 0.658600 3.732586
v -0.131902 0.617326 3.683010
v 0.124826 0.567771 3.695804
v 0.339915 0.505331 3.623863
v 0.280425 0.512908 3.624087
v 0.398110 0.492223 3.706228
v 0.501142 0.467507 3.682130
v 0.409176 0.489278 3.635345
v 0.485474 0.472808 3.635000
v -0.243769 0.615126 3.720999
v -0.176377 0.594388 3.659385
v -0.301728 0.547118 3.673154
v -0.419981 0.449138 3.684427
v 1.161450 0.061896 3.641454
v 1.130735 0.187905 3.571796
v -0.545994 0.363961 3.648614
v -0.601611 0.343934 3.684003
v 1.261542 -0.192735 3.686207
v 1.253668 -0.115546 3.627872
v -0.680837 0.295593 3.624774
v 1.260355 -0.187697 3.639035
v 1.277718 -0.211361 3.650589
v 1.361204 -0.261225 3.683882
v 1.376644 -0.290871 3.688189
v 1.402016 -0.249163 3.663199
v 1.378828 -0.204601 3.646242
v 1.393829 -0.354756 3.719870
v 1.426226 -0.290158 3.661318
v 1.458782 -0.383679 3.684032
v -1.061206 0.377718 3.690905
v -1.114684 0.444357 3.652823
v -0.810075 0.311370 3.645946
v -0.945838 0.391321 3.636263
v -0.753597 0.219224 3.659723
v 1.514971 -0.520332 3.722444
v 1.508756 -0.381741 3.658287
v 1.604987 -0.548506 3.700662
v 1.623948 -0.566817 3.696084
v 1.670537 -0.457379 3.651388
v -1.116186 0.320578 3.716209
v -0.829953 0.168699 3.699771
v -0.762030 0.228497 3.624411
v 1.462891 -0.528824 3.740342
v 1.568331 -0.586589 3.716388
v 1.592386 -0.470014 3.666142
v 1.718474 -0.583724 3.634395
v -1.129575 0.262792 3.731929
v 1.450548 -0.685718 3.726712
v 1.644137 -0.659704 3.683220
v 1.619335 -0.738561 3.687836
v 1.550764 -0.877948 3.699596
v 1.664937 -0.789873 3.665512
v 1.618237 -0.898952 3.668657
v 1.552549 -0.989633 3.666374
v 1.712323 -0.952864 3.609065
v 1.572080 -1.045090 3.641199
v -1.271158 -0.211923 3.669184
v 1.466699 -1.012476 3.713996
v 1.474144 -1.076511 3.689815
v -1.287541 -0.379945 3.658699
v 1.473263 -1.162536 3.647691
v -1.306268 -0.522528 3.654792
v 1.408139 -1.290347 3.623014
v 1.303098 -1.344226 3.664349
v -1.338590 -0.573858 3.607216
v 1.297011 -1.379250 3.640454
v -1.309508 -0.682382 3.653420
v 1.204729 -1.400065 3.687739
v 1.132185 -1.451475 3.687489
v 1.208596 -1.425848 3.663897
v -1.309259 -0.706843 3.605989
v -1.269371 -0.794184 3.673465
v 1.029384 -1.511778 3.687241
v 1.147099 -1.529974 3.629490
v -1.297683 -0.884413 3.691136
v -1.385036 -0.806826 3.616975
v -1.203302 -0.939283 3.742529
v 0.875120 -1.569373 3.687156
v 0.977582 -1.557984 3.663372
v 1.090967 -1.589900 3.603771
v -1.385296 -1.005230 3.677546
v -1.442300 -0.949911 3.646507
v -1.236470 -0.965926 3.737190
v 0.717778 -1.636340 3.663388
v -1.261285 -1.044739 3.736723
v -1.326411 -1.172545 3.711386
v -1.357935 -1.075866 3.695632
v 0.530486 -1.680920 3.663502
v 0.621938 -1.735413 3.568351
v -1.472272 -1.163409 3.668355
v -1.511527 -1.051871 3.646331
v -1.463300 -1.252889 3.671421
v -1.602742 -1.183764 3.611508
v -1.328712 -1.258435 3.709233
v -1.514269 -1.335579 3.637095
v -1.432409 -1.312218 3.683993
v -1.355282 -1.386181 3.706489
v 0.195650 -1.787104 3.604455
v -1.453745 -1.379558 3.658782
v -1.348122 -1.437919 3.703856
v -0.061924 -1.793726 3.664107
v -0.214862 -1.819197 3.664295
v -0.116939 -1.849593 3.608225
v -1.444816 -1.468899 3.645863
v -1.346352 -1.549554 3.664822
v -1.271021 -1.585826 3.687491
v -1.309558 -1.511917 3.700749
v -1.200438 -1.558862 3.727706
v -1.041623 -1.682934 3.703366
v -0.872767 -1.736003 3.690614
v -0.544615 -1.833399 3.676856
v -0.372427 -1.875285 3.628818
v -1.308872 -1.626711 3.645265
v -1.198718 -1.670333 3.669722
v -1.141307 -1.762272 3.619258
v -1.013874 -1.751203 3.655208
v -0.972406 -1.815487 3.623403
v -0.758534 -1.805337 3.677669
v -0.860375 -1.813818 3.646709
v -0.780345 -1.834699 3.642060
v -0.655733 -1.832373 3.665357
v -0.579517 -1.865123 3.646493
v 0.396656 0.921835 3.598823
v 0.309239 0.986811 3.557276
v 0.367655 0.869138 3.592275
v 0.356074 0.990185 3.557180
v 0.424759 0.932598 3.591913
v 0.453687 0.866428 3.640055
v 0.472579 0.887352 3.626808
v 0.468305 0.874744 3.570249
v 0.377287 0.979355 3.533420
v 0.534727 0.888416 3.614847
v 0.494885 0.880190 3.591273
v 0.604178 0.833461 3.637797
v 0.688178 0.787028 3.566345
v 0.617935 0.838656 3.590587
v 0.389700 0.738361 3.602134
v 0.813562 0.692552 3.470758
v 0.487014 0.658008 3.628839
v 0.382624 0.641770 3.578039
v 0.881251 0.609183 3.493467
v 0.911717 0.554101 3.540128
v 0.460064 0.493456 3.599832
v 0.428298 0.590226 3.582605
v 0.415026 0.507914 3.564663
v 0.399645 0.499520 3.564631
v 1.074012 0.250483 3.619706
v -0.224416 0.560244 3.629301
v -0.113846 0.558137 3.601920
v -0.157001 0.539431 3.576187
v -0.022479 0.534100 3.589080
v 0.112115 0.528614 3.624672
v 0.066815 0.503663 3.565555
v -0.032896 0.463927 3.459235
v 0.207142 0.516188 3.612507
v 0.142902 0.509691 3.553599
v 1.015761 0.393125 3.550266
v 1.103532 0.266675 3.525330
v -0.278058 0.508454 3.590124
v -0.383113 0.449389 3.621476
v -0.253356 0.470412 3.507098
v 1.236894 0.001755 3.546297
v 1.182657 0.117831 3.547444
v -0.419082 0.399268 3.565949
v -0.329608 0.424961 3.495104
v -0.469596 0.372593 3.542243
v 1.376302 -0.172584 3.603443
v 1.266150 -0.168875 3.614546
v 1.340370 -0.128884 3.568502
v 1.283767 -0.112232 3.574628
v 1.449138 -0.176751 3.583903
v 1.495875 -0.264666 3.614133
v 1.508948 -0.183118 3.572323
v 1.581352 -0.267951 3.592441
v 1.644056 -0.225647 3.570604
v 1.609393 -0.376088 3.631079
v 1.667904 -0.307645 3.600722
v 1.670740 -0.258788 3.568986
v 1.684021 -0.374783 3.624384
v 1.745284 -0.297120 3.565970
v 1.776871 -0.354096 3.570426
v -1.172588 0.500465 3.557027
v -1.140077 0.526985 3.604387
v -1.119639 0.557859 3.580990
v -1.028835 0.442241 3.631746
v -1.098397 0.575914 3.582200
v -0.962151 0.497500 3.591854
v -0.879630 0.445019 3.599047
v -0.855750 0.362916 3.641257
v -0.940816 0.526441 3.563576
v -0.794470 0.361286 3.625644
v -0.801171 0.419413 3.578946
v -0.873459 0.505066 3.532659
v -0.747141 0.355393 3.566444
v -0.791359 0.331660 3.637185
v -0.646964 0.320832 3.506856
v -0.549591 0.354353 3.542299
v 1.489097 -0.325872 3.635801
v 1.759859 -0.448001 3.603151
v 1.856954 -0.453615 3.576694
v -1.213268 0.451857 3.497692
v -1.135923 0.376701 3.664162
v -0.721578 0.279169 3.577523
v -0.768046 0.248890 3.612957
v -0.739155 0.301944 3.578126
v 1.773017 -0.563600 3.612510
v 1.869480 -0.531867 3.583414
v 1.947556 -0.518990 3.540577
v 1.826358 -0.629794 3.599036
v 1.715716 -0.706565 3.628226
v 1.956510 -0.608414 3.537214
v -1.201020 0.236797 3.602044
v -1.254003 0.279148 3.484505
v -1.289431 0.179111 3.460126
v 1.780250 -0.776092 3.590096
v -1.273160 0.049319 3.577009
v 1.743594 -0.814173 3.605532
v -1.279941 -0.047823 3.611601
v -1.309672 -0.000693 3.529455
v 1.772064 -0.959007 3.571599
v 1.823498 -0.913120 3.545512
v -1.298466 -0.153273 3.598936
v -1.316782 -0.072797 3.540656
v 1.688033 -1.068681 3.571432
v 1.748405 -1.112167 3.536171
v 1.825299 -1.024858 3.518299
v 1.618221 -1.133448 3.586593
v -1.327021 -0.267677 3.552376
v 1.571009 -1.205179 3.582203
v -1.339218 -0.337983 3.538426
v -1.330431 -0.440118 3.584740
v -1.383250 -0.521937 3.513346
v 1.530599 -1.254232 3.569069
v 1.441839 -1.300727 3.593373
v 1.457814 -1.367411 3.564431
v 1.597139 -1.311945 3.522188
v 1.402952 -1.486026 3.533008
v 1.302687 -1.479669 3.592353
v -1.345316 -0.621149 3.595021
v -1.329112 -0.650724 3.559309
v -1.364530 -0.701495 3.564850
v -1.451244 -0.773148 3.558578
v 1.251267 -1.513021 3.597343
v 1.319146 -1.533983 3.544622
v 1.209889 -1.574020 3.568177
v 1.260023 -1.601798 3.519077
v -1.504232 -0.830772 3.565380
v 0.982026 -1.650872 3.579925
v 1.131347 -1.648015 3.532335
v -1.502882 -0.905745 3.603001
v 0.860405 -1.653997 3.603831
v 0.949479 -1.723214 3.508559
v 0.855386 -1.746575 3.508609
v -1.534730 -1.007265 3.624302
v -1.580479 -0.955479 3.591762
v -1.600794 -0.862179 3.556815
v 0.727331 -1.683596 3.603931
v -1.585639 -1.090148 3.612288
v -1.659324 -1.029572 3.580527
v 0.413131 -1.738399 3.616101
v 0.535869 -1.741014 3.580336
v 0.696656 -1.779401 3.508748
v -1.692912 -1.155092 3.575555
v -1.697713 -1.091680 3.572990
v 0.359805 -1.788986 3.565470
v 0.477708 -1.837861 3.485219
v -1.687464 -1.255899 3.586555
v -1.574797 -1.291589 3.613966
v -1.739639 -1.264079 3.568286
v -1.685577 -1.367911 3.591194
v -1.588360 -1.373928 3.611238
v -1.523690 -1.443893 3.623883
v 0.059117 -1.842843 3.568925
v -0.015773 -1.880958 3.545384
v -1.680653 -1.431324 3.588920
v -1.799423 -1.492347 3.513867
v -1.661198 -1.486933 3.586283
v -0.309576 -1.949292 3.540175
v -0.173319 -1.948367 3.509609
v -1.716369 -1.543455 3.539946
v -1.566353 -1.578606 3.577412
v -1.443039 -1.580560 3.609797
v -0.714032 -1.859815 3.636157
v -0.489507 -1.893275 3.622150
v -0.400766 -1.925176 3.581244
v -1.358884 -1.705832 3.579876
v -1.529686 -1.775108 3.489804
v -1.436597 -1.755190 3.525141
v -1.301998 -1.760769 3.566738
v -1.110545 -1.821182 3.583317
v -1.249999 -1.830947 3.537103
v -1.005651 -1.841880 3.589068
v -1.072665 -1.857664 3.558032
v -0.892238 -1.835927 3.618739
v -0.903698 -1.911094 3.587080
v -0.814687 -1.903855 3.606140
v -0.724135 -1.930615 3.601019
v -0.794664 -1.957756 3.581258
v -0.648033 -1.963716 3.581570
v -0.555359 -1.983425 3.558288
v -1.181156 -1.848058 3.532879
v -1.011619 -1.938633 3.541118
v -0.865213 -1.984835 3.554208
v -0.932775 -1.963544 3.551907
v -0.767375 -2.027498 3.534119
v -0.685313 -2.041802 3.521972
v 0.275378 1.009629 3.522148
v 0.333311 0.997306 3.510083
v 0.248631 1.004097 3.474954
v 0.362019 0.970556 3.510520
v 0.223464 0.865685 3.509239
v 0.229256 0.999986 3.510384
v 0.424373 0.901156 3.544424
v 0.329448 0.906680 3.494732
v 0.494982 0.841630 3.565547
v 0.519460 0.858751 3.555609
v 0.575936 0.863893 3.508284
v 0.634234 0.853335 3.460819
v 0.561185 0.846075 3.496365
v 0.682826 0.810744 3.483932
v 0.290178 0.770154 3.543650
v 0.183071 0.952785 3.492829
v 0.108931 0.914601 3.448102
v 0.324939 0.853414 3.473449
v 0.382255 0.838527 3.496777
v 0.461751 0.815193 3.536438
v 0.412641 0.806124 3.508221
v 0.525814 0.782493 3.556035
v 0.481876 0.722509 3.500042
v 0.404935 0.734577 3.472210
v 0.617157 0.766027 3.566353
v 0.619484 0.765230 3.574656
v 0.617601 0.759394 3.566294
v 0.623380 0.764068 3.566319
v 0.591703 0.749750 3.507257
v 0.602209 0.672172 3.509203
v 0.671526 0.736995 3.506934
v 0.672058 0.736815 3.508571
v 0.671584 0.735336 3.506919
v 0.672752 0.736609 3.506927
v 0.197424 0.762716 3.481595
v 0.241567 0.699201 3.495949
v 0.314366 0.700617 3.549116
v 0.378927 0.709648 3.519282
v 0.387631 0.702532 3.519197
v 0.375548 0.698916 3.519198
v 0.369839 0.720508 3.519400
v 0.370129 0.720417 3.519399
v 0.369895 0.720266 3.519398
v 0.370051 0.720759 3.519402
v 0.377665 0.705695 3.515979
v 0.355850 0.715164 3.507587
v 0.360383 0.711202 3.507541
v 0.354527 0.710964 3.507554
v 0.355117 0.712879 3.505104
v 0.488651 0.664286 3.565817
v 0.492585 0.676781 3.565914
v 0.499305 0.667005 3.565812
v 0.465986 0.710210 3.566274
v 0.462126 0.715835 3.566333
v 0.469812 0.713415 3.566291
v 0.490382 0.669839 3.562753
v 0.467244 0.714239 3.564386
v 0.542406 0.678513 3.523789
v 0.564928 0.671412 3.525026
v 0.600495 0.549079 3.493132
v 0.453912 0.595851 3.413998
v 0.967406 0.533110 3.421752
v 0.252220 0.661570 3.483791
v 0.368316 0.597148 3.529935
v 0.301174 0.581778 3.450783
v 0.374683 0.657310 3.492964
v 0.372716 0.651228 3.483381
v 0.356389 0.663144 3.483527
v 0.383086 0.654738 3.483384
v 0.559598 0.537290 3.482200
v 1.061142 0.361525 3.479044
v 0.351250 0.516170 3.494076
v 0.244653 0.518623 3.541600
v 0.264292 0.519441 3.411704
v 0.313026 0.541014 3.438644
v 0.034990 0.482205 3.506431
v 0.131320 0.514836 3.400214
v 0.182797 0.520303 3.447342
v 1.162078 0.211486 3.477479
v -0.119148 0.503412 3.518829
v -0.196392 0.455820 3.447796
v 1.219023 0.106933 3.476425
v 1.229557 0.041742 3.475834
v 1.243541 -0.024904 3.522439
v 1.670877 -0.059983 3.462045
v 1.606160 -0.148615 3.520404
v 1.686081 -0.130206 3.496741
v 1.758110 -0.137187 3.491871
v 1.757421 -0.099655 3.467790
v 1.821467 -0.132299 3.480839
v -1.057775 0.706356 3.499475
v -1.129181 0.635666 3.510859
v -1.077907 0.681296 3.524284
v -1.083637 0.683570 3.463933
v -1.017493 0.637675 3.504596
v -1.028041 0.603615 3.537137
v -0.979499 0.600822 3.522169
v -0.950654 0.654027 3.469840
v -0.992085 0.679268 3.493007
v 1.380114 -0.080125 3.502175
v 1.325972 0.023967 3.449164
v 1.492779 -0.115808 3.528759
v 1.413196 -0.053202 3.474961
v 1.547717 -0.058533 3.487962
v 1.702523 -0.157057 3.523384
v 1.760101 -0.249538 3.535710
v 1.826961 -0.233256 3.509153
v 1.824102 -0.282039 3.532193
v 1.924756 -0.276439 3.510990
v 1.947649 -0.163550 3.460342
v 2.036665 -0.274378 3.488934
v 1.981682 -0.331506 3.512820
v 2.155613 -0.249628 3.447313
v 2.075252 -0.348445 3.493982
v -1.125467 0.609379 3.557842
v -1.139258 0.601622 3.522397
v -1.118062 0.632349 3.487192
v -1.107040 0.529879 3.486278
v -0.974389 0.537845 3.556821
v -0.889496 0.572693 3.495140
v -0.848061 0.547440 3.473435
v -0.766884 0.490416 3.496835
v -0.783935 0.435457 3.543624
v -0.703889 0.415130 3.509772
v -0.682751 0.483114 3.460418
v -0.662774 0.428235 3.484216
v -0.405943 0.379445 3.471306
v -0.482396 0.358339 3.435913
v 1.918971 -0.373787 3.531817
v 2.104499 -0.444277 3.492914
v 2.010887 -0.514016 3.519531
v 2.172942 -0.391295 3.457150
v 2.183173 -0.555454 3.463890
v -1.138342 0.526899 3.545358
v -1.128011 0.511640 3.497981
v -0.691991 0.374215 3.515065
v -0.687842 0.348216 3.507454
v -0.645987 0.324339 3.483274
v -0.577795 0.345001 3.447856
v -0.646750 0.409807 3.472210
v 2.038198 -0.584490 3.518971
v 2.083193 -0.598533 3.503013
v 2.177306 -0.652539 3.454188
v 2.039428 -0.659079 3.512187
v 2.118124 -0.683506 3.466960
v -1.176646 0.329047 3.484252
v -1.175619 0.328720 3.484724
v -1.176643 0.329037 3.485440
v -1.177678 0.325765 3.484704
v 1.923999 -0.672482 3.543555
v 1.996263 -0.756866 3.511550
v 2.093277 -0.762217 3.454632
v 1.910421 -0.754773 3.535261
v 2.016412 -0.849622 3.483434
v 1.964917 -0.895309 3.486413
v 1.902777 -0.974742 3.485344
v 2.051326 -0.934538 3.440813
v -1.373334 0.020484 3.384332
v 1.817285 -1.084162 3.511764
v 1.915230 -1.052756 3.464604
v -1.339631 -0.151952 3.504620
v 1.830608 -1.125216 3.477225
v 1.714768 -1.163354 3.523158
v -1.372725 -0.215323 3.445138
v -1.368759 -0.315848 3.479674
v 1.791547 -1.248852 3.451840
v 1.699227 -1.306562 3.470782
v -1.416017 -0.424444 3.443448
v 1.470151 -1.420557 3.533395
v 1.575859 -1.440912 3.462109
v -1.339061 -0.610191 3.524271
v -1.391716 -0.506529 3.466284
v -1.382045 -0.559224 3.485179
v 1.545024 -1.505269 3.438025
v 1.471666 -1.531857 3.461602
v -1.477944 -0.628082 3.491279
v -1.411935 -0.649031 3.512326
v -1.402743 -0.515340 3.454432
v 1.358349 -1.632122 3.437428
v -1.483693 -0.725547 3.525699
v -1.540712 -0.670179 3.488996
v -1.549970 -0.779020 3.536794
v -1.602814 -0.749734 3.502168
v -1.721335 -0.811169 3.469616
v -1.698604 -0.743851 3.441443
v -1.626811 -0.617586 3.395124
v 1.226481 -1.652849 3.484819
v 1.294769 -1.686174 3.413875
v -1.631084 -0.840101 3.535695
v -1.723510 -0.897469 3.515101
v 1.093558 -1.697681 3.491846
v -1.820091 -0.928815 3.499458
v -1.770809 -0.969305 3.527770
v 0.934130 -1.770868 3.444299
v 1.030748 -1.777715 3.401631
v -1.811082 -1.018412 3.516088
v -1.954968 -0.960231 3.452063
v -1.900635 -1.027043 3.477816
v 0.764286 -1.799624 3.461175
v 0.619094 -1.866703 3.401960
v -1.835886 -1.097266 3.520322
v -1.786631 -1.137665 3.538094
v 0.485057 -1.889122 3.413928
v -1.943786 -1.124874 3.482392
v -1.867807 -1.198548 3.513981
v -1.972148 -1.214941 3.481132
v 0.302481 -1.890671 3.461621
v 0.397387 -1.898738 3.425884
v -1.911627 -1.258912 3.502030
v -1.993446 -1.282407 3.470592
v 0.013064 -1.945168 3.461921
v 0.178274 -1.892090 3.485548
v 0.131677 -1.938925 3.438049
v -1.917483 -1.356029 3.496130
v -1.842780 -1.354965 3.517395
v -1.871195 -1.444862 3.496547
v -1.797516 -1.418821 3.530316
v -0.080141 -1.966060 3.461990
v -1.991016 -1.431482 3.444869
v -0.332768 -2.021621 3.462183
v -0.189506 -1.998780 3.451124
v -1.763827 -1.614778 3.493216
v -1.906189 -1.594233 3.432901
v -1.915096 -1.504967 3.454665
v -1.640501 -1.616768 3.529905
v -0.385206 -1.992455 3.509793
v -0.492825 -2.058314 3.462294
v -1.668553 -1.743918 3.456338
v -1.769798 -1.711522 3.444235
v -1.469231 -1.818860 3.485442
v -1.338220 -1.835560 3.510946
v -1.281936 -1.853246 3.506323
v -1.187131 -1.944791 3.482512
v -1.089903 -1.950839 3.506239
v -0.633521 -2.073220 3.486149
v -1.528550 -1.849389 3.447388
v -1.408806 -1.862515 3.469746
v -1.373870 -1.947506 3.435652
v -1.133281 -2.047936 3.425774
v -0.954185 -2.030646 3.499194
v -1.076440 -2.102727 3.395773
v -0.878950 -2.066608 3.485916
v -0.788919 -2.094831 3.469851
v -0.885357 -2.125063 3.415545
v 0.127435 0.973318 3.451401
v 0.181200 0.987064 3.439572
v 0.186447 0.964594 3.429198
v 0.630911 0.824951 3.389756
v 0.596478 0.810582 3.448746
v 0.679392 0.785398 3.330261
v 0.806397 0.732578 3.388490
v 0.731895 0.811592 3.353956
v 0.037704 0.925018 3.401030
v 0.023468 0.880163 3.380174
v 0.088139 0.810195 3.392868
v 0.189273 0.895198 3.415148
v 0.104592 0.941213 3.384650
v 0.289686 0.820611 3.441245
v 0.207214 0.834532 3.399152
v 0.372764 0.848296 3.461473
v 0.334089 0.843788 3.437299
v 0.331099 0.795428 3.411342
v 0.297960 0.768692 3.416821
v 0.409905 0.807353 3.461019
v 0.410115 0.770255 3.448895
v 0.640908 0.722344 3.447865
v 0.678974 0.735662 3.377051
v 0.713419 0.711801 3.459024
v 0.713422 0.711792 3.460052
v 0.713214 0.711142 3.459381
v 0.718420 0.648993 3.376198
v 0.713712 0.711706 3.459384
v 0.754484 0.686862 3.411843
v 0.754790 0.686755 3.413326
v 0.754646 0.686324 3.411838
v 0.755468 0.686553 3.411838
v 0.889202 0.642232 3.399294
v 0.176886 0.737347 3.449232
v 0.365510 0.747441 3.414394
v 0.298546 0.731496 3.402001
v 0.385153 0.691622 3.431295
v 0.332926 0.683610 3.393516
v 0.404814 0.636670 3.400537
v 0.643720 0.597525 3.470390
v 0.248323 0.611087 3.413472
v 0.130017 0.630020 3.318580
v 0.118146 0.751170 3.402290
v 0.310595 0.690091 3.464166
v 0.309036 0.685207 3.460234
v 0.299262 0.693467 3.460331
v 0.302868 0.704937 3.459289
v 0.371094 0.646194 3.476366
v 0.370049 0.642959 3.471512
v 0.355711 0.651074 3.471620
v 0.375679 0.644787 3.471513
v 0.343231 0.675693 3.471866
v 0.352161 0.664753 3.471748
v 0.340856 0.668105 3.474491
v 0.386505 0.616641 3.469754
v 0.383184 0.606272 3.459355
v 0.371489 0.621449 3.459517
v 0.367510 0.635061 3.461700
v 0.367073 0.633709 3.459635
v 0.356245 0.638622 3.459782
v 0.367745 0.635843 3.459651
v 0.395014 0.614043 3.459390
v 0.340841 0.668155 3.468715
v 0.325067 0.673189 3.460088
v 0.318301 0.675310 3.461193
v 0.319727 0.679857 3.460159
v 0.382929 0.605483 3.458015
v 0.379413 0.594496 3.447459
v 0.371322 0.608104 3.447598
v 0.363737 0.623315 3.447749
v 0.362613 0.624335 3.447761
v 0.363930 0.623914 3.448610
v 0.365086 0.623557 3.447748
v 0.387465 0.604137 3.447520
v 0.318295 0.675330 3.458938
v 0.364493 0.586789 3.425560
v 0.365238 0.589183 3.423842
v 0.372566 0.584260 3.423780
v 0.364483 0.586821 3.421769
v 0.387198 0.579917 3.447312
v 0.379420 0.594295 3.447457
v 0.390643 0.590681 3.457654
v 0.401819 0.587242 3.447336
v 0.446778 0.536514 3.375951
v 0.501811 0.555762 3.446798
v 0.716286 0.526011 3.362756
v 0.653588 0.483684 3.387051
v 1.046856 0.484176 3.314877
v 0.260770 0.533091 3.390513
v 0.360121 0.573135 3.411912
v 0.361635 0.577944 3.411950
v 0.360917 0.575628 3.414096
v 0.366304 0.573949 3.411903
v 0.355407 0.558366 3.399993
v 0.353414 0.565724 3.400062
v 0.357342 0.564467 3.402691
v 0.362143 0.562976 3.400015
v 0.334881 0.571985 3.388361
v 0.336215 0.571231 3.388350
v 0.334680 0.571345 3.388356
v 0.534036 0.496196 3.435952
v 0.495509 0.492380 3.399050
v 0.579104 0.482144 3.434152
v 0.542965 0.447188 3.363118
v 0.617356 0.445870 3.351104
v 1.140656 0.301045 3.395678
v 1.206979 0.160869 3.394290
v 1.185870 0.248326 3.383297
v 1.798436 0.031720 3.403403
v 1.904649 0.015427 3.396653
v 1.851224 0.081896 3.378215
v 1.813237 0.118725 3.363278
v 1.989200 0.088121 3.356946
v 2.005309 0.021006 3.377797
v 2.084762 -0.041179 3.382814
v 1.943269 -0.058749 3.414209
v 2.033370 -0.087200 3.424469
v 2.152310 -0.062424 3.379797
v 0.017500 0.467375 3.423717
v 0.181643 0.521356 3.329309
v 1.351344 0.065676 3.424213
v 1.264771 0.105440 3.407733
v 1.391532 0.115066 3.403117
v 1.505506 0.004538 3.452488
v 1.571678 0.058350 3.402054
v 1.497967 0.099736 3.381182
v 1.506245 0.166088 3.337424
v 1.584471 0.178483 3.350311
v 1.665988 0.003709 3.426797
v 1.744819 -0.021157 3.432482
v 1.720921 0.061002 3.383892
v 1.812390 -0.042478 3.438234
v 1.846825 -0.090544 3.450476
v 2.082591 -0.127492 3.429762
v 2.184131 -0.118744 3.389271
v 2.091624 -0.217166 3.455317
v 2.176815 -0.181852 3.422112
v 2.255596 -0.206557 3.409136
v -0.986790 0.735889 3.464127
v -0.970483 0.749185 3.416980
v -1.026503 0.727642 3.440552
v -0.946302 0.739977 3.381422
v -0.943885 0.714938 3.463831
v -0.906389 0.716723 3.428333
v -0.851342 0.774643 3.369663
v -0.836630 0.742584 3.379822
v -0.844605 0.677528 3.404221
v -0.077144 0.442319 3.400144
v 2.305413 -0.284080 3.403671
v 2.378078 -0.170514 3.363632
v 2.421439 -0.307909 3.361515
v 2.288333 -0.377765 3.410899
v -0.972705 0.624301 3.411048
v -0.908862 0.629453 3.474805
v -0.871928 0.629499 3.436431
v -1.024754 0.615708 3.440543
v -0.781853 0.601701 3.403398
v -0.803060 0.533376 3.459924
v -0.672441 0.556761 3.367305
v -0.734989 0.513712 3.461537
v -0.234156 0.415700 3.376723
v -0.299254 0.405065 3.400414
v -0.154883 0.404831 3.293785
v 2.217317 -0.368029 3.442890
v 2.330388 -0.440333 3.388052
v -1.064325 0.529024 3.458187
v -0.967278 0.523561 3.414261
v -0.815279 0.575329 3.334393
v -0.877102 0.494871 3.452250
v -0.872736 0.493514 3.449925
v -0.878226 0.491342 3.449921
v -0.879704 0.495708 3.449963
v -0.618843 0.450917 3.421710
v -0.633763 0.482280 3.413777
v -0.643429 0.359446 3.448156
v -0.604780 0.421896 3.401374
v -0.598516 0.370699 3.365501
v -0.567078 0.499368 3.307505
v -0.373651 0.367123 3.294043
v -0.311310 0.379737 3.305790
v 2.249849 -0.452454 3.433432
v 2.344123 -0.593096 3.379004
v 2.403215 -0.561836 3.332302
v -1.141830 0.478993 3.481364
v -1.059554 0.465709 3.449731
v -1.118624 0.434619 3.473682
v -1.073711 0.420599 3.457990
v -1.003284 0.448071 3.439464
v -0.903314 0.491182 3.396545
v -0.928075 0.412191 3.416604
v -0.614513 0.346905 3.412557
v -0.537659 0.355771 3.377015
v -0.572636 0.363404 3.329956
v 2.228147 -0.569428 3.439817
v -1.223121 0.418489 3.413289
v -1.271183 0.384141 3.391026
v -1.110373 0.382533 3.471602
v -1.219000 0.392580 3.395360
v -1.056984 0.316182 3.476411
v -1.022617 0.268338 3.462858
v -0.893089 0.327041 3.401120
v 2.267200 -0.680315 3.386291
v 2.199506 -0.733512 3.419335
v -1.326109 0.327612 3.355264
v -1.134120 0.229656 3.403413
v -1.067077 0.245346 3.445409
v -1.239841 0.325201 3.355014
v -0.891866 0.252478 3.391297
v -0.991825 0.209332 3.438273
v 2.309806 -0.779966 3.335544
v -1.360929 0.289350 3.319613
v -1.305903 0.234163 3.413727
v -1.349810 0.174084 3.368778
v -1.208790 0.266862 3.448864
v -1.205731 0.276622 3.446316
v -1.202647 0.286373 3.449016
v -1.223730 0.259121 3.425228
v -1.223018 0.257478 3.425212
v -1.224135 0.257823 3.425965
v -1.225215 0.254406 3.425191
v -1.199019 0.274489 3.448904
v -1.055251 0.204664 3.423695
v -1.064028 0.138483 3.364737
v -1.114579 0.174169 3.381795
v -0.961537 0.188260 3.400307
v -1.008424 0.157663 3.376559
v 2.135878 -0.861851 3.401858
v 2.206288 -0.834327 3.377291
v 2.148323 -0.939839 3.378067
v 2.094310 -0.984834 3.393837
v 1.945372 -1.074356 3.430354
v 2.149118 -1.001721 3.346326
v -1.386250 -0.099250 3.389700
v -1.421326 -0.174536 3.351182
v 1.958216 -1.201770 3.380522
v 1.869410 -1.273087 3.415556
v 1.907531 -1.272547 3.394117
v -1.446901 -0.327544 3.373539
v 1.789787 -1.396335 3.391096
v 1.886758 -1.340147 3.379518
v 1.787956 -1.432700 3.367177
v -1.417364 -0.436026 3.396133
v -1.437690 -0.379664 3.337270
v 1.686131 -1.425712 3.408652
v 1.683397 -1.498781 3.366886
v -1.462404 -0.458803 3.374570
v -1.547044 -0.531209 3.380803
v 1.638962 -1.571140 3.330965
v -1.556921 -0.602741 3.430579
v 1.534343 -1.588071 3.378317
v -1.749722 -0.703713 3.406512
v -1.680313 -0.600537 3.369217
v -1.807109 -0.610049 3.360701
v 1.371937 -1.722197 3.330373
v -1.872048 -0.738456 3.404881
v -1.848169 -0.820554 3.446462
v -1.884849 -0.858563 3.453480
v -1.950993 -0.713219 3.356303
v -1.989860 -0.837489 3.404143
v -1.869869 -0.652169 3.360963
v 1.198963 -1.742450 3.389682
v 1.250171 -1.786486 3.294729
v -2.059718 -0.902102 3.401506
v -2.113216 -0.835401 3.356185
v 0.986940 -1.836626 3.306802
v 0.839525 -1.834175 3.366240
v -2.080961 -0.969747 3.411574
v -2.140211 -0.926109 3.382024
v -2.185294 -0.986167 3.381904
v -2.098687 -1.026041 3.411110
v -2.019775 -1.051173 3.447578
v 0.735378 -1.888605 3.295219
v -2.213002 -1.113656 3.392074
v -2.112218 -1.108482 3.420120
v -2.326364 -1.040412 3.337988
v -2.050220 -1.202493 3.450225
v 0.564516 -1.920712 3.319007
v 0.421920 -1.942941 3.342805
v 0.669686 -1.921212 3.247894
v -2.304829 -1.208260 3.361159
v -2.210486 -1.263009 3.398531
v -2.117424 -1.243004 3.423742
v 0.328348 -1.962983 3.342880
v -2.351649 -1.316953 3.319802
v -2.197986 -1.341175 3.395442
v -2.078854 -1.317019 3.422614
v -0.004596 -2.000043 3.390667
v 0.132843 -1.995275 3.354927
v -2.227636 -1.356469 3.379814
v -2.126244 -1.388565 3.401681
v -2.189064 -1.430490 3.379411
v -0.057064 -2.047756 3.331371
v -2.098337 -1.496269 3.390077
v -2.183733 -1.530922 3.346806
v -2.007584 -1.562131 3.410387
v -0.347533 -2.067506 3.402803
v -0.226677 -2.075697 3.343387
v -2.108413 -1.567158 3.365300
v -2.010006 -1.647627 3.362682
v -1.928120 -1.624346 3.419030
v -1.975593 -1.734463 3.339191
v -1.853514 -1.662788 3.433922
v -0.598260 -2.117369 3.422655
v -0.442938 -2.116342 3.367223
v -1.899698 -1.769020 3.366463
v -1.832084 -1.790480 3.388197
v -1.739003 -1.770537 3.420562
v -1.741971 -1.818968 3.402769
v -1.654228 -1.815930 3.432068
v -1.689239 -1.847888 3.395187
v -1.493597 -1.934434 3.419563
v -1.227486 -1.993636 3.440442
v -0.731719 -2.147856 3.403134
v -0.606972 -2.175889 3.343536
v -1.943646 -1.828971 3.306649
v -1.793621 -1.864155 3.347722
v -1.693362 -1.977498 3.312732
v -1.514435 -2.038689 3.347069
v -1.458682 -2.019350 3.377013
v -1.334857 -2.058258 3.366625
v -1.241217 -2.075427 3.374281
v -1.128097 -2.147886 3.337401
v -0.911208 -2.166799 3.353292
v -0.789252 -2.172762 3.367659
v -0.847339 -2.199219 3.320366
v -1.060571 -2.169063 3.326506
v -0.675482 -2.203617 3.317483
v 0.711692 0.826233 3.342332
v 0.728031 0.807670 3.271301
v 0.020416 0.930714 3.368686
v 0.039837 0.932548 3.356846
v -0.010167 0.891027 3.344816
v 0.045787 0.912547 3.333048
v 0.013506 0.928337 3.309661
v -0.019949 0.919225 3.297867
v 0.078140 0.858893 3.285280
v 0.114157 0.893260 3.368113
v 0.111105 0.840656 3.320450
v 0.163945 0.815769 3.355507
v 0.752097 0.679843 3.317352
v 0.746606 0.777348 3.235576
v 0.807368 0.658330 3.348361
v 0.807394 0.658245 3.358135
v 0.804401 0.648837 3.352358
v 0.811022 0.657147 3.352412
v 0.829794 0.651540 3.313508
v 0.829824 0.651442 3.324822
v 0.828333 0.646841 3.316864
v 0.834408 0.650061 3.316875
v 0.841025 0.648087 3.302788
v 0.841037 0.648048 3.307383
v 0.839543 0.643343 3.304998
v 0.842678 0.647549 3.305026
v 0.884684 0.708707 3.270029
v 0.949498 0.638945 3.269253
v 0.046572 0.835873 3.365409
v 0.184524 0.763822 3.319590
v 0.284240 0.686866 3.354628
v 0.730453 0.571089 3.358247
v 0.786541 0.554039 3.279852
v 1.030020 0.539435 3.256375
v 1.106597 0.430711 3.278841
v 2.061820 0.201833 3.299838
v 1.994902 0.185737 3.304906
v 2.081487 0.145934 3.325923
v 2.043154 0.261100 3.263075
v 2.173763 0.203787 3.290396
v 2.156770 0.109817 3.330622
v 2.250356 0.092823 3.318081
v 2.285689 0.205796 3.274351
v 2.322705 0.008167 3.317560
v 2.393119 0.035683 3.293975
v 2.343295 0.113224 3.297268
v 0.039658 0.776709 3.296477
v 0.087669 0.692241 3.307425
v 0.062848 0.658584 3.224568
v 0.238790 0.700553 3.307094
v 0.314540 0.626703 3.306254
v 0.365395 0.591298 3.329422
v 0.414244 0.549721 3.340738
v 0.720916 0.463153 3.301337
v 0.777109 0.470653 3.244651
v 1.155723 0.390822 3.242952
v 1.139446 0.417532 3.255031
v 1.153386 0.342685 3.325175
v 1.503532 0.316079 3.256994
v 1.497181 0.255866 3.299833
v 1.598579 0.223753 3.323547
v 1.422485 0.254779 3.281180
v 1.413411 0.344593 3.239465
v 1.704142 0.165587 3.346006
v 1.567653 0.283565 3.276341
v 1.759453 0.264259 3.252054
v 1.868839 0.138547 3.337374
v 1.876640 0.322712 3.211204
v 2.143289 0.027215 3.358292
v 2.251653 0.018019 3.336105
v 2.384490 -0.110495 3.343283
v 2.495091 -0.033592 3.298882
v 2.483177 0.007372 3.288003
v 0.150732 0.543830 3.282366
v 0.265367 0.588042 3.329661
v 0.261725 0.595143 3.329732
v 0.272325 0.591806 3.329675
v 0.276816 0.590300 3.341455
v 0.277776 0.587946 3.341432
v 0.278355 0.589840 3.338306
v 0.267047 0.593543 3.320007
v 0.323098 0.575453 3.376616
v 0.324004 0.575168 3.376612
v 0.323312 0.574746 3.376610
v 0.334784 0.571685 3.387873
v 0.323494 0.575331 3.376273
v 0.280885 0.589019 3.341433
v 0.497692 0.461020 3.339749
v 0.420209 0.529968 3.305137
v 0.610308 0.426456 3.291932
v 0.539622 0.437581 3.304021
v 0.687484 0.435943 3.280004
v 0.575384 0.434057 3.256677
v 0.732422 0.447412 3.268178
v 1.187818 0.255320 3.336133
v 1.254312 0.270337 3.315601
v 1.233156 0.202410 3.358305
v 1.262650 0.297275 3.289077
v 1.360576 0.174600 3.366596
v 1.295129 0.202698 3.359002
v 1.368741 0.240977 3.300113
v 1.449916 0.183921 3.325090
v 2.286741 -0.067460 3.358604
v 2.489296 -0.130908 3.316167
v 2.505341 -0.197816 3.313116
v 2.575109 -0.132911 3.281940
v 2.628443 -0.199078 3.265470
v -0.698789 0.749245 3.307878
v -0.736686 0.667551 3.344824
v -0.770467 0.796428 3.325758
v -0.821727 0.787933 3.310676
v -0.822604 0.775926 3.298769
v 0.104381 0.508696 3.353014
v 0.011083 0.476514 3.270353
v 0.125346 0.527165 3.270485
v 2.614899 -0.281479 3.269803
v -0.802264 0.694744 3.365873
v -0.827823 0.653637 3.321225
v -0.832647 0.717123 3.309817
v -0.792638 0.655118 3.297647
v -0.788362 0.678429 3.309641
v -0.787354 0.703045 3.286242
v -0.767992 0.646990 3.344730
v -0.767851 0.647181 3.344731
v -0.767944 0.646886 3.344728
v -0.666646 0.615260 3.321538
v -0.767919 0.646968 3.344578
v -0.764391 0.658282 3.338298
v -0.765648 0.654378 3.332983
v -0.766915 0.659120 3.333027
v -0.760924 0.669607 3.333102
v -0.084931 0.420011 3.258317
v -0.038294 0.442559 3.270191
v 2.474736 -0.373963 3.331828
v 2.594240 -0.386315 3.264526
v -0.760998 0.512139 3.319938
v -0.598559 0.556967 3.286345
v -0.621502 0.601330 3.284922
v 2.457607 -0.467490 3.320827
v 2.513824 -0.484957 3.290837
v -0.783764 0.478682 3.346378
v -0.764832 0.460467 3.330740
v -0.711735 0.469140 3.248607
v -0.763859 0.398465 3.307158
v -0.575450 0.413490 3.294981
v -0.540896 0.501979 3.248435
v -0.447945 0.367391 3.270634
v 2.487493 -0.600234 3.266258
v -0.838113 0.384194 3.374313
v -0.807936 0.362481 3.353230
v -0.767454 0.374333 3.283351
v 2.427045 -0.655729 3.301354
v -0.894077 0.240909 3.376973
v -0.828816 0.307356 3.330155
v -0.800827 0.336038 3.283109
v 2.379670 -0.715368 3.339972
v 2.471715 -0.755957 3.241347
v 2.433486 -0.818404 3.270648
v -1.329950 0.316809 3.308685
v -1.325832 0.290908 3.289669
v -0.894510 0.245130 3.329792
v -0.958861 0.198169 3.317754
v -0.908324 0.258691 3.259119
v 2.377311 -0.801069 3.316057
v 2.310996 -0.854419 3.312941
v -1.211883 0.180462 3.329499
v -1.275585 0.237823 3.307136
v -1.030972 0.148344 3.317516
v 2.230520 -0.952869 3.316972
v 2.419874 -0.900580 3.249073
v 2.379609 -0.949719 3.241042
v -1.409402 0.156294 3.294984
v -1.463371 0.186306 3.212755
v -1.286464 0.179007 3.353647
v -1.285952 0.178844 3.353873
v -1.286463 0.179002 3.354172
v -1.287245 0.176522 3.353856
v -1.249704 0.139753 3.282611
v -1.210756 0.106212 3.283574
v -1.165427 0.092982 3.281982
v -1.111289 0.107508 3.293768
v -1.430383 0.076367 3.282545
v 2.154788 -1.114542 3.301866
v 2.096389 -1.096495 3.345648
v 2.238801 -1.004810 3.295160
v -1.446354 -0.091933 3.291198
v 2.074864 -1.250080 3.278536
v 2.225160 -1.086897 3.263239
v 2.145812 -1.259600 3.221538
v -1.496919 -0.211967 3.268429
v 1.994108 -1.360834 3.284615
v -1.476468 -0.280557 3.303195
v 1.874684 -1.397853 3.331833
v -1.630186 -0.479817 3.321758
v -1.524373 -0.339545 3.279703
v -1.643462 -0.363837 3.268233
v -1.478110 -0.304607 3.279383
v 1.826248 -1.481144 3.272219
v 1.934628 -1.416174 3.260687
v -1.573819 -0.497772 3.348219
v 1.713690 -1.520417 3.331204
v 1.755167 -1.557581 3.248140
v -1.739342 -0.512126 3.325507
v -1.912170 -0.588811 3.292293
v -1.787801 -0.454514 3.267110
v 1.573945 -1.661975 3.283135
v 1.516313 -1.687999 3.294869
v 1.468681 -1.739729 3.259135
v 1.540973 -1.726380 3.223645
v -2.037004 -0.710580 3.316659
v -1.998187 -0.586150 3.250170
v 1.340418 -1.773689 3.270988
v -2.271046 -0.785122 3.281459
v -2.134279 -0.704379 3.275225
v 1.067423 -1.817037 3.318561
v 1.228251 -1.854082 3.176157
v -2.295774 -0.864217 3.313683
v -2.436791 -0.918631 3.289237
v -2.286736 -0.953911 3.341533
v -2.442297 -0.817636 3.256697
v 0.860053 -1.884870 3.247700
v -2.453246 -1.049644 3.297059
v -2.335720 -1.148935 3.349061
v -2.485153 -1.150973 3.296046
v 0.423670 -1.974190 3.271702
v -2.580140 -1.058835 3.251275
v -2.405651 -1.213313 3.319233
v -2.513534 -1.240979 3.287898
v 0.244530 -2.010385 3.283671
v 0.163133 -2.054068 3.224489
v 0.342011 -2.015772 3.212538
v -2.482664 -1.300237 3.292312
v -2.395517 -1.377161 3.289746
v 0.077540 -2.051592 3.271956
v -0.003321 -2.110267 3.177228
v -0.112157 -2.103406 3.248405
v -2.488556 -1.397240 3.273224
v -2.297059 -1.457793 3.305983
v -0.347129 -2.142605 3.272302
v -0.253306 -2.119752 3.272250
v -2.257895 -1.569037 3.293932
v -2.333169 -1.571681 3.258918
v -2.193252 -1.638915 3.296537
v -2.109667 -1.727041 3.287345
v -0.548641 -2.193449 3.296010
v -0.409472 -2.187648 3.224862
v -2.037340 -1.811628 3.278844
v -0.744586 -2.226007 3.284446
v -0.618846 -2.257742 3.210250
v -1.772996 -1.993753 3.263881
v -1.673267 -2.108776 3.228912
v -1.599876 -2.073195 3.286753
v -1.427926 -2.078240 3.338852
v -1.508681 -2.175788 3.238353
v -1.303439 -2.153836 3.298365
v -1.145990 -2.203638 3.274262
v -1.198610 -2.251827 3.214607
v -1.067777 -2.268244 3.190506
v -1.013248 -2.214387 3.273458
v -0.940077 -2.217819 3.273234
v 0.803248 0.804606 3.223855
v 0.778360 0.804171 3.223917
v 0.782553 0.778760 3.189893
v 0.860942 0.792530 3.152769
v 0.942357 0.696971 3.175337
v 2.126658 0.330566 3.217945
v 2.106916 0.386703 3.164216
v 2.018180 0.379712 3.181534
v 2.207855 0.352850 3.204405
v 2.364640 0.379786 3.167117
v 2.328696 0.304091 3.216121
v 2.486276 0.254626 3.196564
v 2.446133 0.205093 3.234255
v 2.360295 0.207174 3.259405
v 2.570559 0.128936 3.215044
v 2.605271 0.200510 3.178421
v 0.039615 0.894964 3.214866
v -0.026397 0.934458 3.191774
v 0.002358 0.933443 3.238908
v 0.800195 0.698694 3.222949
v 0.811252 0.633191 3.241142
v 0.863449 0.641302 3.267408
v 0.863464 0.641254 3.273000
v 0.862552 0.638417 3.269481
v 0.865682 0.640583 3.269491
v 0.885871 0.634525 3.231153
v 0.885889 0.634465 3.238101
v 0.884693 0.630738 3.233942
v 0.849431 0.658902 3.163451
v 0.888426 0.633698 3.233958
v 1.026400 0.610564 3.150756
v 0.912058 0.626534 3.198418
v 0.906160 0.620912 3.198385
v 0.908316 0.627672 3.203548
v 1.908057 0.423606 3.146792
v 2.111609 0.282192 3.251270
v 2.470582 0.085846 3.255493
v 2.676000 0.071169 3.191246
v 2.560604 0.057653 3.235889
v 2.616872 0.040022 3.224834
v -0.025603 0.884525 3.214949
v 0.020671 0.783239 3.225757
v 0.003746 0.826152 3.167150
v 0.169362 0.756385 3.236934
v 0.136636 0.771771 3.154521
v 0.820178 0.580935 3.233684
v 0.842612 0.537116 3.186027
v 0.885443 0.610808 3.115721
v 1.096723 0.531639 3.149888
v 1.390174 0.389312 3.204216
v 1.288789 0.421383 3.185241
v 1.507645 0.409626 3.147738
v 1.625201 0.309927 3.229198
v 1.707628 0.376283 3.165889
v 1.601992 0.434683 3.116211
v 1.785801 0.388848 3.159280
v 2.680212 0.044966 3.207327
v 2.625882 -0.049585 3.242640
v 2.718802 -0.029119 3.214326
v 0.261235 0.670284 3.235946
v 0.209286 0.688482 3.129999
v 0.340966 0.594539 3.199665
v 0.796364 0.468728 3.197364
v 0.839273 0.513692 3.150419
v 1.124144 0.449153 3.160908
v 1.248596 0.372014 3.203889
v 1.172577 0.445817 3.157346
v 2.686317 -0.093272 3.230628
v 2.843716 -0.105181 3.163342
v 2.721927 -0.215745 3.214935
v 2.852609 -0.231547 3.138617
v 0.101149 0.584651 3.223827
v 0.082504 0.578606 3.164803
v 0.480288 0.487178 3.174757
v 0.401175 0.549536 3.222724
v 0.545150 0.456750 3.209735
v 0.651594 0.440275 3.256528
v 0.548066 0.506415 3.145830
v 0.740300 0.447482 3.220939
v 0.705841 0.456316 3.199717
v 0.656474 0.497078 3.139849
v 2.671700 -0.336141 3.224836
v 2.794736 -0.337193 3.152699
v -0.723676 0.807116 3.239753
v -0.712740 0.823822 3.251672
v -0.702156 0.817730 3.275200
v -0.673827 0.789788 3.274884
v -0.612330 0.710093 3.250423
v -0.688521 0.759199 3.203831
v -0.624268 0.850989 3.121820
v 0.120523 0.541335 3.235207
v 0.012766 0.488911 3.199627
v 0.079828 0.529949 3.164390
v 0.083329 0.541406 3.140869
v -0.741437 0.614485 3.266787
v -0.669240 0.629471 3.190855
v -0.550843 0.592152 3.195777
v -0.559273 0.631974 3.190583
v -0.718319 0.570149 3.257637
v -0.673437 0.556472 3.199254
v -0.510548 0.563413 3.166253
v -0.298155 0.376148 3.234897
v -0.167845 0.393709 3.187482
v -0.050249 0.452962 3.175876
v 2.577716 -0.517105 3.246233
v 2.640388 -0.474699 3.212818
v 2.732636 -0.416755 3.166732
v 2.609650 -0.613391 3.194991
v 2.685914 -0.525761 3.161572
v -0.542996 0.428942 3.176982
v -0.537004 0.400382 3.188524
v -0.543151 0.379853 3.247387
v -0.464143 0.396572 3.152883
v -0.334090 0.376871 3.175976
v -0.271582 0.379081 3.164024
v -0.685999 0.461589 3.177646
v -0.744240 0.393024 3.212622
v 2.535688 -0.689174 3.203389
v 2.576489 -0.677075 3.178510
v -0.834108 0.320866 3.224043
v -0.966508 0.240251 3.211896
v 2.479368 -0.857091 3.205039
v 2.537471 -0.800854 3.169602
v -1.439652 0.215963 3.212947
v -1.425537 0.211579 3.201067
v -1.097223 0.194105 3.141018
v -1.107583 0.119885 3.258451
v 2.458304 -0.974144 3.195735
v 2.507829 -0.927558 3.157136
v 2.522710 -1.043255 3.109595
v -1.353732 0.164043 3.227560
v -1.300362 0.097753 3.225233
v -1.286151 0.064715 3.199428
v -1.174129 0.106065 3.199486
v -1.208240 0.075933 3.222926
v 2.452313 -1.033921 3.168170
v 2.377760 -1.072374 3.174304
v -1.390001 0.089407 3.153987
v -1.297187 0.069978 3.140479
v 2.319149 -1.140494 3.167124
v -1.529218 0.021687 3.176095
v -1.513729 -0.045248 3.199085
v -1.538345 0.111461 3.141480
v 2.249893 -1.242361 3.156379
v -1.551516 -0.107417 3.175040
v 2.124509 -1.327046 3.208637
v 2.106726 -1.383156 3.186811
v 2.184284 -1.345445 3.154391
v -1.579260 -0.197743 3.181917
v -1.689965 -0.274305 3.186920
v -1.584932 -0.295453 3.244832
v -1.523641 -0.190628 3.197856
v 2.023612 -1.418979 3.201402
v 2.115741 -1.435058 3.130190
v -1.692090 -0.360766 3.250950
v 1.903331 -1.504860 3.200981
v -1.841386 -0.387499 3.185199
v 1.813151 -1.563093 3.200719
v 1.986252 -1.505756 3.141730
v -1.922712 -0.423645 3.169021
v -1.862056 -0.467985 3.231778
v 1.687335 -1.653969 3.188465
v 1.790117 -1.666481 3.105451
v -1.984498 -0.503410 3.196384
v 1.610597 -1.709514 3.176386
v 1.558432 -1.748326 3.152585
v -2.224491 -0.675574 3.224030
v -2.107426 -0.538822 3.178962
v -2.216996 -0.532574 3.149533
v -2.363248 -0.643963 3.186032
v 1.472643 -1.785367 3.176099
v 1.409437 -1.828287 3.140483
v -2.364311 -0.766427 3.254149
v -2.421776 -0.712355 3.210489
v 1.289916 -1.892444 3.081415
v -2.514843 -0.732345 3.183575
v -2.547324 -0.796511 3.201391
v 1.062145 -1.871210 3.207464
v 0.924266 -1.915139 3.152830
v -2.624929 -0.846215 3.186629
v -2.542460 -0.860125 3.227592
v 0.732565 -1.934823 3.176781
v -2.532794 -0.987153 3.256517
v -2.647786 -1.037272 3.217580
v -2.727338 -0.974773 3.176095
v 0.484242 -1.986118 3.188805
v 0.672747 -1.966580 3.117643
v -2.682734 -1.075767 3.216913
v -2.513165 -1.042928 3.268072
v 0.565386 -1.998461 3.082241
v -2.759216 -1.076193 3.185771
v -2.724146 -1.161618 3.202002
v -2.563426 -1.163214 3.265268
v 0.251535 -2.060985 3.141561
v -2.765928 -1.172956 3.169078
v -2.732630 -1.233124 3.192078
v -2.663012 -1.242871 3.218020
v -2.599546 -1.238335 3.247779
v -2.538633 -1.282470 3.273767
v 0.157526 -2.080981 3.153443
v -2.571046 -1.383260 3.224231
v -2.710440 -1.314290 3.182296
v -2.521203 -1.460868 3.228689
v -2.644591 -1.458676 3.168797
v -2.435193 -1.463503 3.267893
v -2.456530 -1.530843 3.242653
v -2.393716 -1.488895 3.262237
v -0.268200 -2.165440 3.177458
v -0.342880 -2.195686 3.153787
v -0.153810 -2.155267 3.141826
v -2.526559 -1.594908 3.176436
v -2.406733 -1.608304 3.229931
v -2.312470 -1.662788 3.236676
v -2.454787 -1.642394 3.193776
v -2.231287 -1.719343 3.233763
v -2.256321 -1.797634 3.162325
v -2.159759 -1.806398 3.221016
v -0.522931 -2.266584 3.153655
v -0.581124 -2.293711 3.125625
v -2.216568 -1.828491 3.155940
v -2.096708 -1.842000 3.222543
v -2.010155 -1.881693 3.230825
v -2.103303 -1.901416 3.173162
v -2.049973 -1.967576 3.155659
v -1.956841 -1.947800 3.207352
v -1.850453 -1.925560 3.278184
v -1.809257 -2.068420 3.193728
v -0.984419 -2.278022 3.154787
v -0.801819 -2.249754 3.237176
v -0.675757 -2.280515 3.165747
v -0.752583 -2.288285 3.142275
v -1.777346 -2.201653 3.120234
v -1.567113 -2.164670 3.228147
v -1.408369 -2.210752 3.227325
v -1.284086 -2.209474 3.250469
v -1.259783 -2.287888 3.155436
v -1.421382 -2.251272 3.179791
v -1.155779 -2.310762 3.123281
v -1.526567 -2.231561 3.177633
v -1.645840 -2.255470 3.109526
v 2.372422 0.484491 3.087057
v 2.342542 0.467796 3.110601
v 2.180543 0.504149 3.075933
v 2.177353 0.414146 3.149185
v 2.307652 0.435052 3.142077
v 2.525753 0.341614 3.143734
v 2.501872 0.423720 3.101166
v 2.661457 0.261853 3.131288
v 2.641130 0.355186 3.092586
v 2.785496 0.342977 3.037515
v 2.747932 0.222409 3.110728
v 0.865921 0.778013 3.093608
v 0.844493 0.735075 3.116903
v 0.906202 0.779871 3.105321
v 0.909481 0.752543 3.013915
v 1.002594 0.733890 3.010230
v 1.821693 0.464348 3.111960
v 1.892875 0.454438 3.120934
v 2.038558 0.445877 3.097320
v 1.989248 0.486458 3.058541
v 2.821042 0.174759 3.094991
v 2.754097 0.083976 3.156619
v 2.836844 0.095442 3.106069
v 0.005790 0.986878 3.050485
v 0.029130 0.941682 3.132665
v 0.885118 0.685344 3.092756
v 0.908289 0.627762 3.193142
v 0.941912 0.617627 3.135206
v 0.941942 0.617528 3.146605
v 0.939065 0.608516 3.139167
v 0.946559 0.616132 3.139213
v 1.062925 0.609661 3.091629
v 1.098026 0.524422 3.102604
v 1.439482 0.469075 3.101216
v 1.329045 0.551677 3.043200
v 1.305532 0.475387 3.137041
v 1.504115 0.478139 3.082937
v 1.638607 0.472902 3.084918
v 2.848791 0.004780 3.140667
v 2.838210 0.057704 3.129348
v -0.025010 0.922014 3.144444
v 0.120870 0.827322 3.048801
v 0.869224 0.583627 3.115530
v 0.830542 0.541467 3.115269
v 0.769904 0.622862 3.061041
v 1.068140 0.587327 3.067812
v 1.227591 0.503176 3.125684
v 2.848218 -0.044264 3.104832
v 2.856748 -0.096725 3.139770
v 0.039334 0.698166 3.177754
v 0.039767 0.691613 3.095064
v 0.005742 0.851193 3.049314
v 0.090832 0.736951 3.154342
v 0.088605 0.738080 3.099478
v 0.091108 0.737140 3.118929
v 0.088201 0.736463 3.118931
v 0.174558 0.736211 3.083284
v 0.776004 0.523384 3.115258
v 0.798895 0.477168 3.173821
v -0.603420 0.858203 3.157240
v -0.577947 0.823755 3.156875
v -0.583995 0.875711 3.086511
v -0.522366 0.881217 3.074590
v -0.528651 0.901165 3.039366
v 0.068823 0.595656 3.117767
v 0.426894 0.515128 3.116117
v 0.311373 0.581380 3.069778
v 0.439496 0.516049 3.104287
v 0.467445 0.566111 3.069231
v -0.636428 0.768009 3.144745
v -0.531238 0.734983 3.132375
v -0.441199 0.707457 3.026561
v -0.461730 0.602204 3.069546
v -0.458904 0.812038 3.026606
v 0.000567 0.505863 3.105370
v 0.074136 0.557411 3.046595
v 2.833179 -0.410798 3.104276
v 2.842721 -0.401316 3.089959
v -0.624215 0.665348 3.120217
v -0.565188 0.584889 3.119365
v -0.565849 0.585093 3.119934
v -0.565853 0.585106 3.118395
v -0.499379 0.539236 3.142404
v -0.138575 0.409276 3.116711
v 2.834098 -0.485134 3.077454
v -0.626201 0.542499 3.083747
v -0.568545 0.576542 3.119302
v -0.496605 0.452449 3.050386
v -0.269248 0.387907 3.081460
v -0.193562 0.393823 3.093115
v 2.743268 -0.617514 3.089551
v -0.657253 0.490216 3.106988
v -0.712329 0.433305 3.106644
v -0.489512 0.435729 3.047047
v -0.376302 0.401435 3.093668
v 2.654255 -0.614782 3.159447
v 2.663403 -0.753243 3.088303
v -0.770485 0.389557 3.130030
v 2.607260 -0.772961 3.122792
v -0.922569 0.326338 3.094476
v 2.590099 -0.829438 3.122952
v 2.690022 -0.786173 3.062260
v -1.040995 0.255579 3.094181
v 2.581197 -0.974730 3.069730
v -1.463273 0.171149 3.153600
v -1.576947 0.086662 3.070541
v -1.140578 0.214837 3.070485
v -1.267178 0.126989 3.081868
v -1.485529 0.062577 3.070090
v -1.385559 0.064640 3.128864
v -1.474435 0.058709 3.058222
v 2.415468 -1.170270 3.096263
v 2.472344 -1.163200 3.067167
v 2.530967 -1.095122 3.079157
v -1.596840 0.068463 3.082242
v 2.340713 -1.233451 3.107722
v 2.344401 -1.296120 3.059952
v -1.587912 -0.033625 3.116751
v -1.552065 -0.131811 3.151221
v 2.265837 -1.308938 3.115030
v -1.671647 -0.081052 3.057541
v 2.215917 -1.355128 3.118808
v 2.174091 -1.403810 3.115185
v 2.146894 -1.489029 3.047008
v -1.777004 -0.271276 3.138812
v 2.060311 -1.528458 3.062427
v -1.968509 -0.371701 3.118260
v -1.869068 -0.291574 3.111032
v 1.899967 -1.589782 3.117625
v 1.972519 -1.599697 3.046518
v -2.070485 -0.420388 3.114698
v -2.176430 -0.442259 3.104426
v 1.696045 -1.698922 3.129030
v 1.758723 -1.730294 3.034155
v 1.875421 -1.644155 3.070001
v -2.361112 -0.557539 3.126285
v -2.261989 -0.478143 3.102905
v -2.300661 -0.477201 3.079407
v 1.642024 -1.743514 3.093376
v 1.568877 -1.782176 3.069628
v -2.483404 -0.631501 3.125781
v -2.421088 -0.550636 3.075809
v 1.488071 -1.806419 3.093243
v -2.571918 -0.676795 3.125764
v -2.626936 -0.733809 3.136440
v -2.652745 -0.675729 3.078631
v 1.043124 -1.929473 3.081563
v 1.154181 -1.891999 3.128808
v 0.775468 -1.992456 3.022709
v 0.928644 -1.988157 2.963314
v -2.751632 -0.842964 3.124670
v -2.824613 -0.819527 3.066043
v -2.812757 -0.947470 3.123930
v -2.824948 -0.906230 3.088905
v -2.804787 -1.024320 3.135050
v -2.790149 -1.016727 3.157252
v 0.390605 -2.036871 3.094179
v -2.786685 -1.092079 3.158027
v -2.763752 -1.111030 3.075169
v 0.105163 -2.117644 3.070634
v -2.714077 -1.312755 3.132318
v 0.021538 -2.124516 3.118016
v -2.707626 -1.344405 3.167442
v -2.643981 -1.495595 3.142357
v -2.669708 -1.419484 3.107669
v -0.280760 -2.214415 3.047217
v -0.197975 -2.191072 3.059003
v -0.112305 -2.178846 3.035271
v -2.632281 -1.511481 3.094970
v -0.436878 -2.267197 3.082592
v -2.591665 -1.611169 3.129415
v -2.600733 -1.595663 3.094160
v -2.561382 -1.665395 3.128866
v -2.550429 -1.708609 3.093050
v -2.401494 -1.708435 3.162591
v -0.540362 -2.320124 3.046997
v -2.517499 -1.761035 3.080705
v -2.452558 -1.790817 3.092621
v -2.403411 -1.830867 3.069897
v -2.269795 -1.917418 3.066889
v -0.860737 -2.316539 3.095101
v -0.740258 -2.326130 3.047478
v -0.595584 -2.337844 3.020729
v -2.192367 -1.946931 3.083848
v -2.080256 -2.062216 3.065134
v -2.154165 -2.060318 3.018128
v -1.939750 -2.088698 3.128090
v -1.092299 -2.343699 3.048265
v -0.961425 -2.321489 3.071717
v -2.004297 -2.135195 3.052496
v -1.897590 -2.175910 3.087275
v -1.503464 -2.275331 3.132584
v -1.475140 -2.302681 3.096859
v -1.398272 -2.294779 3.120331
v -1.521171 -2.329953 3.037722
v -1.644454 -2.289564 3.062009
v -1.282399 -2.319398 3.096200
v -1.424382 -2.336826 3.028069
v -1.854697 -2.210723 3.075054
v -1.752802 -2.241039 3.086327
v 2.248999 0.566313 2.961260
v 2.265337 0.498459 3.067830
v 2.304381 0.545133 2.993325
v 2.487003 0.495669 3.027824
v 2.570497 0.446013 3.050782
v 2.724498 0.424773 3.014775
v 2.755240 0.484114 2.956182
v 2.807567 0.303304 3.025309
v 2.788948 0.383599 3.002443
v 1.916676 0.571833 2.975734
v 1.843925 0.536568 3.018088
v 2.121901 0.554731 3.017503
v 1.944821 0.662606 2.895108
v 0.916367 0.774064 3.034416
v 0.997892 0.759070 2.963241
v 1.028236 0.697421 3.009847
v 1.647778 0.582027 3.004152
v 1.563344 0.509531 3.054016
v 1.557641 0.610589 2.980923
v 1.739172 0.557612 3.018548
v 2.828838 0.160114 3.071234
v -0.025615 0.972349 3.062248
v -0.016150 0.919777 3.073574
v -0.030744 0.949859 3.026654
v -0.052237 0.981375 2.979765
v 0.035718 0.964221 3.038405
v 0.085565 0.888030 3.037615
v 0.005422 0.986719 2.991462
v 0.013620 0.816445 2.978165
v 0.067906 0.910244 2.978830
v 0.936475 0.657261 3.033354
v 0.932884 0.621266 3.033052
v 1.079170 0.583256 3.055943
v 1.179789 0.588591 3.043916
v 1.238740 0.539191 3.090552
v 1.245742 0.642253 2.961572
v 1.457630 0.567608 3.008685
v 1.371026 0.607472 2.980779
v 2.793934 0.110240 2.941046
v 2.788123 -0.023780 2.904490
v 0.136526 0.813751 2.977814
v 0.087409 0.776166 3.024839
v 0.086916 0.776598 2.989430
v 0.091078 0.775379 2.977604
v 0.204671 0.715551 2.988589
v 0.704963 0.594023 3.033425
v 0.671930 0.666629 2.991690
v 0.624214 0.632280 2.974947
v 0.666417 0.569589 3.045121
v 0.758586 0.666398 3.010298
v 0.889609 0.609858 3.069286
v 0.851444 0.647262 2.987820
v -0.568274 0.871037 3.051016
v -0.542740 0.888025 3.015681
v -0.486592 0.877529 3.039049
v -0.487086 0.916069 2.992165
v 0.043264 0.713472 3.012611
v 0.086611 0.773138 2.977597
v 0.282066 0.606819 3.034663
v 0.250899 0.663279 2.964406
v 0.583802 0.582783 3.018887
v 0.515405 0.642079 2.937876
v 2.808831 -0.129759 2.962543
v 2.837774 -0.226232 3.056070
v -0.542498 0.801416 3.003128
v -0.466698 0.889018 2.991877
v 0.060452 0.611858 2.952665
v 0.364414 0.553928 3.033987
v 0.332960 0.572344 3.010620
v -0.571938 0.674191 3.049326
v -0.541977 0.702263 3.000750
v -0.430529 0.778723 2.979023
v -0.418402 0.663437 2.989800
v 0.059061 0.537315 3.058266
v 0.035470 0.545570 2.952159
v 0.059083 0.562794 2.964049
v 2.837596 -0.399426 3.054575
v -0.552722 0.587896 3.095748
v -0.551109 0.593013 3.096073
v -0.550789 0.592915 3.095787
v -0.551111 0.593019 3.095421
v -0.570811 0.624520 3.025285
v -0.130983 0.449383 2.963577
v -0.082652 0.496226 2.940243
v -0.164081 0.409659 3.045954
v 2.830496 -0.483632 3.030258
v 2.801287 -0.473608 2.924181
v 2.784360 -0.405943 2.865787
v -0.605126 0.548790 3.012918
v -0.646245 0.499585 3.048016
v -0.478421 0.508532 3.059451
v -0.441267 0.473130 2.924901
v -0.411793 0.612042 2.965730
v -0.265088 0.402328 3.010747
v -0.387799 0.445545 2.976033
v -0.218001 0.402161 3.010620
v -0.235149 0.420014 2.939992
v 2.832303 -0.583292 3.041197
v -0.714770 0.459560 3.012440
v -0.653666 0.502381 2.989037
v -0.769538 0.410652 3.071186
v 2.755691 -0.695433 3.057788
v 2.824231 -0.654909 3.028796
v 2.816862 -0.689255 2.969495
v 2.811177 -0.724773 2.992814
v -0.871696 0.385123 3.024020
v 2.771624 -0.761975 3.012272
v -0.995078 0.337527 3.000329
v 2.747335 -0.877794 2.975049
v -1.074743 0.267115 3.047152
v -1.122983 0.312039 2.953231
v 2.644883 -0.920287 3.038787
v -1.293810 0.201434 2.976341
v -1.215953 0.212282 3.011641
v 2.566128 -1.118150 3.025484
v 2.623087 -1.036764 2.985093
v -1.370395 0.074304 3.081688
v -1.493979 0.076056 3.011206
v 2.512160 -1.187416 2.977812
v 2.597014 -1.164355 2.942370
v -1.619940 0.038978 3.034831
v -1.623856 0.027652 3.058352
v -1.590452 0.044781 3.011193
v -1.616744 0.000940 3.022689
v -1.540338 0.046526 3.022879
v 2.417689 -1.244667 3.024787
v 2.481033 -1.251766 2.964393
v -1.730637 -0.046502 2.998974
v 2.356565 -1.348806 2.976833
v -1.760435 -0.102392 3.031219
v 2.245468 -1.388630 3.047611
v -1.893529 -0.159327 3.010239
v -1.833773 -0.178477 3.053115
v -1.842942 -0.088360 2.976208
v 2.208791 -1.488034 2.992362
v -1.980608 -0.211740 3.010018
v -1.961996 -0.151823 2.963267
v 2.057223 -1.576493 2.999274
v 2.202708 -1.522932 2.952130
v -2.003712 -0.285845 3.052038
v -2.106762 -0.315129 3.033071
v 1.949886 -1.653986 2.987087
v -2.186472 -0.354808 3.021137
v -2.170081 -0.382037 3.060651
v 1.903836 -1.701087 2.951388
v 1.828632 -1.702713 3.022403
v -2.270991 -0.386805 2.985401
v -2.342058 -0.455701 3.008876
v -2.451709 -0.449208 2.950201
v 1.703887 -1.786728 2.962990
v -2.555024 -0.582503 3.048252
v -2.601547 -0.530145 2.973510
v 1.532943 -1.826652 2.998512
v 1.340052 -1.890023 3.057502
v 1.411899 -1.880611 2.986564
v -2.783544 -0.678529 2.996325
v -2.779427 -0.734569 3.043047
v -2.724176 -0.590445 2.961512
v 1.231985 -1.956698 2.974583
v 1.289696 -1.931029 2.998259
v -2.831589 -0.730154 2.996007
v 1.092572 -1.967331 2.986667
v 0.997563 -1.993141 2.939478
v -2.826949 -0.793306 2.971839
v -2.833446 -0.829029 3.054180
v 0.690534 -2.025572 2.975431
v -2.769187 -0.922314 2.899743
v -2.794204 -1.014818 3.076081
v 0.476070 -2.039149 3.011299
v 0.591705 -2.025425 2.999305
v 0.398529 -2.056752 3.011354
v 0.478334 -2.069847 2.928395
v -2.725261 -1.184655 3.027212
v -2.745958 -1.053838 2.957569
v 0.305377 -2.113130 2.893069
v 0.174390 -2.146049 2.881330
v -2.681970 -1.234766 2.944032
v -0.200769 -2.222569 2.952497
v 0.070842 -2.183300 2.834066
v -0.119544 -2.214568 2.905131
v -2.596605 -1.521885 2.988544
v -2.592942 -1.423117 2.871340
v -2.622643 -1.327051 2.860445
v -2.562970 -1.606632 2.975917
v -0.324042 -2.249829 2.988004
v -2.566180 -1.668232 3.069831
v -0.460194 -2.338822 2.940380
v -0.351242 -2.290214 2.916901
v -2.516320 -1.782654 3.033297
v -2.524329 -1.717798 2.974854
v -0.517016 -2.361871 2.928528
v -2.481547 -1.842361 3.020884
v -2.437199 -1.936324 2.960930
v -2.472022 -1.870391 2.973397
v -2.232768 -1.995629 3.024740
v -1.013335 -2.366869 2.979487
v -0.887907 -2.361909 3.000345
v -0.811266 -2.354120 2.988403
v -2.355426 -1.952346 2.995989
v -2.042936 -2.216585 2.933851
v -2.193251 -2.143317 2.910635
v -1.204690 -2.346916 3.048537
v -1.153185 -2.378643 2.977298
v -1.240489 -2.380591 2.965708
v -1.978471 -2.209372 2.992764
v -1.926561 -2.240825 2.980550
v -1.796600 -2.261018 3.015442
v -1.869224 -2.293332 2.909116
v -1.621511 -2.333394 2.990742
v -1.404790 -2.390450 2.907039
v 2.310913 0.646480 2.877283
v 2.353214 0.583119 2.946168
v 2.355350 0.630013 2.899484
v 2.431913 0.557939 2.945877
v 2.367155 0.548182 2.981379
v 2.393451 0.633714 2.864001
v 2.443785 0.636766 2.840283
v 2.626281 0.546592 2.933456
v 2.610806 0.576656 2.898343
v 2.731451 0.527078 2.921203
v 2.754499 0.444774 2.896821
v 1.795479 0.660273 2.876445
v 1.774429 0.592005 2.958727
v 1.874384 0.635168 2.909796
v 2.017467 0.657611 2.888819
v 2.108899 0.633569 2.888368
v 2.170544 0.592722 2.935070
v 2.762025 0.306463 2.871997
v 1.296770 0.687212 2.914605
v 1.468743 0.643230 2.949181
v 1.353394 0.750120 2.857330
v 1.594505 0.649814 2.937098
v 1.484837 0.695150 2.902368
v 1.660615 0.664065 2.889826
v 1.742850 0.650117 2.889486
v 0.972184 0.758037 2.951496
v 0.954886 0.713799 2.974769
v 0.984778 0.718228 2.915704
v 0.936795 0.683344 2.939141
v 1.014314 0.693518 2.950827
v 1.037795 0.689687 2.938927
v 1.025286 0.729431 2.888668
v 1.135207 0.644593 2.981394
v 1.167722 0.710101 2.891538
v 2.785011 0.236891 2.930359
v -0.017650 0.874544 2.966946
v -0.047579 0.936301 2.991168
v -0.067730 0.961502 2.979634
v -0.031689 0.987169 2.967956
v -0.091122 0.956638 2.908827
v -0.099361 0.890967 2.920086
v -0.120455 0.916779 2.908561
v 0.015168 0.940073 2.932011
v 0.616550 0.727856 2.916769
v 0.690257 0.685675 2.983338
v 0.740053 0.687356 2.939700
v 0.756952 0.702491 2.894775
v 0.912775 0.725977 2.880550
v 0.958857 0.675516 2.962624
v -0.005317 0.796613 2.919021
v 0.125081 0.817315 2.942462
v 0.084442 0.846062 2.907404
v 0.186906 0.738544 2.941617
v 0.111857 0.738435 2.800160
v 0.447767 0.663615 2.907298
v 0.461821 0.709061 2.860041
v 0.569735 0.736624 2.903232
v -0.514221 0.916631 2.956828
v -0.518634 0.905737 2.944942
v 0.043706 0.676786 2.941466
v 0.086888 0.764600 2.942109
v 0.083059 0.762464 2.942101
v 0.084039 0.765431 2.950513
v 0.084008 0.765532 2.938820
v -0.004382 0.682531 2.868196
v 0.272400 0.656991 2.902518
v 0.411291 0.624950 2.990305
v 0.281465 0.726249 2.835016
v 2.776300 -0.118689 2.856484
v -0.424769 0.839244 2.920507
v -0.520863 0.696064 2.943137
v -0.505830 0.802982 2.908606
v -0.394992 0.656527 2.930656
v -0.391277 0.779752 2.849076
v 2.782605 -0.244516 2.867185
v -0.548478 0.630232 2.978056
v -0.359390 0.596555 2.835605
v 0.044245 0.580300 2.905217
v -0.533792 0.638996 2.848241
v -0.407486 0.561553 2.918064
v -0.135474 0.488750 2.857687
v -0.608790 0.550680 2.918506
v -0.679901 0.501035 2.941877
v -0.325901 0.486935 2.858179
v -0.192344 0.431944 2.916371
v -0.829368 0.446783 2.930003
v -0.870073 0.447910 2.906511
v -1.059450 0.397114 2.882968
v -0.962299 0.439503 2.883075
v 2.801579 -0.832667 2.932884
v 2.794235 -0.743361 2.886456
v 2.787812 -0.864998 2.873618
v -1.220384 0.318535 2.870914
v 2.769490 -0.958321 2.884666
v 2.682902 -1.067186 2.883957
v -1.435387 0.217196 2.882417
v -1.519097 0.169209 2.894031
v 2.614634 -1.095744 2.954720
v 2.529615 -1.241676 2.882859
v 2.634291 -1.162980 2.847846
v 2.615925 -1.206790 2.859321
v 2.599792 -1.226461 2.859194
v -1.573441 0.059909 2.987669
v -1.760453 0.017430 2.916972
v -1.597324 0.119495 2.905614
v 2.492354 -1.304194 2.882418
v 2.417933 -1.305975 2.941625
v 2.475641 -1.335874 2.858581
v 2.335418 -1.428037 2.881768
v -2.111026 -0.151408 2.841643
v -1.944581 -0.055463 2.861572
v 2.257210 -1.490430 2.931601
v -2.140730 -0.229173 2.904053
v 2.280299 -1.546440 2.833674
v -2.235653 -0.312874 2.927193
v 2.009231 -1.649093 2.927948
v 2.130028 -1.598498 2.880843
v -2.320886 -0.387452 2.950385
v -2.351352 -0.325590 2.868368
v -2.431347 -0.383329 2.879888
v 1.816050 -1.751882 2.939379
v 1.916042 -1.747122 2.844717
v 1.780047 -1.821977 2.820823
v -2.673886 -0.485457 2.879652
v -2.576783 -0.438205 2.879801
v 1.640950 -1.835739 2.903709
v 1.515110 -1.881469 2.891844
v -2.791147 -0.556341 2.879353
v -2.840273 -0.677459 2.937461
v -2.838786 -0.578284 2.855681
v 1.159120 -2.028678 2.844304
v 1.303192 -1.956933 2.879953
v -2.839945 -0.739806 2.984140
v 1.158881 -1.991546 2.927258
v 0.840963 -2.018450 2.916069
v 0.936766 -2.027604 2.856711
v 0.862606 -2.040604 2.833187
v 1.102792 -2.049958 2.820661
v 0.665948 -2.062939 2.892541
v -2.731269 -0.958357 2.816699
v -2.703202 -1.103779 2.874392
v 0.386820 -2.123055 2.833744
v -2.546634 -1.499111 2.811537
v -0.208626 -2.272319 2.798628
v -0.422008 -2.378389 2.798281
v -0.785510 -2.388618 2.893599
v -0.722836 -2.386081 2.893454
v -0.880071 -2.413612 2.881830
v -0.576401 -2.429937 2.774639
v -0.640823 -2.437821 2.762938
v -2.413833 -1.979417 2.925083
v -2.371492 -2.041056 2.900827
v -2.278534 -2.099554 2.900074
v -1.082590 -2.427541 2.858641
v -0.956469 -2.420426 2.881975
v -1.794467 -2.330511 2.878242
v -1.515324 -2.387971 2.919160
v -1.289518 -2.416781 2.871090
v -1.224667 -2.445628 2.811645
v -1.953920 -2.286797 2.885788
v -2.011959 -2.274346 2.870807
v -1.708666 -2.371947 2.848986
v 2.511722 0.656819 2.793057
v 2.655031 0.640722 2.768927
v 2.687275 0.584702 2.839185
v 2.716743 0.543653 2.850557
v 2.673215 0.619668 2.780502
v 1.944683 0.702384 2.842181
v 1.861682 0.713987 2.837329
v 2.019186 0.704188 2.782975
v 1.887818 0.759014 2.760189
v 2.194585 0.671284 2.806412
v 2.245373 0.675380 2.805732
v 2.712149 0.520718 2.803153
v 2.725717 0.442197 2.802438
v 1.363735 0.783790 2.809019
v 1.616344 0.721192 2.819609
v 1.658790 0.778525 2.753675
v 2.700565 0.364318 2.695591
v 1.083653 0.798341 2.804228
v 1.259731 0.767366 2.840703
v 1.292736 0.794121 2.809297
v 2.760788 0.195662 2.847435
v 0.777108 0.767954 2.810446
v 0.905457 0.805083 2.786816
v 1.035802 0.763593 2.844234
v -0.071013 0.942501 2.873238
v -0.010163 0.900340 2.849102
v -0.071228 0.865449 2.741962
v 0.528634 0.764073 2.858294
v 0.441489 0.803149 2.776231
v 0.677681 0.726496 2.857572
v 0.556674 0.775934 2.775689
v 0.658197 0.784087 2.766952
v -0.141698 0.914931 2.849578
v -0.180492 0.874449 2.825723
v -0.122394 0.818696 2.868241
v -0.121032 0.902768 2.802200
v 0.024110 0.852384 2.824987
v 0.108473 0.766184 2.847627
v 0.033025 0.803103 2.765514
v 0.413195 0.712124 2.843698
v 0.333567 0.774875 2.773119
v 0.430851 0.768644 2.817956
v 2.752007 -0.060988 2.786219
v -0.467979 0.939668 2.862467
v -0.467849 0.941089 2.803456
v -0.429014 0.946722 2.791596
v -0.486298 0.896477 2.826729
v -0.399686 0.881768 2.802762
v -0.175219 0.847924 2.840302
v -0.188868 0.765864 2.805209
v -0.087150 0.695550 2.823930
v 0.076838 0.743272 2.908715
v 0.079479 0.742458 2.906523
v 0.076351 0.741765 2.906525
v 0.076824 0.743316 2.903673
v 0.070706 0.724239 2.882780
v 0.073250 0.732152 2.892554
v 0.075514 0.731515 2.882830
v 0.070386 0.733129 2.882857
v 0.061943 0.735851 2.874773
v 0.064915 0.734944 2.871083
v 0.060664 0.731853 2.871068
v 0.061924 0.735913 2.867550
v 0.046950 0.740692 2.859376
v 0.054898 0.738190 2.859334
v 0.049203 0.734959 2.859321
v 0.050628 0.739575 2.854013
v 0.037020 0.735770 2.847555
v 0.032262 0.745408 2.847651
v 0.045389 0.741275 2.847580
v 0.039331 0.743245 2.839584
v 0.230838 0.682968 2.858388
v 2.724566 -0.150614 2.691082
v -0.480432 0.783256 2.825735
v 0.019353 0.600901 2.855585
v -0.008704 0.630261 2.823157
v -0.471857 0.743706 2.789958
v -0.484817 0.698470 2.765992
v -0.357118 0.657714 2.836127
v -0.360062 0.733375 2.789570
v -0.330760 0.612567 2.800254
v -0.021733 0.552124 2.834321
v -0.013910 0.574569 2.814339
v -0.044274 0.596885 2.765593
v 2.748820 -0.393834 2.747939
v -0.371748 0.538845 2.799967
v -0.086643 0.548362 2.763634
v -0.590675 0.590111 2.812557
v -0.684550 0.538051 2.835967
v -0.397053 0.496915 2.850594
v -0.364056 0.524111 2.791790
v -0.233311 0.466975 2.834150
v -0.277505 0.524543 2.752133
v -0.173074 0.501874 2.787073
v 2.764479 -0.473382 2.794430
v 2.753376 -0.667519 2.745564
v -0.755232 0.510712 2.847724
v -0.864412 0.506606 2.824370
v -1.054890 0.444455 2.812537
v -1.154430 0.411709 2.777106
v -0.957328 0.486835 2.812643
v 2.773975 -0.959549 2.861034
v 2.758194 -1.015904 2.789762
v -1.337056 0.260488 2.882529
v 2.756053 -1.040164 2.813167
v -1.542961 0.238749 2.788453
v 2.640393 -1.201474 2.776670
v -1.681735 0.111228 2.858550
v -1.708434 0.145553 2.788090
v 2.595330 -1.286195 2.764254
v 2.560515 -1.310144 2.752335
v -1.853040 -0.000688 2.869845
v 2.527017 -1.326655 2.775891
v -1.989313 0.000869 2.752175
v -1.916653 0.034913 2.764080
v 2.443032 -1.408548 2.775408
v 2.378895 -1.453363 2.786996
v 2.347859 -1.542316 2.750897
v -2.255330 -0.167239 2.763237
v -2.147784 -0.069682 2.728379
v 2.267503 -1.573381 2.798061
v -2.304474 -0.251226 2.821666
v -2.397077 -0.312583 2.809579
v 2.079877 -1.696616 2.738474
v 1.976624 -1.749821 2.761900
v -2.521439 -0.330959 2.762533
v 1.840974 -1.816041 2.773494
v -2.705030 -0.425343 2.774013
v -2.753089 -0.500579 2.844318
v 1.710535 -1.861691 2.785252
v -2.837484 -0.491332 2.761991
v 1.350229 -1.958906 2.820787
v 1.471591 -1.939257 2.785220
v 1.604565 -1.909369 2.749710
v -2.841206 -0.614739 2.867177
v 1.252249 -2.006616 2.761614
v -2.830670 -0.692489 2.890087
v -2.806758 -0.686999 2.807438
v -2.788993 -0.791869 2.841899
v -2.746452 -0.871514 2.782075
v 0.874452 -2.068347 2.738479
v 1.024523 -2.062107 2.785351
v 1.093485 -2.078102 2.737810
v 0.670259 -2.087136 2.809688
v 0.778172 -2.059045 2.821447
v 0.513200 -2.114509 2.821675
v 0.559942 -2.122466 2.774264
v -2.652694 -1.218404 2.837853
v -2.658347 -1.141895 2.777016
v 0.237376 -2.164533 2.786565
v 0.451966 -2.150561 2.750700
v -0.006264 -2.236476 2.727570
v -2.509137 -1.652042 2.857336
v -0.138695 -2.257026 2.774965
v -0.299724 -2.317796 2.786674
v -2.463084 -1.748258 2.820968
v -0.513670 -2.426820 2.750889
v -2.381742 -1.959400 2.807123
v -2.332234 -2.086362 2.805895
v -0.928538 -2.448617 2.822634
v -0.963472 -2.479844 2.757209
v -0.825707 -2.435854 2.787057
v -2.313679 -2.131355 2.829066
v -1.367806 -2.466678 2.741017
v -1.071908 -2.470414 2.752440
v -2.257959 -2.189806 2.804804
v -2.162531 -2.202092 2.859105
v -2.110298 -2.270885 2.791906
v -2.024217 -2.311922 2.791322
v -1.961647 -2.348619 2.767230
v -1.893985 -2.369550 2.766868
v -1.736617 -2.419801 2.754209
v -1.587763 -2.419955 2.827868
v -1.546856 -2.446589 2.788887
v -1.460209 -2.484617 2.717499
v 2.286775 0.729417 2.738531
v 2.293992 0.753202 2.688229
v 2.328192 0.702991 2.782141
v 2.363989 0.699174 2.758403
v 2.361275 0.731135 2.683943
v 2.545090 0.685281 2.728967
v 2.439945 0.746107 2.628755
v 2.589996 0.711316 2.651664
v 2.659862 0.600066 2.674126
v 1.691637 0.844621 2.690624
v 1.817314 0.770717 2.772283
v 1.818030 0.813706 2.690020
v 2.188343 0.731891 2.700131
v 2.663733 0.512499 2.637946
v 2.692385 0.441143 2.696277
v 1.442197 0.798172 2.749910
v 1.355592 0.838150 2.715073
v 1.501010 0.828645 2.697401
v 0.982704 0.832172 2.763234
v 1.127253 0.859317 2.739474
v 0.865964 0.855144 2.722891
v 0.965964 0.898157 2.691284
v 1.204027 0.867730 2.715733
v 0.713702 0.883632 2.658154
v 2.716847 0.173474 2.705704
v 0.370258 0.813143 2.752898
v 0.445441 0.816910 2.705512
v 0.522851 0.827388 2.679259
v -0.415696 0.949235 2.732559
v -0.352167 0.956173 2.720645
v -0.364267 0.908202 2.743872
v -0.104611 0.877122 2.754716
v -0.190603 0.840438 2.719215
v -0.028097 0.845201 2.742432
v 0.004811 0.793313 2.694678
v 0.269417 0.807857 2.720893
v 2.710181 -0.059183 2.656495
v 2.706380 0.053388 2.657477
v -0.465068 0.865596 2.755578
v -0.447430 0.934292 2.756124
v -0.379940 0.850985 2.778834
v -0.275046 0.808881 2.671949
v -0.314875 0.868269 2.696178
v -0.252391 0.761512 2.754140
v -0.216051 0.824045 2.789969
v -0.274131 0.771678 2.718844
v -0.254733 0.799927 2.683622
v 0.131970 0.724313 2.764570
v 0.056566 0.760763 2.717868
v 0.045264 0.764978 2.670716
v 0.147515 0.734633 2.749741
v -0.429360 0.780931 2.648510
v -0.352245 0.798109 2.754694
v -0.327913 0.717974 2.765742
v -0.328903 0.661483 2.800671
v -0.265904 0.679014 2.769869
v -0.270749 0.742569 2.750563
v -0.297526 0.776010 2.717375
v -0.236293 0.694436 2.770513
v -0.157459 0.669559 2.777485
v -0.226173 0.648263 2.753064
v -0.137968 0.614231 2.737482
v -0.078120 0.607743 2.739907
v 2.738254 -0.241824 2.725671
v -0.511699 0.669993 2.742208
v -0.473287 0.720419 2.659909
v -0.438125 0.759032 2.636540
v -0.265307 0.641779 2.759593
v -0.214868 0.606370 2.705454
v -0.088767 0.574004 2.735152
v -0.167036 0.561752 2.705682
v -0.319777 0.547686 2.741759
v -0.257126 0.590162 2.700116
v -0.223260 0.499904 2.775385
v -0.246251 0.545802 2.716820
v -0.597088 0.648020 2.659614
v -0.644598 0.617390 2.694890
v -0.853336 0.542242 2.765625
v -0.958373 0.564545 2.671661
v -1.022116 0.521590 2.706874
v -0.753514 0.585374 2.726068
v 2.739502 -0.786533 2.697356
v 2.734814 -0.883964 2.684722
v -1.314184 0.376580 2.741815
v -1.399434 0.341653 2.741740
v -1.471782 0.308397 2.741646
v -1.411627 0.382749 2.671299
v -1.590822 0.244762 2.741414
v 2.720929 -1.127093 2.682660
v 2.690526 -1.253186 2.622629
v 2.696930 -1.193972 2.705755
v -1.780119 0.195428 2.647056
v -1.856855 0.103676 2.717296
v 2.616831 -1.292596 2.716922
v 2.523678 -1.386840 2.693509
v 2.496702 -1.440216 2.692359
v 2.453764 -1.513047 2.656430
v -2.206562 -0.058630 2.657804
v 2.342556 -1.577495 2.715193
v 2.293677 -1.606344 2.691466
v 2.388918 -1.567066 2.679746
v 2.207678 -1.621933 2.750584
v -2.359382 -0.270789 2.786231
v -2.461455 -0.239502 2.668726
v -2.312982 -0.161199 2.680811
v 2.135349 -1.697517 2.667491
v 1.914448 -1.827766 2.666956
v 2.016042 -1.771238 2.655368
v -2.646817 -0.352809 2.691852
v 1.789670 -1.861304 2.714217
v -2.831493 -0.443074 2.679759
v -2.819319 -0.433179 2.691617
v -2.804614 -0.466291 2.762119
v 1.700057 -1.894874 2.702362
v -2.838749 -0.490658 2.726587
v -2.826933 -0.556437 2.749596
v 1.441150 -1.994411 2.654974
v -2.753722 -0.714967 2.665400
v 1.329205 -2.000958 2.714240
v 1.196549 -2.069742 2.607757
v 1.027844 -2.089451 2.702474
v -2.696998 -0.955944 2.710387
v 0.741521 -2.094817 2.703191
v 0.648320 -2.115693 2.703259
v 0.862157 -2.103304 2.620163
v 0.797074 -2.113083 2.596643
v -2.647233 -1.082803 2.685550
v 0.708751 -2.118873 2.620438
v -2.604583 -1.207605 2.684359
v 0.273948 -2.203779 2.679887
v 0.492941 -2.158242 2.691501
v -2.572271 -1.379294 2.765145
v 0.142408 -2.190620 2.762984
v 0.141612 -2.230833 2.668202
v -2.505958 -1.498623 2.693387
v -0.006863 -2.269843 2.656456
v -2.463100 -1.660952 2.734915
v -0.133003 -2.283017 2.703897
v -0.228217 -2.327198 2.691965
v -0.315336 -2.373928 2.679989
v -2.378319 -1.885584 2.725119
v -2.400692 -1.696214 2.596963
v -0.414075 -2.417091 2.679880
v -0.613681 -2.468114 2.679971
v -2.336702 -1.972752 2.700646
v -0.833507 -2.497103 2.621284
v -0.940915 -2.523107 2.633149
v -0.763386 -2.471728 2.668535
v -2.281913 -2.146763 2.734410
v -1.123753 -2.514967 2.624000
v -1.269576 -2.506617 2.634168
v -1.013896 -2.520366 2.656977
v -2.218662 -2.259900 2.709656
v -2.153454 -2.327211 2.667140
v -1.698156 -2.454057 2.706592
v -1.339575 -2.493717 2.669881
v -2.065334 -2.361679 2.661151
v -1.841742 -2.437724 2.665473
v -1.618526 -2.476078 2.694385
v -1.654869 -2.511278 2.599742
v 2.550991 0.745660 2.593040
v 1.657623 0.895021 2.620322
v 1.581647 0.889141 2.644083
v 1.699097 0.909840 2.561316
v 1.731938 0.855228 2.660103
v 1.771925 0.865206 2.607955
v 1.850150 0.838927 2.583910
v 2.173436 0.764362 2.629623
v 2.106544 0.788545 2.582791
v 2.085083 0.758278 2.665220
v 2.264793 0.779585 2.617707
v 2.302013 0.780089 2.605806
v 2.382419 0.760532 2.593618
v 2.612478 0.704719 2.616133
v 1.927800 0.769293 2.689344
v 2.012633 0.804451 2.598596
v 2.628358 0.549122 2.543920
v 0.864502 0.930481 2.643047
v 0.987754 0.928731 2.651938
v 1.040366 0.939117 2.622348
v 1.319799 0.882896 2.644727
v 1.422130 0.853672 2.673049
v 1.361519 0.897929 2.618980
v 2.660407 0.427289 2.590000
v 2.686618 0.294919 2.636006
v 0.624432 0.835326 2.693389
v 0.514323 0.880132 2.608000
v 0.631945 0.979775 2.537949
v 0.223073 0.822748 2.682545
v 0.283577 0.853691 2.670846
v 0.229322 0.878902 2.612185
v 0.179919 0.879621 2.588714
v 0.443897 0.852656 2.626971
v -0.282965 0.957499 2.661448
v -0.298361 0.971055 2.649802
v -0.315727 0.955803 2.614685
v -0.275900 0.906051 2.625572
v -0.225125 0.964500 2.602331
v -0.107391 0.830601 2.659885
v -0.033994 0.789191 2.623918
v 0.095612 0.807779 2.623733
v -0.388491 0.904097 2.661269
v -0.234074 0.822310 2.601128
v -0.253014 0.862088 2.577913
v -0.210347 0.817847 2.671854
v -0.137850 0.813887 2.577189
v -0.211567 0.814779 2.624613
v 2.696783 -0.240131 2.595945
v -0.186029 0.580164 2.698507
v -0.627994 0.712453 2.518597
v -0.567263 0.708210 2.553813
v 2.681468 -0.370973 2.535833
v 2.702760 -0.477138 2.593883
v -0.726965 0.631729 2.648015
v -0.844051 0.589556 2.671572
v -0.785333 0.643881 2.589252
v 2.727194 -0.584382 2.663719
v -1.078654 0.527475 2.648053
v -1.007444 0.607231 2.554114
v 2.703593 -0.724808 2.579937
v -1.356704 0.440277 2.612627
v -1.238745 0.466502 2.647953
v 2.717504 -1.001897 2.636531
v -1.498142 0.384519 2.588913
v -1.589567 0.329778 2.600489
v -1.665180 0.266725 2.635561
v 2.694179 -1.204653 2.599429
v -1.931834 0.106427 2.658496
v 2.639718 -1.323723 2.610351
v 2.652748 -1.352023 2.539244
v -2.023020 0.094943 2.611421
v 2.601305 -1.336843 2.669359
v 2.622144 -1.403987 2.503462
v 2.577768 -1.390752 2.598133
v -2.104960 0.028633 2.634677
v -2.133284 0.043309 2.575856
v 2.544402 -1.429656 2.586080
v 2.436721 -1.581563 2.608666
v 2.482995 -1.558731 2.573325
v -2.294720 -0.101989 2.610445
v 2.382447 -1.601786 2.632245
v 2.444553 -1.608227 2.537587
v 2.282186 -1.641427 2.608561
v 2.227593 -1.695891 2.549213
v 2.311738 -1.640846 2.561268
v -2.572147 -0.289325 2.644982
v -2.473526 -0.208630 2.598197
v 2.125251 -1.743101 2.572687
v -2.716637 -0.355025 2.621191
v -2.806320 -0.388389 2.585727
v 1.849512 -1.876179 2.631297
v -2.818086 -0.421901 2.597274
v 1.767862 -1.899872 2.643114
v 1.913683 -1.886592 2.536599
v -2.793856 -0.547810 2.631536
v 1.616253 -1.954287 2.595830
v 1.690177 -1.948865 2.572071
v 1.340782 -2.037040 2.595850
v 1.455393 -2.025965 2.548421
v -2.713483 -0.863853 2.675812
v -2.699691 -0.793117 2.570144
v 0.960092 -2.106696 2.619873
v 1.044913 -2.112432 2.619597
v 1.079313 -2.120284 2.572219
v 0.596126 -2.140768 2.632354
v 0.306746 -2.216512 2.620667
v 0.411477 -2.197720 2.585135
v -2.559039 -1.295885 2.643731
v -2.537369 -1.384748 2.670845
v -2.504353 -1.336965 2.529514
v 0.213123 -2.238530 2.608922
v -2.482818 -1.445701 2.575736
v 0.064467 -2.278115 2.597172
v 0.135741 -2.279436 2.502532
v -2.447830 -1.590621 2.621610
v -0.122976 -2.334845 2.597182
v -0.051016 -2.329646 2.549816
v -0.235560 -2.373650 2.597147
v -0.163023 -2.370543 2.526152
v -2.340395 -1.834453 2.572000
v -0.571922 -2.491291 2.597028
v -2.292302 -2.060760 2.671478
v -2.251162 -2.045873 2.546327
v -0.741763 -2.518743 2.538220
v -0.664058 -2.508384 2.573515
v -2.205084 -2.236388 2.627192
v -2.174889 -2.316384 2.650028
v -1.470190 -2.515106 2.646434
v -1.302652 -2.532051 2.575013
v -1.399662 -2.564216 2.527777
v -2.092298 -2.405992 2.542794
v -1.993095 -2.406771 2.625155
v -1.852739 -2.471344 2.588808
v -1.756397 -2.480397 2.623888
v -1.500587 -2.532232 2.599150
v 2.277028 0.820463 2.499980
v 2.246817 0.843434 2.441236
v 2.437784 0.780163 2.534618
v 2.527439 0.790786 2.475447
v 2.567721 0.760900 2.510495
v 2.612985 0.652870 2.556661
v 1.478937 0.998238 2.472013
v 1.477194 0.951851 2.562270
v 1.529155 0.960063 2.538594
v 1.779468 0.890773 2.513718
v 1.945076 0.866894 2.489462
v 2.072532 0.839757 2.465279
v 2.145842 0.837170 2.441451
v 1.280666 0.956944 2.539229
v 1.230555 0.914480 2.610694
v 1.400706 0.984859 2.515540
v 2.630110 0.462222 2.507750
v 0.807979 0.988346 2.552565
v 0.690957 1.010530 2.505850
v 0.739137 0.965824 2.576163
v 0.879955 0.980917 2.564114
v 1.035465 0.963930 2.559783
v 1.169748 0.958404 2.539538
v 1.023342 1.005575 2.469862
v 0.551822 1.001186 2.494336
v 2.626216 0.278285 2.447153
v 0.349332 0.908121 2.506622
v 0.323943 0.865391 2.588207
v 0.450551 0.914570 2.541077
v 2.663231 0.166893 2.540526
v -0.203803 0.982904 2.555216
v -0.232594 0.984621 2.578916
v 0.144321 0.925392 2.494768
v 0.211047 0.900481 2.553398
v 2.651298 0.072018 2.492520
v -0.322203 0.908806 2.554892
v -0.271489 0.979513 2.549145
v -0.286419 0.935033 2.507804
v -0.206274 0.946926 2.507693
v -0.263449 0.964466 2.567020
v -0.239610 0.895454 2.519142
v -0.210646 0.935558 2.554825
v 0.045193 0.805042 2.613404
v 0.007081 0.842274 2.551771
v -0.058156 0.792070 2.564984
v 0.039491 0.867582 2.494548
v -0.381797 0.828383 2.577965
v -0.348138 0.855648 2.483674
v -0.315230 0.894788 2.483924
v -0.213473 0.850313 2.491296
v -0.197259 0.822127 2.553810
v -0.195375 0.828916 2.506645
v 2.675306 -0.158659 2.537683
v -0.414529 0.789281 2.565910
v -0.461647 0.767174 2.542236
v 2.651441 -0.373160 2.441457
v -0.894006 0.653277 2.542405
v 2.678499 -0.555480 2.510638
v -1.155735 0.602715 2.460033
v -1.226911 0.525388 2.553993
v 2.692764 -0.820122 2.543730
v 2.680616 -0.927396 2.507421
v -1.432732 0.435647 2.553767
v -1.552547 0.405526 2.506607
v 2.688006 -1.090966 2.553208
v -1.719712 0.270377 2.588518
v -1.645657 0.348032 2.529968
v -1.755837 0.354583 2.447686
v 2.664315 -1.008521 2.459547
v 2.664734 -1.244146 2.504729
v 2.639160 -1.099049 2.388004
v -1.910030 0.217196 2.529543
v -1.849796 0.291593 2.471003
v -2.021790 0.136974 2.552758
v -1.976664 0.202691 2.494182
v 2.660454 -1.329516 2.515809
v -2.091478 0.104857 2.517253
v 2.546860 -1.466910 2.503120
v -2.263297 -0.040284 2.540067
v 2.500704 -1.539464 2.561640
v 2.470786 -1.591736 2.537659
v 2.516116 -1.518923 2.479144
v -2.365315 -0.118673 2.563272
v -2.370254 -0.063929 2.445710
v -2.295937 -0.015937 2.457731
v 2.460907 -1.621439 2.454797
v -2.450261 -0.140693 2.468871
v 2.374438 -1.659114 2.372070
v 2.164538 -1.776217 2.430641
v -2.722829 -0.320421 2.527068
v -2.512753 -0.203483 2.527518
v -2.583431 -0.209866 2.433214
v 2.018345 -1.820451 2.525086
v -2.770027 -0.485796 2.502157
v -2.788667 -0.356085 2.491523
v 1.763261 -1.952174 2.548238
v 1.821217 -1.963819 2.500764
v -2.721072 -0.687110 2.535703
v 1.316799 -2.072087 2.489369
v -2.629768 -0.950796 2.509573
v -2.660616 -0.804591 2.463700
v 1.192450 -2.112474 2.442134
v -2.615773 -1.042195 2.555952
v 0.914767 -2.130918 2.513543
v 1.037628 -2.133953 2.524994
v 1.096106 -2.143335 2.442125
v -2.559667 -1.121091 2.472502
v 0.627138 -2.149703 2.525952
v 0.726506 -2.139070 2.502169
v -2.529549 -1.217290 2.483396
v 0.556552 -2.167891 2.502373
v 0.366490 -2.221066 2.490617
v 0.273898 -2.240616 2.526109
v -2.422702 -1.488375 2.445356
v -0.011866 -2.331781 2.478864
v -2.357554 -1.667164 2.443638
v -0.405936 -2.467774 2.502350
v -0.290641 -2.421512 2.490638
v -0.469004 -2.478050 2.549649
v -0.532627 -2.521280 2.455007
v -0.619571 -2.524356 2.514237
v -0.688672 -2.545234 2.455216
v -0.832776 -2.532067 2.502933
v -0.951981 -2.567926 2.479331
v -1.032175 -2.575995 2.514891
v -1.182755 -2.581821 2.470226
v -1.050895 -2.557651 2.562317
v -2.139584 -2.343174 2.567071
v -2.151654 -2.239698 2.481256
v -2.044496 -2.449685 2.483265
v -1.937206 -2.463676 2.541883
v -1.686325 -2.531361 2.528825
v -1.778440 -2.509689 2.541062
v -1.562604 -2.569555 2.457336
v -1.434167 -2.593582 2.433177
v -1.305911 -2.618178 2.409014
v 2.362803 0.818966 2.428911
v 2.576226 0.726870 2.486570
v 2.547821 0.777924 2.416258
v 2.585941 0.563489 2.414305
v 1.239535 1.064355 2.410415
v 1.395448 1.048783 2.398061
v 1.414546 1.071143 2.339179
v 1.576648 0.994805 2.432525
v 1.696811 0.943496 2.467176
v 1.670912 0.980563 2.384933
v 1.776681 0.922843 2.419566
v 1.831215 0.899120 2.442824
v 1.985301 0.877546 2.442227
v 2.104387 0.863931 2.370965
v 1.150089 1.015246 2.460076
v 1.054998 1.028119 2.434203
v 0.554697 1.051031 2.412126
v 0.765334 1.010928 2.505655
v 0.944396 1.030784 2.422717
v 0.933988 0.996304 2.505665
v 2.596660 0.448831 2.401482
v 0.474779 0.992602 2.478082
v 0.478355 1.044393 2.412272
v 0.278756 0.920616 2.458953
v 0.333185 0.936264 2.458943
v -0.255190 0.993079 2.484612
v -0.192599 0.992304 2.484439
v -0.216447 0.937937 2.484033
v -0.205953 1.032349 2.437602
v -0.174446 0.987601 2.354499
v 0.124117 0.904690 2.518252
v 0.063574 0.945479 2.412524
v 0.013207 0.903217 2.424467
v 0.169383 0.927590 2.423892
v -0.190786 0.955161 2.413286
v -0.275068 0.969321 2.413633
v -0.166474 0.922116 2.424740
v -0.131785 0.874234 2.473431
v -0.075412 0.856260 2.502115
v -0.145884 0.828933 2.503815
v -0.019761 0.875927 2.494041
v -0.057901 0.913252 2.421881
v 2.636369 -0.145480 2.419854
v -0.387224 0.850289 2.401099
v 2.623912 -0.227815 2.371958
v -0.552681 0.746795 2.483279
v -0.584765 0.772754 2.424566
v -0.493924 0.785529 2.459847
v -0.738604 0.755607 2.436632
v 2.668613 -0.453183 2.487939
v -0.898038 0.682275 2.483643
v -1.015684 0.657714 2.448330
v -0.806557 0.740559 2.424879
v -1.283467 0.598504 2.365900
v 2.620147 -0.634637 2.321237
v -1.358849 0.530721 2.436344
v 2.607311 -0.828227 2.272381
v 2.644223 -0.927394 2.389473
v -1.452960 0.491330 2.436255
v -1.617825 0.476774 2.353936
v -1.916382 0.277239 2.435642
v 2.635110 -1.271209 2.410137
v -2.074646 0.149611 2.446766
v -1.986795 0.220952 2.447148
v -2.157796 0.089256 2.434662
v 2.631118 -1.406261 2.432591
v 2.596083 -1.481211 2.349406
v 2.542069 -1.514075 2.396484
v 2.495450 -1.574384 2.490525
v 2.504858 -1.551952 2.408061
v 2.475282 -1.616981 2.419382
v -2.463607 -0.123382 2.374619
v 2.292482 -1.695371 2.395584
v 2.216101 -1.768461 2.359743
v -2.712015 -0.284463 2.432913
v -2.626226 -0.207109 2.350720
v 2.044412 -1.852304 2.383086
v 1.975189 -1.892477 2.394727
v -2.790055 -0.380307 2.479512
v -2.732178 -0.484417 2.384022
v 1.931532 -1.928232 2.394536
v 1.828148 -1.979895 2.429779
v 1.761429 -1.995677 2.453430
v 1.618039 -2.017933 2.406402
v 1.756082 -2.011245 2.370678
v 1.716317 -2.020033 2.394317
v 1.472029 -2.050120 2.453732
v 1.558526 -2.021449 2.430139
v 1.436275 -2.083653 2.370905
v 1.315125 -2.114081 2.335551
v -2.615946 -0.892537 2.415602
v -2.579345 -1.003060 2.414550
v 1.030521 -2.154910 2.430394
v 0.870283 -2.152467 2.407233
v -2.522101 -1.094767 2.341187
v 0.770208 -2.155472 2.383865
v 0.418456 -2.212031 2.419728
v -2.469095 -1.297462 2.388105
v 0.323462 -2.238400 2.407949
v 0.151846 -2.283770 2.408015
v -2.462212 -1.386806 2.458144
v 0.050997 -2.317666 2.407991
v -0.178197 -2.390605 2.455191
v -0.101715 -2.388831 2.313346
v -2.277151 -1.890559 2.453282
v -0.390970 -2.484216 2.419535
v -0.459800 -2.523789 2.336745
v -2.206886 -1.998671 2.369547
v -0.653370 -2.550418 2.419663
v -0.762786 -2.544594 2.443616
v -0.866196 -2.557980 2.408362
v -0.707937 -2.565498 2.360657
v -1.089960 -2.601296 2.455802
v -1.101184 -2.631408 2.361136
v -1.011635 -2.598094 2.408403
v -2.104028 -2.341166 2.460752
v -2.099855 -2.269755 2.366921
v -2.045863 -2.453218 2.436020
v -2.053381 -2.381033 2.354032
v -1.345782 -2.626089 2.361835
v -1.205916 -2.615024 2.408775
v -1.971744 -2.492539 2.411874
v -1.862774 -2.501600 2.494138
v -1.986912 -2.500399 2.352824
v -1.907045 -2.522073 2.364229
v -1.718270 -2.552595 2.434289
v -1.803697 -2.547773 2.375535
v -1.549748 -2.604908 2.315341
v 2.506023 0.824510 2.322335
v 2.467863 0.840222 2.310768
v 1.912427 0.922637 2.360178
v 1.807594 0.943825 2.337032
v 1.992599 0.902337 2.347985
v 2.053463 0.900533 2.265175
v 2.219467 0.876297 2.335351
v 2.346947 0.848827 2.334774
v 2.462889 0.823013 2.393265
v 2.522018 0.745317 2.309804
v 1.066184 1.104407 2.349279
v 1.133835 1.082828 2.384933
v 1.133105 1.120782 2.328554
v 1.211852 1.095149 2.363536
v 1.311995 1.099579 2.316089
v 1.596106 1.018711 2.350047
v 1.721022 0.983913 2.302195
v 0.817163 1.060046 2.364285
v 0.921060 1.075852 2.348783
v 0.536711 1.073724 2.341542
v 0.402308 1.079810 2.306539
v 0.611406 1.075335 2.329552
v 2.560438 0.448688 2.295336
v 2.571049 0.259814 2.281872
v 0.368900 1.051306 2.365405
v 0.299485 1.023924 2.365353
v 0.166618 0.959324 2.353345
v 0.201812 1.018011 2.306540
v -0.216329 1.050472 2.331544
v -0.174675 1.054695 2.343274
v -0.292365 0.950659 2.330885
v -0.141904 1.002732 2.274306
v -0.167082 1.034875 2.343083
v -0.087009 0.980399 2.283376
v -0.126561 0.931573 2.389302
v -0.023123 0.986981 2.271458
v 0.026554 0.987133 2.294935
v 0.102706 0.951847 2.412475
v 0.086500 0.981006 2.294723
v -0.334717 0.902119 2.330579
v -0.354982 0.883657 2.342278
v -0.489686 0.826698 2.389364
v 2.607756 -0.024544 2.350147
v -0.634148 0.813240 2.377829
v -0.519348 0.864216 2.330744
v -0.598870 0.849250 2.319022
v -0.716132 0.786616 2.389622
v -0.733979 0.812223 2.283648
v 2.590465 -0.364865 2.252817
v -0.891753 0.743274 2.342497
v -1.086063 0.705818 2.295473
v -0.974914 0.713972 2.354270
v 2.644241 -0.531492 2.404696
v 2.601635 -0.479940 2.275403
v -1.160577 0.642008 2.377754
v -1.369152 0.602706 2.295337
v -1.888975 0.326833 2.376974
v -1.778422 0.402376 2.353722
v -1.846208 0.384215 2.318332
v 2.614284 -0.954357 2.294883
v -1.936517 0.292911 2.376808
v -2.061347 0.211895 2.317418
v 2.611622 -1.337511 2.338799
v -2.278942 0.053883 2.340243
v 2.477703 -1.592074 2.301545
v -2.370366 -0.041452 2.386883
v 2.351154 -1.691658 2.265608
v 2.435281 -1.660899 2.301064
v 2.284600 -1.729095 2.277268
v 2.217351 -1.782356 2.300596
v -2.747881 -0.293572 2.350298
v -2.760397 -0.314290 2.338348
v -2.698201 -0.237969 2.279817
v 2.159060 -1.825787 2.288572
v 2.025761 -1.883004 2.312043
v -2.774029 -0.347583 2.397120
v 1.894513 -1.965433 2.311681
v 1.767758 -2.011049 2.228992
v -2.650246 -0.658068 2.299672
v 1.553786 -2.068168 2.264483
v 1.645355 -2.047673 2.323440
v 1.653665 -2.059574 2.264291
v -2.537574 -0.965515 2.261303
v 1.086659 -2.171116 2.312059
v 1.007965 -2.184416 2.264935
v 0.655140 -2.166584 2.348663
v 0.815302 -2.168056 2.301004
v 0.510373 -2.193818 2.337008
v 0.589392 -2.178476 2.325125
v 0.677689 -2.172164 2.265921
v -2.382740 -1.477152 2.315496
v -2.439122 -1.268852 2.270226
v 0.346764 -2.240173 2.242607
v 0.131638 -2.295557 2.301726
v 0.227238 -2.267264 2.313520
v -2.314849 -1.654358 2.301980
v -0.008448 -2.348030 2.337059
v 0.056557 -2.326916 2.266241
v -0.042489 -2.375517 2.218866
v -2.291213 -1.749096 2.336513
v -0.280574 -2.464917 2.301363
v -0.202105 -2.413635 2.384229
v -0.414699 -2.513135 2.324913
v -0.599883 -2.536551 2.348814
v -0.698661 -2.573928 2.277926
v -0.575937 -2.537893 2.277910
v -2.141687 -2.105270 2.297625
v -0.897988 -2.578731 2.313829
v -0.824246 -2.579743 2.278211
v -1.022402 -2.619728 2.290199
v -1.396733 -2.629076 2.267507
v -1.265359 -2.645186 2.326041
v -1.151585 -2.638183 2.361212
v -2.006458 -2.483668 2.341214
v -1.957939 -2.524473 2.246297
v -1.786607 -2.570488 2.280856
v -1.847009 -2.564794 2.222043
v -1.645832 -2.595237 2.292073
v 2.460068 0.856583 2.204688
v 2.417349 0.879337 2.134170
v 1.038877 1.177067 2.223048
v 1.202297 1.145429 2.245950
v 1.438414 1.109861 2.209599
v 1.513140 1.071056 2.268088
v 1.627527 1.041715 2.243920
v 1.750765 1.001300 2.212403
v 1.934388 0.955099 2.242354
v 2.141679 0.906185 2.229575
v 2.306295 0.879357 2.193490
v 0.956916 1.151829 2.267261
v 0.849883 1.086112 2.320074
v 0.975195 1.171034 2.240457
v 0.681397 1.102316 2.258771
v 0.789207 1.130584 2.241314
v 2.531400 0.557197 2.249132
v 0.520775 1.103739 2.223797
v 0.590632 1.129889 2.176618
v 0.254729 1.038383 2.318380
v 0.177799 1.038314 2.259561
v 0.299576 1.068370 2.283104
v 0.361469 1.104791 2.188817
v -0.197057 1.062419 2.331596
v -0.189651 1.087554 2.237356
v -0.165580 1.085598 2.225470
v -0.000502 1.020597 2.208708
v 0.070674 1.010342 2.236870
v 2.529861 0.310734 2.176180
v -0.266730 0.998963 2.295820
v -0.282102 0.997757 2.225022
v -0.154766 1.041136 2.236863
v 2.556653 0.141053 2.222280
v -0.320054 0.947078 2.321242
v -0.372851 0.927052 2.260068
v -0.368081 0.912899 2.295436
v -0.338519 0.965926 2.236703
v 2.544337 -0.027856 2.161413
v -0.461627 0.890725 2.307210
v -0.470809 0.901471 2.271913
v -0.619998 0.860599 2.236544
v -0.544762 0.904440 2.154090
v -0.375646 0.928300 2.212867
v 2.559274 -0.156492 2.183872
v 2.560712 -0.292978 2.170885
v -1.030306 0.775901 2.166079
v -0.831334 0.824542 2.177773
v -1.217017 0.685631 2.236625
v -1.278272 0.696836 2.177862
v 2.571244 -0.482011 2.181029
v -1.526389 0.585032 2.236581
v -1.657302 0.514689 2.259932
v 2.569449 -0.778262 2.154867
v -1.749568 0.455923 2.283279
v 2.547629 -0.906954 2.082998
v 2.580602 -0.992424 2.188402
v -1.809846 0.451615 2.224380
v -1.917663 0.354605 2.271049
v -1.860877 0.417848 2.224224
v 2.602319 -1.123656 2.269843
v -2.002921 0.280345 2.270635
v -2.101546 0.202941 2.270229
v -2.201940 0.160025 2.222907
v 2.564325 -1.346083 2.173587
v 2.586180 -1.415575 2.267366
v -2.287821 0.069513 2.281378
v 2.566075 -1.520436 2.242905
v 2.544052 -1.549983 2.160076
v -2.431053 -0.056875 2.233451
v -2.397602 -0.044516 2.292491
v 2.435748 -1.665122 2.253807
v 2.464947 -1.612071 2.206970
v -2.530854 -0.125947 2.244925
v 2.342407 -1.716815 2.111954
v 2.288432 -1.741940 2.182709
v -2.614444 -0.167673 2.232983
v -2.659029 -0.190753 2.197488
v -2.727947 -0.261987 2.256080
v -2.732881 -0.272532 2.220588
v -2.732373 -0.334752 2.243659
v 2.198306 -1.821544 2.158653
v 2.146134 -1.857923 2.170282
v 2.026162 -1.906961 2.193788
v -2.699108 -0.456691 2.254322
v 1.938444 -1.953871 2.229031
v 1.888658 -1.980199 2.193522
v 1.592875 -2.093006 2.122510
v 1.695984 -2.043487 2.287927
v 1.661538 -2.071653 2.134315
v -2.565287 -0.857606 2.238699
v -2.543776 -0.789116 2.109382
v 1.357873 -2.133714 2.229026
v 1.237578 -2.161428 2.193693
v 1.080998 -2.187681 2.229298
v -2.435984 -1.194946 2.188223
v -2.486829 -1.042814 2.189672
v 0.922261 -2.181282 2.253386
v 1.002502 -2.199950 2.158574
v -2.365602 -1.402731 2.186241
v -2.385823 -1.309462 2.151687
v 0.539705 -2.194218 2.242490
v 0.558319 -2.199159 2.124352
v 0.633414 -2.191638 2.076997
v -2.343712 -1.508982 2.231361
v 0.252494 -2.263839 2.207242
v 0.142536 -2.297424 2.136416
v -0.155242 -2.432842 2.183259
v -2.196831 -1.926666 2.252095
v -2.250654 -1.723517 2.179528
v -0.504391 -2.544065 2.136010
v -0.288656 -2.488766 2.194935
v -0.359957 -2.517889 2.147656
v -2.125584 -2.033213 2.144743
v -2.100895 -2.152529 2.214476
v -0.767685 -2.595213 2.195293
v -0.845896 -2.606576 2.124577
v -0.931422 -2.603887 2.172046
v -0.729201 -2.590898 2.195228
v -0.648961 -2.573757 2.100725
v -1.064766 -2.641678 2.207490
v -1.014730 -2.631839 2.124810
v -2.017989 -2.403814 2.259302
v -1.196477 -2.661435 2.278498
v -1.148575 -2.664975 2.231122
v -1.178207 -2.679995 2.160242
v -1.780711 -2.588843 2.150832
v -1.535296 -2.634792 2.149781
v -1.328323 -2.646621 2.208150
v -1.213852 -2.675698 2.183984
v 2.450133 0.855770 2.157489
v 1.093550 1.194701 2.152228
v 0.987254 1.211041 2.140847
v 1.322879 1.136121 2.200802
v 1.295849 1.169638 2.116058
v 1.593916 1.094601 2.102811
v 1.727300 1.046753 2.092139
v 1.847780 0.995876 2.160305
v 2.014113 0.934186 2.182938
v 1.907590 0.989714 2.136482
v 1.968874 0.989249 2.053683
v 2.168345 0.913077 2.182344
v 2.052391 0.939054 2.112050
v 2.228907 0.910112 2.111330
v 2.447231 0.795084 2.121559
v 0.904179 1.181810 2.211644
v 0.774124 1.202310 2.141340
v 0.925165 1.210167 2.152811
v 2.449934 0.695509 2.085278
v 0.631379 1.222014 2.059258
v 0.404542 1.129436 2.118087
v 0.482588 1.141439 2.120727
v 2.495419 0.408755 2.106290
v 0.160592 1.061322 2.165368
v 0.325406 1.116697 2.118188
v -0.146542 1.068669 2.154446
v 0.096833 1.055544 2.153684
v -0.001301 1.058486 2.143360
v -0.063467 1.057788 2.130521
v -0.241299 1.082554 2.131208
v -0.106994 1.036451 2.189476
v -0.327549 0.962749 2.201232
v -0.404795 0.925286 2.189310
v -0.366451 0.975548 2.130618
v 2.520581 0.116116 2.115501
v -0.487171 0.930333 2.142354
v -0.639036 0.880153 2.154131
v 2.515438 -0.092272 2.066497
v -0.898174 0.858972 2.048397
v -0.797712 0.864100 2.095392
v 2.548218 -0.375302 2.122988
v -1.122455 0.759967 2.142577
v 2.527473 -0.442469 2.051637
v -1.437729 0.662454 2.154381
v 2.547477 -0.610010 2.097355
v -1.582874 0.635031 2.083703
v -1.693368 0.526504 2.201107
v -1.791702 0.508606 2.118582
v -1.970848 0.344317 2.188469
v -1.947568 0.396895 2.106228
v 2.554682 -1.057870 2.105273
v -2.076164 0.285770 2.141025
v 2.548152 -1.167097 2.092543
v -2.178465 0.247115 2.070137
v -2.223068 0.211750 2.058145
v -2.349154 0.047633 2.139697
v -2.263566 0.124488 2.187351
v -2.296603 0.110783 2.104688
v 2.523570 -1.406490 2.043324
v 2.521177 -1.579539 2.112664
v 2.440378 -1.641684 2.124146
v -2.604853 -0.135801 2.150600
v -2.504281 -0.046491 2.092080
v 2.416455 -1.682970 2.147463
v 2.263555 -1.770589 2.099895
v -2.716753 -0.276966 2.137874
v -2.714589 -0.240523 2.138183
v -2.700827 -0.356414 2.160756
v -2.653989 -0.432484 2.089146
v 1.978653 -1.953142 2.099079
v -2.641333 -0.526771 2.147322
v -2.579603 -0.666369 2.098733
v 1.732186 -2.042586 2.063550
v -2.475513 -0.958832 2.072321
v 1.406146 -2.136607 2.169849
v 1.231051 -2.180138 2.075503
v 1.374520 -2.156218 2.039914
v 1.086989 -2.206141 2.122882
v -2.420959 -1.099573 2.047351
v 0.833912 -2.185136 2.159151
v 0.759652 -2.184352 2.112137
v 0.928708 -2.197688 2.111571
v -2.401693 -1.192540 2.081911
v 0.390945 -2.233364 2.159916
v -2.276500 -1.591105 2.113548
v -2.307420 -1.469716 2.078980
v 0.251079 -2.266516 2.100979
v -0.002620 -2.364385 2.077200
v -0.237970 -2.482988 2.076804
v -0.106566 -2.419385 2.077003
v -2.174272 -1.845763 2.075665
v -2.066579 -2.139544 2.072841
v -2.033277 -2.274331 2.142415
v -0.733253 -2.602154 2.100704
v -2.002730 -2.370757 2.165110
v -1.947722 -2.511826 2.163745
v -1.127294 -2.670939 2.136575
v -1.897013 -2.563971 2.080528
v -1.620987 -2.630603 2.079216
v -1.404103 -2.649657 2.102082
v -1.376827 -2.643053 2.184700
v 2.152633 0.944608 2.017394
v 2.277901 0.910516 1.993157
v 2.405951 0.883652 2.063411
v 0.973798 1.249133 2.011362
v 1.220228 1.205808 2.045744
v 1.428916 1.161330 2.032999
v 1.514017 1.115769 2.115011
v 1.665660 1.087848 2.031734
v 1.842375 1.019423 2.077890
v 2.379685 0.879329 1.980810
v 0.745188 1.229330 2.082628
v 0.832425 1.231063 2.094215
v 0.768466 1.265568 1.988441
v 0.842792 1.265803 1.988245
v 0.380657 1.212812 2.000825
v 0.414893 1.163160 2.068771
v 0.522082 1.229427 2.012396
v 2.485558 0.535518 2.119215
v 0.236951 1.108525 2.094744
v 2.461665 0.432400 2.023952
v 0.011516 1.100422 2.071666
v 0.084877 1.137498 2.036377
v 0.100882 1.108919 2.083306
v 0.180079 1.084715 2.118299
v 0.179931 1.164464 2.024552
v 2.490675 0.200334 2.045480
v 2.454739 0.335949 1.975919
v -0.190617 1.126211 2.096037
v -0.167418 1.121082 2.107735
v -0.182649 1.153330 1.990008
v -0.054035 1.088954 2.059937
v -0.138165 1.097291 2.036624
v -0.081110 1.121825 2.004679
v -0.322631 1.024180 2.060093
v -0.227602 1.118196 2.037043
v -0.463556 0.956897 2.095303
v -0.412712 1.003224 2.036544
v -0.466600 0.998287 1.989426
v 2.499130 0.049172 2.044152
v -0.559923 0.938196 2.036375
v -0.768764 0.902906 2.013018
v -0.684321 0.894758 2.083550
v 2.517100 -0.278236 2.041277
v -1.040004 0.804257 2.095522
v -1.180764 0.774415 2.083835
v 2.481776 -0.365194 1.922575
v -1.475896 0.700470 2.036764
v -1.374425 0.711543 2.095613
v 2.505222 -0.595694 1.967740
v -1.673513 0.623503 2.013018
v 2.519904 -0.749093 2.001791
v -1.753516 0.584129 2.001086
v -1.902252 0.469897 2.024106
v 2.500115 -0.965060 1.929151
v -2.115686 0.319685 2.011573
v 2.529084 -1.234885 2.032985
v -2.391868 0.030692 2.092447
v -2.329023 0.113583 2.022167
v -2.593999 -0.099512 2.044642
v -2.506012 -0.020644 2.021480
v 2.496541 -1.595612 1.994544
v 2.485040 -1.616741 1.994392
v -2.651824 -0.166257 2.103244
v 2.390933 -1.698765 2.029348
v 2.403772 -1.677597 1.970474
v -2.630691 -0.129891 2.020869
v -2.681691 -0.188085 2.020503
v -2.690850 -0.209758 1.995532
v 2.324724 -1.732253 2.029236
v 2.245169 -1.788906 2.017150
v -2.696863 -0.270209 2.055247
v 2.130933 -1.876684 2.063920
v 2.043582 -1.923624 2.040138
v 1.905275 -2.003554 2.004403
v 1.960097 -1.985499 1.980803
v 1.801800 -2.032668 1.980818
v 1.642887 -2.089768 2.027966
v 1.714941 -2.056638 1.980843
v 1.501559 -2.112312 2.098976
v 1.556698 -2.126263 1.945249
v 1.428813 -2.141407 2.063506
v 1.120992 -2.214443 2.028281
v 1.205172 -2.181299 1.933907
v 0.878462 -2.198233 2.005459
v 0.767408 -2.195591 1.911341
v 1.068611 -2.223186 2.004737
v -2.341571 -1.359876 2.068501
v 0.543701 -2.217649 1.911747
v 0.408784 -2.236085 2.029993
v 0.263432 -2.264165 1.959311
v -2.216552 -1.708518 2.053353
v 0.169540 -2.287842 1.994771
v 0.116962 -2.306785 2.006552
v -2.162268 -1.774281 1.946398
v -0.063022 -2.398620 2.006239
v -2.106181 -2.015516 2.050408
v -0.415360 -2.535220 2.065021
v -0.337276 -2.521639 1.982299
v -0.600342 -2.571657 2.017981
v -0.681753 -2.593385 1.958987
v -0.765930 -2.624301 1.923532
v -0.518615 -2.564100 1.947001
v -0.925925 -2.623105 2.018405
v -0.838400 -2.620457 2.030000
v -1.964485 -2.369318 2.023365
v -1.896811 -2.551500 2.021611
v -1.194080 -2.689087 2.042161
v -1.144468 -2.688333 2.018424
v -1.703803 -2.617894 2.044135
v -1.489994 -2.646712 2.066925
v -1.310864 -2.666347 2.007254
v -1.382369 -2.657625 2.007520
v -1.830405 -2.587439 2.032929
v 1.298092 1.219095 1.939410
v 1.325753 1.187419 2.033499
v 1.461359 1.187981 1.903291
v 1.579973 1.130944 1.985115
v 1.807594 1.068597 1.936752
v 1.707026 1.103128 1.925514
v 1.941457 1.021694 1.959599
v 2.059530 0.963746 1.994199
v 2.232791 0.925071 1.957988
v 2.350138 0.905131 1.933894
v 1.085657 1.251669 1.952062
v 0.874253 1.288730 1.893922
v 1.163634 1.264911 1.869336
v 0.595670 1.267832 1.941703
v 2.376145 0.732496 1.908725
v 0.437572 1.236758 1.977270
v 0.335285 1.226530 1.965650
v 2.401316 0.514288 1.894969
v 0.216300 1.202372 1.965759
v -0.004300 1.130612 1.965727
v -0.166355 1.166786 1.931058
v -0.267159 1.106451 1.966219
v -0.141313 1.128410 1.930660
v -0.044191 1.121631 1.977561
v -0.344465 1.073167 1.907115
v 2.469582 0.133276 1.974129
v -0.714394 0.937972 1.954153
v 2.479317 -0.092447 1.960350
v -0.869415 0.898277 1.977832
v -1.104009 0.861086 1.954527
v -0.980052 0.901436 1.930936
v 2.463219 -0.222952 1.888438
v -1.309787 0.791205 1.966277
v -1.217029 0.816161 1.978050
v 2.493416 -0.455668 1.945372
v -1.467354 0.741904 1.954467
v -1.604876 0.673642 1.977853
v -1.725517 0.637834 1.918830
v -1.860186 0.542795 1.941991
v -1.927210 0.527657 1.871211
v 2.502632 -0.854570 1.941903
v -1.996853 0.422572 1.976730
v -2.051749 0.406449 1.917715
v 2.506591 -1.078658 1.951762
v 2.449209 -1.009620 1.763637
v -2.152933 0.314247 1.952602
v 2.497729 -1.211809 1.927027
v -2.286083 0.195384 1.940126
v 2.505763 -1.313615 1.961540
v 2.491984 -1.432842 1.936938
v -2.344557 0.152195 1.904495
v -2.440267 0.035807 1.998183
v 2.466804 -1.325087 1.831694
v 2.467077 -1.535824 1.865288
v 2.466101 -1.634701 1.888046
v -2.464720 0.037761 1.939242
v -2.579223 -0.071293 1.950410
v -2.648210 -0.147837 1.855496
v -2.616327 -0.108744 1.902966
v 2.347547 -1.721310 1.911224
v 2.303476 -1.743824 1.816710
v -2.640507 -0.261822 1.878100
v 2.122783 -1.886040 1.957618
v -2.625145 -0.428454 1.994667
v -2.613394 -0.369541 1.900707
v 2.073209 -1.919013 1.839420
v -2.576850 -0.554917 1.978487
v 1.993450 -1.968152 1.839208
v 1.942751 -2.002149 1.898073
v -2.545959 -0.651291 1.980727
v 1.869990 -2.033632 1.850777
v -2.525919 -0.747547 2.015257
v 1.656475 -2.083291 1.874526
v -2.465684 -0.812046 1.896492
v -2.440484 -0.969124 1.977701
v 1.454690 -2.136414 1.980848
v 1.528057 -2.137409 1.874401
v 1.413633 -2.147288 1.886426
v 1.583356 -2.119805 1.921625
v 1.345092 -2.160948 1.957318
v 1.105644 -2.222270 1.933818
v 1.284558 -2.164388 1.898427
v -2.339411 -1.198301 1.892821
v 0.876949 -2.201222 1.899196
v 1.054513 -2.227649 1.945713
v 0.459780 -2.229925 1.947278
v 0.678999 -2.201049 1.899725
v -2.266951 -1.481539 1.961010
v -2.291407 -1.376936 1.926565
v 0.182741 -2.283605 1.900336
v -2.236963 -1.598266 1.995337
v 0.005480 -2.357759 1.935580
v 0.084795 -2.318744 1.853074
v -2.094397 -1.931405 1.897643
v -0.182779 -2.471462 1.899687
v -0.246058 -2.504635 1.840546
v -2.040091 -2.109655 1.931371
v -0.433049 -2.548463 1.852471
v -1.965197 -2.306259 1.929476
v -0.991875 -2.635839 2.006667
v -0.969320 -2.640592 1.876715
v -0.830835 -2.633512 1.900016
v -1.930936 -2.393761 1.916824
v -1.134153 -2.692252 1.864904
v -1.866188 -2.572872 1.938713
v -1.855109 -2.585875 1.950377
v -1.575137 -2.640385 1.972769
v -1.762899 -2.607248 1.938141
v -1.420524 -2.658873 1.889565
v -1.171326 -2.693610 1.935818
v 1.069697 1.281202 1.857923
v 1.372814 1.221800 1.868406
v 1.923939 1.046077 1.877224
v 2.065670 0.984862 1.899926
v 2.231721 0.964203 1.769455
v 2.093816 0.997663 1.781916
v 2.297297 0.936044 1.804451
v 2.289228 0.921932 1.757131
v 0.463995 1.283391 1.859556
v 0.572729 1.315510 1.788716
v 0.642590 1.300555 1.847424
v 0.146588 1.219013 1.836238
v 0.314696 1.240557 1.918608
v 0.315210 1.258240 1.836127
v 2.343178 0.706485 1.814151
v -0.123382 1.147469 1.848144
v -0.158284 1.194437 1.813228
v -0.052507 1.176046 1.848203
v -0.016523 1.172622 1.836272
v 0.101687 1.193509 1.883355
v 2.402588 0.365756 1.846465
v 2.370889 0.475104 1.800274
v -0.210035 1.163361 1.883926
v 2.407427 0.178883 1.809424
v -0.530527 0.993189 1.906920
v -0.494812 1.017801 1.895233
v 2.452786 0.002991 1.902222
v 2.389913 0.085949 1.737840
v -0.624842 0.972022 1.906989
v 2.415758 -0.108088 1.771510
v -0.864866 0.954042 1.860255
v -0.909932 0.969139 1.801483
v -0.778587 0.993250 1.801341
v -1.116178 0.902857 1.848679
v -1.216926 0.874265 1.848701
v -1.371567 0.849069 1.801677
v -1.512897 0.769354 1.860390
v 2.461235 -0.531333 1.838563
v -1.627993 0.706405 1.883761
v -1.746061 0.671647 1.812948
v 2.475261 -0.783433 1.859957
v -1.846645 0.587212 1.859706
v 2.450990 -0.886524 1.776500
v -2.137188 0.372453 1.787798
v -2.048295 0.459347 1.764701
v -2.198199 0.295669 1.881735
v 2.438658 -1.117398 1.727320
v 2.441289 -1.229693 1.738148
v -2.367591 0.151736 1.821920
v -2.452085 0.075777 1.762466
v -2.510767 0.006707 1.880073
v -2.574648 -0.059346 1.820649
v 2.434576 -1.661624 1.852483
v 2.226481 -1.805822 1.875402
v 2.144858 -1.866767 1.768852
v -2.551724 -0.512409 1.861092
v -2.470005 -0.661080 1.756151
v 1.696689 -2.071871 1.780081
v 1.772111 -2.047427 1.898137
v 1.582520 -2.120445 1.803576
v -2.417637 -0.888495 1.824877
v -2.402005 -0.980394 1.869203
v 1.361715 -2.154757 1.874695
v 1.300878 -2.149033 1.733251
v 1.250059 -2.152816 1.709744
v 1.412613 -2.149114 1.803781
v -2.370526 -1.076926 1.867822
v 1.192149 -2.181942 1.851303
v 1.214039 -2.167531 1.745128
v 1.065340 -2.231151 1.863021
v 1.103428 -2.225874 1.733114
v -2.266386 -1.334557 1.797013
v 0.614218 -2.208858 1.817198
v 0.703421 -2.199467 1.746214
v 0.302116 -2.256798 1.817616
v 0.519253 -2.221498 1.805538
v 0.221534 -2.275689 1.746840
v -2.195684 -1.602149 1.853536
v -2.149524 -1.727965 1.840523
v -0.064423 -2.400023 1.876379
v -0.204396 -2.489625 1.805152
v -2.066030 -1.939600 1.803059
v -2.049496 -2.031891 1.861241
v -0.298391 -2.521137 1.828739
v -0.526608 -2.569873 1.817122
v -1.978902 -2.139822 1.742074
v -1.961708 -2.219852 1.788555
v -0.661433 -2.592740 1.864503
v -0.958482 -2.643863 1.782220
v -0.793921 -2.633177 1.840897
v -1.873999 -2.486642 1.833238
v -1.921341 -2.344120 1.810986
v -1.037887 -2.660831 1.817699
v -1.824938 -2.565838 1.785203
v -1.677056 -2.607114 1.784453
v -1.598046 -2.632921 1.878457
v -1.561129 -2.631970 1.783929
v -1.265568 -2.677886 1.900791
v -1.324720 -2.668223 1.842009
v -1.396558 -2.659546 1.783252
v -1.159541 -2.693262 1.805940
v -1.218852 -2.684713 1.782561
v -1.819801 -2.590439 1.879415
v 1.042233 1.313502 1.763837
v 0.905019 1.350771 1.681893
v 1.150682 1.304605 1.739862
v 1.311540 1.264630 1.774503
v 1.416983 1.246383 1.738649
v 1.635301 1.151952 1.838697
v 1.538168 1.198122 1.785128
v 1.655618 1.179919 1.678417
v 1.754468 1.139325 1.725021
v 1.850408 1.089283 1.783356
v 1.929453 1.065608 1.759331
v 0.643427 1.344937 1.706149
v 0.792408 1.304726 1.847060
v 0.779621 1.344941 1.717591
v 0.343750 1.297158 1.706535
v 2.290048 0.736600 1.684702
v 2.340024 0.600716 1.766028
v 0.072891 1.221784 1.777435
v -0.246580 1.175787 1.766084
v -0.151481 1.217456 1.730777
v -0.101546 1.179626 1.765730
v -0.043468 1.206366 1.754002
v 0.000070 1.227942 1.683245
v -0.315610 1.110435 1.824727
v -0.326341 1.133753 1.730520
v 2.381845 0.273930 1.763095
v -0.490229 1.054220 1.801098
v -0.447388 1.090691 1.742275
v -0.596052 1.022924 1.789305
v -1.156845 0.968013 1.684085
v 2.424063 -0.370394 1.745614
v -1.549534 0.785263 1.789796
v 2.417757 -0.491883 1.709168
v 2.447022 -0.699648 1.778124
v -1.668934 0.720280 1.801357
v -1.687362 0.741773 1.718960
v -1.794899 0.675366 1.718673
v -1.910109 0.573303 1.777122
v 2.398652 -0.633816 1.637166
v 2.436560 -0.597171 1.755428
v 2.426991 -0.804166 1.706447
v -1.975446 0.506880 1.823941
v -2.205600 0.313486 1.763861
v -2.270930 0.241033 1.822433
v 2.419481 -1.432742 1.677431
v 2.426122 -1.571326 1.723434
v 2.420065 -1.656136 1.734523
v -2.615755 -0.108096 1.796729
v -2.632266 -0.139838 1.772890
v -2.646499 -0.185317 1.831559
v 2.245159 -1.783585 1.745694
v -2.576118 -0.312591 1.735839
v 2.004250 -1.945974 1.733129
v 2.090427 -1.898763 1.721502
v -2.550328 -0.450443 1.793599
v 1.933305 -2.010170 1.720959
v 1.892348 -2.039011 1.720819
v 1.865848 -2.045171 1.756251
v 1.624235 -2.098491 1.721020
v 1.798202 -2.062688 1.709061
v 1.526426 -2.141178 1.791741
v 1.499679 -2.145904 1.697334
v 0.790800 -2.197081 1.746001
v 1.027383 -2.232176 1.768677
v 0.899448 -2.205550 1.733833
v 1.049781 -2.236822 1.603312
v -2.270498 -1.243367 1.715178
v 0.613957 -2.207668 1.699162
v 0.484288 -2.226458 1.699346
v -2.210339 -1.485517 1.771951
v 0.366678 -2.246451 1.711291
v -2.160421 -1.574930 1.700218
v 0.055310 -2.332368 1.770403
v 0.127146 -2.307415 1.675990
v -0.020499 -2.372673 1.723036
v -0.144864 -2.457637 1.769846
v -2.069364 -1.876123 1.732787
v -2.110569 -1.726751 1.698774
v -1.997870 -2.034298 1.672209
v -0.381061 -2.538746 1.746176
v -0.263043 -2.517057 1.710634
v -0.605130 -2.582021 1.734594
v -0.833867 -2.640115 1.722896
v -0.768686 -2.630026 1.746421
v -1.121899 -2.690818 1.758641
v -1.057832 -2.677028 1.699566
v -0.977911 -2.652598 1.687760
v -1.851628 -2.451773 1.691823
v -1.431245 -2.650591 1.712595
v -1.276252 -2.669284 1.712020
v 1.037813 1.340381 1.669644
v 1.216627 1.319543 1.621769
v 1.541915 1.211232 1.714404
v 1.878045 1.100065 1.688939
v 1.803223 1.138569 1.630447
v 2.003330 1.067242 1.593884
v 2.067358 1.033761 1.652447
v 2.234187 0.973246 1.698699
v 0.543994 1.335723 1.706335
v 2.261989 0.869369 1.662313
v 0.480709 1.339903 1.659321
v 0.121585 1.259528 1.718607
v 2.275244 0.630529 1.601193
v 2.301147 0.535474 1.635717
v 2.344715 0.335764 1.681095
v -0.120326 1.198696 1.718727
v -0.060942 1.230888 1.671628
v 2.295269 0.352343 1.551519
v 2.361990 0.169450 1.679613
v -0.729715 1.031763 1.730715
v -0.705133 1.071945 1.648364
v -0.548843 1.048291 1.753984
v -0.560186 1.100153 1.636417
v -0.827657 1.035941 1.683794
v -0.984549 1.012859 1.672208
v 2.365279 -0.016934 1.642581
v 2.332575 0.080539 1.572682
v -1.305541 0.903084 1.731139
v -1.230469 0.976249 1.613525
v -1.447040 0.876976 1.672267
v 2.391386 -0.421153 1.639021
v 2.373530 -0.303881 1.604668
v -1.629324 0.795198 1.660243
v -1.694528 0.779246 1.577646
v -1.905243 0.600449 1.694711
v -1.961177 0.552900 1.694450
v 2.400198 -0.770336 1.624178
v -2.048386 0.494559 1.587936
v 2.422208 -0.913850 1.681904
v -2.149162 0.402721 1.563803
v 2.384924 -1.061975 1.550873
v -2.267729 0.276209 1.598441
v -2.273113 0.257293 1.704534
v -2.371832 0.162530 1.680370
v 2.397604 -1.400460 1.595135
v -2.572776 -0.059292 1.738013
v -2.514363 0.004471 1.561338
v -2.579640 -0.080408 1.548975
v 2.396095 -1.672972 1.687223
v 2.385785 -1.669082 1.604652
v -2.598981 -0.187883 1.689754
v 2.281713 -1.744084 1.627891
v -2.540390 -0.303601 1.605966
v -2.522806 -0.445997 1.699127
v 2.179698 -1.814389 1.580338
v 2.072352 -1.891692 1.544542
v 1.977271 -1.961679 1.662238
v -2.487553 -0.481203 1.616096
v 1.893147 -2.046199 1.614514
v -2.375719 -0.838346 1.636324
v 1.682019 -2.077950 1.709239
v 1.756978 -2.074492 1.638241
v -2.366600 -0.943968 1.718020
v 1.557373 -2.126664 1.685542
v -2.328547 -1.039281 1.693486
v 1.316588 -2.135821 1.579863
v 1.400225 -2.147338 1.697587
v 1.449859 -2.145097 1.591233
v 1.131214 -2.215061 1.662306
v 0.874993 -2.202388 1.604075
v 1.075567 -2.234769 1.675490
v -2.190217 -1.404019 1.617621
v -2.249192 -1.197916 1.597468
v 0.475733 -2.230893 1.593089
v 0.764132 -2.198216 1.628016
v 0.217828 -2.284835 1.593311
v -2.178620 -1.485929 1.665621
v -2.111764 -1.589053 1.546506
v -0.014750 -2.373655 1.616773
v -0.076437 -2.415649 1.557551
v 0.035145 -2.351779 1.557805
v -2.077917 -1.736203 1.592363
v -0.192082 -2.491167 1.628036
v -1.998819 -1.946546 1.566727
v -2.040459 -1.797034 1.532714
v -0.394489 -2.539003 1.651771
v -0.250864 -2.515259 1.568962
v -0.517593 -2.562213 1.663704
v -1.925921 -2.205174 1.635128
v -0.660659 -2.599547 1.640152
v -0.922197 -2.644310 1.652270
v -0.808995 -2.638717 1.663821
v -1.808999 -2.552904 1.690837
v -1.766798 -2.576490 1.714129
v -1.707768 -2.584524 1.654880
v -1.616720 -2.610190 1.678024
v -1.274395 -2.661771 1.617643
v -1.183237 -2.687695 1.676199
v 1.435220 1.268029 1.561718
v 1.355440 1.289168 1.597528
v 0.742434 1.386473 1.576392
v 0.924195 1.373986 1.587605
v 0.783122 1.398797 1.517367
v 1.137906 1.345461 1.574984
v 1.033438 1.367808 1.551846
v 1.915010 1.101172 1.594413
v 2.115652 1.031143 1.581468
v 2.151739 1.029050 1.510527
v 2.232201 0.967949 1.639635
v 2.182933 0.994453 1.510144
v 0.595464 1.391952 1.541418
v 0.250446 1.357788 1.518433
v 0.343358 1.378152 1.494752
v 0.091684 1.280679 1.636237
v 0.186717 1.312816 1.612652
v 2.212352 0.836692 1.508703
v 0.010980 1.264207 1.589091
v 2.273950 0.482898 1.540898
v -0.313812 1.211076 1.542280
v -0.256792 1.217323 1.613010
v -0.209457 1.231461 1.636615
v -0.225978 1.259410 1.530658
v -0.143858 1.243079 1.648345
v -0.107662 1.240733 1.612815
v -0.158930 1.275635 1.542425
v 2.327640 0.218033 1.597492
v -0.601761 1.126538 1.565927
v -0.507369 1.148081 1.565861
v -0.424112 1.139280 1.636392
v -0.993050 1.063330 1.542816
v -0.759224 1.139401 1.448411
v -1.104135 1.024351 1.578189
v -1.150975 1.033814 1.519372
v 2.357058 -0.174761 1.582217
v 2.334564 -0.080926 1.535869
v -1.425651 0.906609 1.613444
v -1.531798 0.863953 1.601554
v -1.356696 0.919833 1.648787
v 2.343724 -0.466827 1.485293
v -1.602370 0.836948 1.566094
v 2.380685 -0.528792 1.590902
v -1.800446 0.698670 1.624452
v -1.763778 0.739356 1.553878
v -1.846826 0.669684 1.600717
v -1.931529 0.596989 1.612119
v -1.915823 0.626626 1.517895
v 2.344031 -0.689490 1.459761
v -2.008266 0.544448 1.505628
v 2.372205 -0.835036 1.529257
v 2.390736 -0.952614 1.575412
v 2.396149 -1.214285 1.584942
v -2.338448 0.202255 1.586186
v 2.398406 -1.524555 1.605866
v 2.364405 -1.401462 1.477168
v 2.370246 -1.626328 1.510626
v -2.576890 -0.130865 1.560336
v 2.292079 -1.725652 1.533585
v -2.499495 -0.365423 1.534496
v -2.449876 -0.542104 1.556447
v 1.987795 -1.951878 1.567858
v -2.415499 -0.664464 1.576009
v -2.363464 -0.754566 1.507163
v 1.831518 -2.072770 1.590840
v 1.856787 -2.070313 1.543575
v 1.915969 -2.028175 1.555585
v 1.691272 -2.084836 1.532086
v -2.325872 -0.889996 1.529504
v 1.614014 -2.094384 1.532209
v 1.501091 -2.139199 1.567538
v -2.276366 -1.066980 1.551452
v -2.267748 -0.957216 1.410722
v 1.265294 -2.141513 1.579951
v 1.223419 -2.156998 1.603538
v -2.237829 -1.078192 1.433206
v 1.098920 -2.235549 1.461536
v 1.072739 -2.240494 1.485172
v 0.610569 -2.214795 1.486626
v 0.676495 -2.203753 1.592788
v 0.377668 -2.248830 1.593195
v -2.062303 -1.678324 1.474774
v 0.131921 -2.319629 1.463387
v -0.025227 -2.387189 1.510442
v -0.351058 -2.526547 1.474694
v -1.941711 -2.088092 1.541744
v -0.568746 -2.569846 1.533923
v -0.484739 -2.550368 1.557477
v -0.730664 -2.623746 1.545694
v -1.858819 -2.337122 1.562981
v -1.871915 -2.198044 1.434367
v -0.848335 -2.642926 1.498623
v -1.811793 -2.481357 1.585219
v -1.088227 -2.697548 1.510597
v -1.625310 -2.596356 1.572154
v -1.704513 -2.572369 1.548734
v -1.531499 -2.612438 1.547927
v -1.440433 -2.638854 1.618284
v -1.319878 -2.647396 1.523451
v -1.195570 -2.685946 1.581810
v 1.152799 1.355072 1.480591
v 1.220918 1.334785 1.527452
v 1.369971 1.298438 1.455914
v 1.245399 1.335142 1.456563
v 1.525375 1.240942 1.502221
v 1.636352 1.200162 1.513377
v 1.636704 1.202894 1.418963
v 1.827413 1.139007 1.500535
v 1.951500 1.101371 1.464466
v 2.109981 1.055057 1.428229
v 0.871153 1.405070 1.410945
v 0.904244 1.390438 1.516972
v 1.036077 1.377401 1.481095
v 2.202477 0.926333 1.521308
v 0.476589 1.408469 1.447440
v 0.637390 1.408203 1.482423
v 2.206746 0.628818 1.412487
v 0.122703 1.345721 1.483256
v -0.013341 1.302655 1.471442
v -0.108456 1.279330 1.506908
v -0.363184 1.227264 1.459920
v 2.222638 0.352029 1.351035
v -0.472069 1.185910 1.495266
v -0.360557 1.188577 1.554015
v -0.572655 1.182092 1.424674
v 2.295310 0.204198 1.503021
v 2.258906 0.191739 1.396769
v 2.281815 -0.025849 1.394829
v -1.058161 1.074725 1.472260
v -1.305047 0.976422 1.542897
v -1.255008 1.018845 1.460498
v 2.313644 -0.407211 1.403256
v 2.324926 -0.163908 1.487959
v -1.473353 0.913939 1.519196
v -1.422043 0.960601 1.425027
v 2.280024 -0.210543 1.346021
v -1.660625 0.818809 1.483461
v -1.808624 0.716903 1.482976
v 2.291149 -0.523236 1.319682
v -1.889338 0.655403 1.435444
v -1.972255 0.583163 1.435038
v 2.360002 -0.917452 1.481359
v -2.135716 0.424067 1.457711
v -2.060674 0.499717 1.422749
v -2.243239 0.309143 1.492418
v 2.335968 -0.983490 1.398221
v 2.349839 -1.124258 1.432383
v 2.364500 -1.277743 1.478236
v -2.355957 0.172300 1.373491
v -2.399481 0.134111 1.526737
v 2.359598 -1.535983 1.464215
v 2.341146 -1.641088 1.404334
v 2.338146 -1.677360 1.415833
v -2.526177 -0.170570 1.430007
v 2.216232 -1.775287 1.438922
v 2.116689 -1.855782 1.497515
v -2.450748 -0.479494 1.497966
v 1.980683 -1.961557 1.508770
v 2.057631 -1.902476 1.450052
v -2.378684 -0.563138 1.379006
v -2.292972 -0.837622 1.376408
v 1.763061 -2.091446 1.461010
v 1.825681 -2.088683 1.437258
v 1.573699 -2.102894 1.437807
v 1.489449 -2.134446 1.425955
v 1.279457 -2.134222 1.485538
v 1.437836 -2.141555 1.449640
v 1.330723 -2.127004 1.391027
v 1.203469 -2.161718 1.426481
v 1.238932 -2.144206 1.438343
v -2.187836 -1.229966 1.419958
v 0.750061 -2.203914 1.474544
v 0.835974 -2.205979 1.462492
v 0.989879 -2.228935 1.509103
v 0.919886 -2.215208 1.497602
v 1.023376 -2.239047 1.426294
v -2.170451 -1.359832 1.501422
v 0.493263 -2.232210 1.404156
v 0.360701 -2.260184 1.404268
v 0.248961 -2.282511 1.498810
v -0.168278 -2.487175 1.474546
v -0.212721 -2.510007 1.450859
v -0.032995 -2.403381 1.404080
v -1.953169 -1.984817 1.457027
v -1.976539 -1.865648 1.402102
v -1.909469 -2.060014 1.400244
v -0.607701 -2.585340 1.451262
v -0.692328 -2.616474 1.344977
v -1.836704 -2.318506 1.456842
v -0.925874 -2.653163 1.486936
v -0.910271 -2.641096 1.380758
v -0.797214 -2.636371 1.415912
v -1.774503 -2.536734 1.537424
v -1.761387 -2.515389 1.444803
v -1.746397 -2.547170 1.490041
v -1.688196 -2.557831 1.430771
v -1.516283 -2.601396 1.429936
v -1.436685 -2.624931 1.500347
v -1.306180 -2.641175 1.405421
v -1.161250 -2.693443 1.499022
v -1.160576 -2.689687 1.404614
v -1.075826 -2.696255 1.439746
v 1.025089 1.383422 1.386739
v 1.188087 1.350847 1.386023
v 1.290012 1.321231 1.361887
v 1.470276 1.263880 1.419934
v 1.567994 1.221906 1.336678
v 1.941176 1.109096 1.393733
v 1.793369 1.151217 1.359077
v 2.055401 1.078838 1.393167
v 2.087718 1.064371 1.345737
v 2.130986 1.036477 1.392599
v 0.713424 1.414875 1.423255
v 0.627853 1.418632 1.399906
v 0.798210 1.410031 1.363965
v 0.930366 1.395804 1.457926
v 0.941334 1.393150 1.351632
v 2.162055 0.952264 1.415398
v 0.402622 1.411174 1.376834
v 0.324640 1.398924 1.400545
v 2.152423 0.869130 1.355684
v 0.244069 1.378048 1.447797
v 2.147862 0.784269 1.313061
v 0.035324 1.344751 1.400848
v -0.032046 1.327706 1.377272
v -0.148975 1.308865 1.448248
v -0.087112 1.309631 1.400872
v -0.199771 1.305156 1.424742
v -0.178368 1.335242 1.342313
v 2.199677 0.458437 1.328402
v -0.352447 1.261654 1.377556
v -0.476218 1.213721 1.412883
v -0.498757 1.221483 1.353989
v -0.655932 1.171301 1.412998
v -0.764382 1.163941 1.354200
v -0.582396 1.191267 1.377561
v -0.968124 1.108621 1.425094
v -0.856024 1.148013 1.354307
v -1.095126 1.096098 1.354496
v 2.246866 -0.001776 1.305976
v -1.154648 1.068529 1.401636
v -1.259086 1.039811 1.366253
v -1.374415 0.994960 1.366173
v -1.417351 0.976916 1.342522
v 2.272632 -0.109215 1.346916
v -1.525307 0.907562 1.436647
v -1.694062 0.804552 1.400795
v -1.832510 0.700410 1.388460
v -1.941655 0.608171 1.376150
v -1.879674 0.653752 1.340964
v 2.305609 -0.787755 1.329164
v -2.106607 0.440573 1.339727
v -2.158815 0.394858 1.374888
v -2.271459 0.268200 1.374094
v 2.323020 -1.374954 1.335853
v -2.499599 0.018878 1.455182
v -2.497890 0.006886 1.337027
v 2.329960 -1.550572 1.357927
v -2.544962 -0.040721 1.407569
v -2.556467 -0.088125 1.454410
v -2.524665 -0.096243 1.359818
v 2.301815 -1.689568 1.274169
v 2.244760 -1.745856 1.273836
v 2.173922 -1.806248 1.332526
v -2.452201 -0.341991 1.381112
v -2.421259 -0.401049 1.356910
v 1.992614 -1.963933 1.331648
v 2.031607 -1.926432 1.296454
v -2.336430 -0.725124 1.401104
v -2.341169 -0.624173 1.342965
v 1.901387 -2.047413 1.437412
v 1.851369 -2.084899 1.390003
v 1.920707 -2.039924 1.283965
v 1.781933 -2.107897 1.330967
v 1.707122 -2.109267 1.307545
v 1.598353 -2.101992 1.366921
v -2.241067 -0.952689 1.339861
v 1.267110 -2.132112 1.367544
v 1.257327 -2.123072 1.320429
v 1.412173 -2.142638 1.343457
v 1.438182 -2.138238 1.319816
v -2.207621 -1.099526 1.362113
v 1.100553 -2.228545 1.355351
v -2.161735 -1.212789 1.337404
v -2.136172 -1.319930 1.348217
v 0.774854 -2.199475 1.356470
v 0.847850 -2.205749 1.356221
v 1.048403 -2.236760 1.343615
v 1.071313 -2.243207 1.378910
v -2.115452 -1.413262 1.370964
v 0.662979 -2.203338 1.356735
v -2.100906 -1.492368 1.405656
v 0.344222 -2.261715 1.333472
v 0.483336 -2.223222 1.333433
v 0.183507 -2.310787 1.333477
v -2.051792 -1.606554 1.369126
v -2.007324 -1.722714 1.356200
v 0.073294 -2.346994 1.368871
v -1.937176 -1.927172 1.354247
v -0.128834 -2.472023 1.380134
v -0.395209 -2.536201 1.321267
v -0.317310 -2.526336 1.368364
v -0.280488 -2.526493 1.321045
v -0.186871 -2.502791 1.321000
v -1.833647 -2.219640 1.351446
v -0.485839 -2.552044 1.451224
v -0.597223 -2.589346 1.333153
v -1.803799 -2.353064 1.385627
v -0.801128 -2.631246 1.333335
v -1.761787 -2.436413 1.349383
v -1.728213 -2.526704 1.372123
v -1.057044 -2.673892 1.321842
v -1.133340 -2.680384 1.321990
v -0.991598 -2.663967 1.404386
v -0.961362 -2.645136 1.321836
v -1.569538 -2.572400 1.335891
v -1.649584 -2.551500 1.336285
v -1.432420 -2.609167 1.370622
v 1.174345 1.347319 1.338810
v 1.044284 1.366783 1.327718
v 1.298385 1.309127 1.326345
v 1.421454 1.267649 1.325659
v 1.468311 1.258849 1.349067
v 1.427060 1.246377 1.312172
v 1.531956 1.225676 1.318573
v 1.669042 1.188900 1.347928
v 1.653650 1.179924 1.312478
v 1.626162 1.171369 1.304463
v 1.780156 1.149163 1.323680
v 1.881505 1.117514 1.311332
v 2.031591 1.083035 1.322438
v 1.959761 1.091117 1.299890
v 2.051272 1.067338 1.298641
v 2.091326 1.037319 1.299068
v 0.626785 1.416047 1.352668
v 0.806763 1.398500 1.328428
v 0.644350 1.393757 1.321245
v 0.849935 1.378535 1.320234
v 0.958360 1.369140 1.320806
v 0.937082 1.301613 1.317370
v 1.134335 1.338497 1.318897
v 1.235658 1.306622 1.315127
v 1.783782 1.121772 1.300285
v 2.123245 1.002250 1.333301
v 0.462644 1.406093 1.329411
v 0.360585 1.396430 1.327028
v 0.379537 1.378153 1.318552
v 0.492575 1.416455 1.364835
v 0.562011 1.407245 1.329337
v 0.494657 1.390056 1.317383
v 0.549691 1.250275 1.324422
v 0.653948 1.266945 1.325230
v 0.770088 1.242748 1.325668
v 0.836381 1.296166 1.320835
v 0.912903 1.185437 1.321272
v 1.012974 1.228220 1.316454
v 1.101171 1.311845 1.314760
v 2.127687 0.852629 1.296584
v 0.132097 1.377574 1.365460
v 0.234437 1.388778 1.329870
v 0.077959 1.363456 1.330068
v 0.178114 1.367333 1.317094
v -0.007874 1.326887 1.317536
v 0.328660 1.295163 1.319101
v 0.447257 1.356417 1.376242
v 0.447252 1.356364 1.378505
v 0.446990 1.355570 1.376235
v 0.454508 1.354098 1.376203
v 0.364307 1.172570 1.317254
v 0.599529 1.172685 1.326725
v 0.463153 1.289927 1.320932
v 0.752989 1.149125 1.325861
v 0.944370 1.088945 1.315439
v -0.030737 1.332671 1.330092
v 0.187708 1.240540 1.318945
v 0.256498 1.144667 1.313463
v 0.593666 1.075592 1.318213
v 0.679576 1.073277 1.320137
v 0.752506 0.951441 1.302970
v 0.897022 1.017261 1.310361
v -0.261171 1.308287 1.330496
v -0.209280 1.316013 1.322155
v -0.109001 1.319927 1.330191
v -0.100867 1.306656 1.318440
v 0.425379 1.091515 1.310309
v 0.598433 1.012294 1.307663
v 2.162196 0.594257 1.294998
v -0.380689 1.258538 1.330385
v -0.461164 1.234374 1.330391
v -0.354134 1.249064 1.318428
v -0.296872 1.195124 1.316833
v -0.225152 1.147807 1.314610
v -0.083578 1.165118 1.313411
v -0.595040 1.191221 1.330375
v -0.572937 1.183049 1.316308
v -0.446784 1.229939 1.318434
v 2.185415 0.426078 1.292747
v 2.212260 0.281389 1.305951
v -0.711967 1.173597 1.330535
v -0.907916 1.140825 1.330773
v -0.859649 1.137227 1.311870
v -0.688453 1.169924 1.315544
v 2.225388 0.165890 1.303698
v -0.978211 1.124725 1.354432
v -1.056889 1.100301 1.315123
v -0.963899 1.120539 1.313319
v -1.188908 1.067492 1.330890
v -1.153433 1.068832 1.313702
v 2.220095 0.031646 1.275128
v -1.316786 1.021380 1.330833
v 2.244520 -0.087521 1.287059
v -1.376111 0.990409 1.317381
v -1.450122 0.951807 1.320975
v -1.341542 0.941909 1.380004
v -1.341550 0.941935 1.376972
v -1.332879 0.939202 1.377385
v -1.272138 0.965858 1.377454
v -1.271066 0.969226 1.379481
v -1.263930 0.966995 1.377442
v -1.270952 0.969625 1.377483
v -1.274140 0.921138 1.321944
v -1.181153 0.941386 1.318943
v -1.157390 0.859664 1.316948
v 2.251780 -0.300101 1.274912
v 2.235092 -0.195810 1.271097
v -1.568720 0.889702 1.377588
v -1.515456 0.783655 1.317506
v -1.403839 0.862986 1.319938
v -1.344821 0.931538 1.377351
v -1.272274 0.809189 1.319344
v 2.274400 -0.307517 1.312620
v -1.617512 0.855840 1.342010
v -1.682286 0.802074 1.329914
v -1.627153 0.821922 1.319546
v -1.378154 0.787385 1.317172
v -1.218315 0.705695 1.303080
v 2.262633 -0.439640 1.273261
v -1.755180 0.750682 1.341469
v -1.756194 0.726340 1.329853
v -1.625908 0.747291 1.317785
v -1.840237 0.616703 1.325445
v -1.631760 0.650157 1.313626
v -1.900269 0.623203 1.328951
v 2.288182 -0.707742 1.294488
v -2.032664 0.516293 1.340185
v -1.867990 0.489360 1.318682
v -1.771458 0.520870 1.315317
v 2.280979 -0.796898 1.270127
v -2.043313 0.482594 1.330584
v -1.986416 0.427619 1.321716
v 2.290636 -0.968206 1.268622
v -2.176542 0.363590 1.339250
v -2.135063 0.387738 1.328879
v -2.085880 0.347568 1.320198
v -1.783769 0.363875 1.313524
v -1.876133 0.306309 1.315849
v -2.163438 0.297713 1.322838
v -1.999354 0.307962 1.318303
v -2.057322 0.202454 1.318499
v -1.791902 0.180790 1.314601
v -1.612387 0.161418 1.311270
v -1.693075 0.298203 1.311857
v -1.714759 0.032744 1.314321
v 2.328202 -1.116894 1.361676
v -2.304660 0.218302 1.338337
v -1.822552 0.004790 1.316361
v -1.557142 -0.016846 1.309172
v -1.544210 0.102836 1.309702
v 2.294706 -1.229270 1.254553
v 2.305727 -1.270049 1.277781
v -2.240378 0.210553 1.323406
v -2.343993 0.156504 1.329002
v -2.174508 0.066094 1.318189
v -1.949323 -0.004806 1.317528
v -1.649499 -0.074437 1.314409
v -2.409771 0.102894 1.337621
v -2.394270 0.036269 1.320192
v -2.290024 0.052971 1.317307
v -2.106328 0.007503 1.317708
v -2.215806 -0.143643 1.314959
v -2.052329 -0.096126 1.317007
v -1.927850 -0.172454 1.317618
v -1.842571 -0.137422 1.317004
v -1.624484 -0.230815 1.313367
v 2.295827 -1.378123 1.253265
v -2.452859 -0.031922 1.321353
v -2.333190 -0.044811 1.316142
v -2.516216 -0.036809 1.332248
v -2.488922 -0.107231 1.325636
v -2.413673 -0.143237 1.317436
v -2.356753 -0.198283 1.316892
v -2.069430 -0.189744 1.316400
v -1.783772 -0.304455 1.318182
v -1.671810 -0.302565 1.316018
v -1.589499 -0.315960 1.297325
v -1.615532 -0.320228 1.308673
v -1.643253 -0.447676 1.314027
v 2.307298 -1.654169 1.274461
v 2.295525 -1.576029 1.251557
v -2.499521 -0.141124 1.338814
v -2.202673 -0.259160 1.314960
v -1.917634 -0.336565 1.318699
v -2.101336 -0.291074 1.315699
v -1.770011 -0.457312 1.319876
v -1.605970 -0.446925 1.299336
v 1.489704 -1.384490 1.291984
v 1.419215 -1.411761 1.287219
v 1.473638 -1.317518 1.287602
v 1.431110 -1.452669 1.291716
v -2.460326 -0.252469 1.338294
v -2.425314 -0.337704 1.332553
v -2.364876 -0.381401 1.321754
v -2.241662 -0.383033 1.316772
v -2.148044 -0.400130 1.316215
v -2.038365 -0.484184 1.318271
v -1.888442 -0.519034 1.320681
v -1.701830 -0.515907 1.319773
v -1.647835 -0.619526 1.317934
v -2.268762 -0.547790 1.320386
v -2.157424 -0.508573 1.318052
v -1.992073 -0.573032 1.320336
v -1.717672 -0.684208 1.323155
v -1.606385 -0.644826 1.301620
v 1.380232 -1.535654 1.291418
v 1.345795 -1.487583 1.278725
v 1.643771 -1.445322 1.284818
v 1.542642 -1.648628 1.285847
v 1.341243 -1.659524 1.293131
v 2.171323 -1.796984 1.273590
v 2.112873 -1.852925 1.285067
v -2.354635 -0.545597 1.332610
v -1.836729 -0.708601 1.323470
v -2.000828 -0.718806 1.322906
v -1.610931 -0.816784 1.318218
v -1.674300 -0.821639 1.325159
v -1.581552 -0.739115 1.280924
v 1.296112 -1.608158 1.289358
v 1.210911 -1.680324 1.287777
v 1.234069 -1.724790 1.293729
v 1.450904 -1.743523 1.288661
v -2.184525 -0.673329 1.321553
v -2.303564 -0.697785 1.329005
v -1.920758 -0.818285 1.324451
v -1.775635 -0.789730 1.325030
v -1.631555 -0.921738 1.326445
v 1.411290 -1.830068 1.290321
v 1.296411 -1.880557 1.294177
v 1.508442 -1.835872 1.285729
v -2.303979 -0.747256 1.341803
v -2.272085 -0.794317 1.327830
v -2.040443 -0.805346 1.324068
v -2.068799 -0.895432 1.325016
v -1.755408 -0.882738 1.326303
v -1.567567 -0.954192 1.317527
v -1.558751 -0.907351 1.303020
v 1.133975 -1.767498 1.289924
v 1.160675 -1.800693 1.294687
v 1.027437 -1.870121 1.294422
v 1.442772 -1.926612 1.290284
v -2.237692 -0.842246 1.324121
v -2.224548 -0.957796 1.327849
v -1.937231 -0.949240 1.325519
v -1.786688 -1.021402 1.326500
v -1.678262 -1.030793 1.326886
v -1.566300 -1.028899 1.324323
v -1.504546 -1.085293 1.301340
v 1.170271 -1.927493 1.297234
v 1.227823 -2.019889 1.299654
v 1.433398 -2.035077 1.294611
v 1.284756 -2.074978 1.304065
v 1.603927 -1.964921 1.282803
v 1.572053 -2.066355 1.293989
v 1.808438 -2.103672 1.295518
v 1.785326 -2.096295 1.282797
v 1.611032 -2.100018 1.307881
v 1.880017 -2.070702 1.283808
v -2.177638 -1.083943 1.327177
v -2.014172 -1.036397 1.325618
v -1.953082 -1.117509 1.325207
v -1.755206 -1.117941 1.325924
v -1.679312 -1.191339 1.325782
v -1.567967 -1.152144 1.325792
v -1.527111 -1.140224 1.321528
v -1.499169 -1.248038 1.322839
v 0.957595 -1.934790 1.298194
v 0.890655 -1.950813 1.294747
v 0.930878 -1.901541 1.287285
v 0.994999 -1.822547 1.264700
v 1.104598 -2.018225 1.300683
v 1.165701 -2.099380 1.305347
v 1.322725 -2.111746 1.311908
v 1.468459 -2.120474 1.307654
v 1.494305 -2.128707 1.319749
v 1.661477 -2.057309 1.284224
v -2.139072 -1.157951 1.325299
v -1.816722 -1.234694 1.324496
v -1.599871 -1.253482 1.325816
v -1.515641 -1.379000 1.324483
v -1.400814 -1.328343 1.301165
v -1.447790 -1.214445 1.288269
v 0.880662 -2.021974 1.301473
v 1.081043 -2.171723 1.304582
v 1.174070 -2.151603 1.316354
v 1.342398 -2.128217 1.331963
v -1.966015 -1.237185 1.324097
v -2.133652 -1.258669 1.325800
v -1.818397 -1.357916 1.323318
v -1.722479 -1.289120 1.324491
v -1.628233 -1.343549 1.324672
v -1.422665 -1.358716 1.317310
v -1.408898 -1.511588 1.320691
v -1.347750 -1.406815 1.286341
v -1.342624 -1.458107 1.308664
v 0.805370 -1.985828 1.293361
v 0.661524 -2.089122 1.303414
v 0.686268 -2.010075 1.276952
v 0.755152 -2.106249 1.306183
v 0.893808 -2.137535 1.306457
v 0.995790 -2.206838 1.314742
v 1.176775 -2.164953 1.332088
v 1.122586 -2.197328 1.323649
v 1.052790 -2.222421 1.320117
v -2.039416 -1.313069 1.322737
v -1.652427 -1.459678 1.323206
v -1.543382 -1.506382 1.322249
v -1.285077 -1.550485 1.309071
v -1.325296 -1.599770 1.317945
v -1.303545 -1.491022 1.297301
v -1.215824 -1.605456 1.296079
v 0.588151 -2.165095 1.312251
v 0.575604 -2.086774 1.297682
v 0.486792 -2.133108 1.303123
v 0.560727 -2.055036 1.275656
v 0.474869 -2.092109 1.288172
v 0.645083 -2.180961 1.321562
v 0.752248 -2.154888 1.312610
v 0.766242 -2.189403 1.332971
v 0.868394 -2.179107 1.315661
v 0.955004 -2.218756 1.332214
v -2.097999 -1.381279 1.326107
v -1.965820 -1.472367 1.321420
v -2.051096 -1.507408 1.322980
v -1.872823 -1.452148 1.321880
v -1.774412 -1.532635 1.321153
v -1.507736 -1.628967 1.319611
v -1.628041 -1.578723 1.321107
v -1.148101 -1.704968 1.305150
v 0.307143 -2.113641 1.275826
v 0.363549 -2.131384 1.297304
v 0.213697 -2.135293 1.275888
v 0.488085 -2.207892 1.319038
v 0.357743 -2.228664 1.310357
v -2.065866 -1.515232 1.335895
v -1.933716 -1.606221 1.319907
v -1.943103 -1.714646 1.319538
v -1.701442 -1.654599 1.318911
v -1.539646 -1.730284 1.317427
v -1.322800 -1.749056 1.316795
v -1.162260 -1.750073 1.312914
v -1.232106 -1.814729 1.315236
v -1.111364 -1.705826 1.283129
v -1.041973 -1.800262 1.305148
v -0.974574 -1.821633 1.281764
v -0.959002 -1.851100 1.299806
v 0.060040 -2.151656 1.276156
v 0.151489 -2.175973 1.294840
v 0.226147 -2.174762 1.299123
v 0.201989 -2.291008 1.311032
v -1.991661 -1.711805 1.328919
v -1.805075 -1.708589 1.317681
v -1.784858 -1.801573 1.315962
v -1.463134 -1.840989 1.315051
v -1.118892 -1.887492 1.313519
v -0.995673 -1.889136 1.310091
v -1.054262 -1.957329 1.311483
v -0.871833 -1.928093 1.305335
v -0.942298 -1.955441 1.309560
v -0.833252 -2.002146 1.308623
v -0.895015 -1.883552 1.290746
v -0.717116 -2.026331 1.307758
v -0.793039 -1.952840 1.297281
v -0.653755 -2.021456 1.298275
v -0.725833 -1.974924 1.279778
v -0.474109 -2.079637 1.290007
v -0.469422 -2.104290 1.303468
v -0.582014 -2.068842 1.304050
v -0.211116 -2.148396 1.290653
v -0.363918 -2.162265 1.303784
v -0.128105 -2.199364 1.300492
v -0.031592 -2.167797 1.290495
v 0.017639 -2.208119 1.299369
v 0.130867 -2.280929 1.303195
v 0.041414 -2.289877 1.301747
v -1.877849 -1.821806 1.317183
v -1.689371 -1.930622 1.313047
v -1.364724 -1.921466 1.313344
v -1.285288 -1.983596 1.311942
v -1.131206 -2.044475 1.310387
v -1.025708 -2.102430 1.308333
v -0.894148 -2.156208 1.305551
v -0.804078 -2.184556 1.303904
v -0.662503 -2.167249 1.303168
v -0.560549 -2.236468 1.301521
v -0.281988 -2.373674 1.300503
v -0.202122 -2.237950 1.302174
v -0.431908 -2.338837 1.299392
v -0.069307 -2.366400 1.301946
v -0.039054 -2.388354 1.308905
v 0.049771 -2.342072 1.309054
v 0.008865 -2.378789 1.321549
v 0.073798 -2.344586 1.321671
v -1.963698 -1.819687 1.338107
v -1.918084 -1.871040 1.320293
v -1.833860 -1.996536 1.316347
v -1.545927 -2.025275 1.310618
v -1.447517 -2.105752 1.309024
v -1.350353 -2.111595 1.308980
v -1.242553 -2.083665 1.309598
v -1.129339 -2.156426 1.307814
v -0.594755 -2.423688 1.298799
v -0.184193 -2.416864 1.302978
v -0.094079 -2.445381 1.321248
v -1.881785 -2.031044 1.328658
v -1.772775 -2.077634 1.314310
v -1.677915 -2.169355 1.310894
v -1.229425 -2.199159 1.306997
v -1.089527 -2.305068 1.304244
v -0.911253 -2.249816 1.303817
v -0.761342 -2.284627 1.301754
v -0.677738 -2.372814 1.299633
v -0.320975 -2.497553 1.302993
v -0.481534 -2.496477 1.300072
v -0.264660 -2.515340 1.310082
v -0.149774 -2.464875 1.308870
v -1.839688 -2.093743 1.321079
v -1.523840 -2.230212 1.306912
v -1.415418 -2.239596 1.306238
v -1.325345 -2.267952 1.305527
v -1.282609 -2.368020 1.303175
v -0.976317 -2.377822 1.301620
v -0.831196 -2.349255 1.300903
v -0.861854 -2.525229 1.299672
v -0.760515 -2.557153 1.301501
v -0.341070 -2.522182 1.309440
v -1.834875 -2.157196 1.328414
v -1.785695 -2.197353 1.318149
v -1.675413 -2.318662 1.312060
v -1.498204 -2.423908 1.304933
v -1.552201 -2.320287 1.306431
v -1.138541 -2.499994 1.300488
v -0.996340 -2.520015 1.300142
v -0.603491 -2.569524 1.308436
v -0.458372 -2.540953 1.307178
v -1.764199 -2.365074 1.326780
v -1.418768 -2.486036 1.303369
v -1.287832 -2.502493 1.300804
v -0.944175 -2.629653 1.310120
v -0.815348 -2.613538 1.309916
v -0.649708 -2.598620 1.321406
v -1.732717 -2.461619 1.326967
v -1.563567 -2.513731 1.312772
v -1.365391 -2.552347 1.303596
v -1.184617 -2.646394 1.303314
v -1.050126 -2.651625 1.304677
v -1.713093 -2.517378 1.336618
v -1.611794 -2.549173 1.323552
v -1.413328 -2.586817 1.311260
v -1.486842 -2.584683 1.323759
v -1.326376 -2.625297 1.322980
v -1.289480 -2.625802 1.309788
v -1.215438 -2.666202 1.334138
v 1.318633 1.255775 1.311082
v 1.390972 1.171150 1.306955
v 1.506485 1.184286 1.306594
v 1.467481 1.060463 1.302763
v 1.694956 1.075488 1.299971
v 1.927219 1.027147 1.294886
v 2.035006 1.055120 1.290451
v 1.099494 1.188632 1.312551
v 1.218730 0.977897 1.303283
v 1.302766 1.087559 1.304808
v 1.363850 1.006466 1.302250
v 1.574857 0.890523 1.302211
v 1.774395 1.013349 1.299809
v 1.831943 0.920968 1.300480
v 1.936813 0.900348 1.297298
v 2.101512 0.873306 1.288912
v 1.054637 0.967680 1.304281
v 1.366341 0.857194 1.299289
v 1.676195 0.858603 1.303722
v 1.823185 0.775204 1.301969
v 2.021652 0.737555 1.290101
v 2.122351 0.743008 1.286027
v -0.013720 1.229733 1.315879
v 1.183717 0.866757 1.299222
v 1.648468 0.731177 1.306546
v 1.761059 0.695732 1.305588
v 1.881345 0.645543 1.297610
v 2.127764 0.642320 1.283271
v 0.111355 1.116175 1.305558
v -0.004165 1.103064 1.303239
v 0.287328 1.085536 1.303099
v 0.849669 0.945601 1.302570
v 0.978290 0.843299 1.292780
v 1.071295 0.863487 1.296713
v 1.278749 0.736311 1.293422
v 1.499158 0.728740 1.299739
v 1.695375 0.605035 1.305133
v 2.012261 0.629148 1.287894
v 2.021839 0.502406 1.283777
v 1.817524 0.442913 1.292676
v 2.152151 0.523271 1.281498
v -0.134491 1.082244 1.300412
v 0.145727 1.068314 1.294098
v 0.303293 1.018890 1.269780
v 0.404054 1.024138 1.289385
v 0.381428 0.992163 1.255225
v 0.550424 0.978056 1.288618
v 0.509500 0.966354 1.267578
v 0.584630 0.930061 1.254147
v 0.712209 0.902406 1.282997
v 0.480257 0.953116 1.207406
v 0.783917 0.855128 1.276126
v 0.836080 0.863349 1.289840
v 0.915502 0.801262 1.283473
v 1.050625 0.758686 1.287276
v 1.193454 0.701330 1.288138
v 1.251598 0.571719 1.278174
v 1.391965 0.663539 1.292837
v 1.597583 0.648212 1.303969
v 1.493932 0.594282 1.295960
v 1.782512 0.528145 1.298571
v 2.112524 0.436765 1.278436
v 2.173615 0.355649 1.278705
v -0.456190 1.121583 1.310404
v -0.324651 1.067871 1.299847
v -0.286749 1.031316 1.282931
v -0.081779 1.053390 1.285115
v 0.030184 1.055280 1.282961
v -0.025537 1.035839 1.264843
v 0.046120 1.027938 1.244624
v 0.156880 1.025775 1.256114
v 0.020455 1.025437 1.221061
v 0.177876 1.014455 1.220547
v 0.081486 1.023560 1.173664
v 0.308812 0.997761 1.231858
v 0.658357 0.889494 1.229991
v 0.602411 0.909138 1.183091
v 0.733423 0.852777 1.229474
v 0.912498 0.752952 1.251875
v 0.837290 0.790029 1.205046
v 0.983065 0.779969 1.285983
v 0.946311 0.742205 1.264746
v 1.032872 0.702482 1.276403
v 0.979746 0.691810 1.227428
v 1.184035 0.593013 1.275529
v 1.360661 0.524957 1.283731
v 1.588185 0.539827 1.299103
v 1.687211 0.422051 1.294487
v 1.991184 0.326420 1.283949
v -0.589459 1.052252 1.298886
v -0.488140 1.020396 1.292887
v -0.431881 1.002788 1.279214
v -0.279085 1.016675 1.263992
v -0.177975 1.023482 1.256987
v -0.234399 1.015402 1.209849
v -0.128469 1.023902 1.233250
v 1.112890 0.603168 1.258878
v 1.067059 0.615584 1.214732
v 1.079084 0.602334 1.143758
v 1.211315 0.522642 1.263024
v 1.433017 0.440280 1.285742
v 1.549170 0.416039 1.291319
v 1.812297 0.308454 1.288770
v 1.952194 0.202553 1.285259
v 2.041635 0.211546 1.281681
v 2.130447 0.257873 1.276937
v 2.202800 0.173206 1.277621
v -0.924099 0.971935 1.305261
v -0.775435 1.011765 1.304036
v -0.562193 0.981927 1.281181
v -0.545904 0.955458 1.257380
v -0.411566 0.989074 1.257313
v -0.347049 0.997860 1.233608
v -0.467852 0.968535 1.198262
v 1.232011 0.470705 1.248455
v 1.151868 0.531609 1.190171
v 1.313913 0.416036 1.268728
v 1.301591 0.377262 1.247463
v 1.288072 0.374238 1.212059
v 1.417745 0.234833 1.268536
v 1.519104 0.202844 1.278050
v 1.385664 0.368620 1.278025
v 1.690310 0.235507 1.285641
v 1.821881 0.181694 1.286871
v 1.886515 0.111843 1.286230
v 2.185686 0.079630 1.272308
v -1.103599 0.991256 1.314563
v -0.643930 0.958165 1.280491
v -0.751724 0.930209 1.282866
v -0.628954 0.927515 1.257361
v -0.563783 0.938581 1.221869
v 1.217329 0.463986 1.213023
v 1.364349 0.301209 1.261029
v 1.348284 0.290139 1.222977
v 2.035793 0.114383 1.281100
v 2.031195 -0.057412 1.278700
v -1.050232 0.924976 1.310980
v -0.933518 0.863617 1.292613
v -0.888505 0.849515 1.283496
v -0.769506 0.874096 1.261338
v -0.786300 0.842475 1.233437
v -0.712032 0.880968 1.233571
v 1.433767 0.168002 1.256656
v 1.395211 0.217447 1.234029
v 1.525744 0.027574 1.267464
v 1.596241 0.054816 1.275549
v 1.729501 0.124179 1.283246
v 1.660883 -0.015055 1.277339
v 1.835635 0.028864 1.285366
v 1.926329 -0.036806 1.283609
v 2.229679 -0.095114 1.273046
v 2.189425 -0.144291 1.269452
v -1.036527 0.772306 1.291036
v -0.899173 0.815841 1.271248
v -0.865605 0.793192 1.233223
v 1.488897 0.026984 1.243939
v 1.842917 -0.183788 1.281562
v 2.025970 -0.191873 1.275033
v -1.118245 0.748482 1.297692
v -1.083516 0.675897 1.268205
v -1.009330 0.702200 1.247722
v -0.949927 0.733900 1.232936
v 1.575413 -0.186064 1.265478
v 1.509942 -0.061107 1.219513
v 1.525177 -0.083437 1.242890
v 1.477038 0.031108 1.208593
v 1.718434 -0.107447 1.279314
v 1.614789 -0.161395 1.273337
v 2.138547 -0.227274 1.269129
v 2.217977 -0.289385 1.265627
v -1.193986 0.586833 1.279668
v -1.085245 0.618770 1.220499
v -1.167370 0.566264 1.255677
v -1.016692 0.679278 1.220838
v 1.709043 -0.215854 1.277127
v 1.623748 -0.250835 1.271827
v 1.781390 -0.300507 1.276157
v 1.857272 -0.373868 1.271512
v 1.975705 -0.312147 1.270789
v 2.069937 -0.366535 1.266355
v 2.242988 -0.445750 1.263054
v -1.541698 0.621835 1.309021
v -1.438685 0.713135 1.311895
v -1.366356 0.628543 1.303971
v -1.272755 0.611502 1.296882
v -1.168281 0.541985 1.231861
v 1.561188 -0.252077 1.217728
v 1.555976 -0.240990 1.158814
v 1.610175 -0.333141 1.265210
v 1.655856 -0.384708 1.272255
v 1.947337 -0.402196 1.267506
v 2.148317 -0.589187 1.261093
v -1.636985 0.515695 1.310282
v -1.521480 0.528857 1.306668
v -1.396402 0.415284 1.298134
v -1.275071 0.525662 1.288982
v -1.296996 0.408983 1.266469
v 1.609740 -0.481404 1.251032
v 1.579105 -0.310791 1.240782
v 1.683174 -0.455203 1.274171
v 1.847881 -0.482274 1.269073
v 1.997784 -0.517060 1.264138
v 2.000905 -0.703675 1.263524
v 2.246101 -0.632339 1.259387
v -1.329500 0.431432 1.287084
v -1.230006 0.486984 1.255159
v -1.267652 0.424678 1.242918
v -1.204072 0.491562 1.207911
v -1.249641 0.431842 1.183908
v 1.588460 -0.424836 1.204359
v 1.595603 -0.513801 1.215376
v 1.631650 -0.500795 1.266054
v 2.228995 -0.725944 1.257225
v 2.265714 -0.688061 1.264851
v -1.527321 0.431691 1.306510
v -1.390998 0.314619 1.292587
v -1.337141 0.334997 1.265937
v -1.308461 0.351085 1.218782
v 1.637078 -0.601536 1.269300
v 1.615153 -0.631673 1.258030
v 1.595737 -0.650061 1.226004
v 1.679215 -0.664370 1.277263
v 1.768657 -0.655382 1.274177
v 1.877067 -0.664721 1.268604
v 2.263402 -0.773913 1.258355
v -1.702663 0.424982 1.311581
v -1.453732 0.272411 1.303059
v -1.614264 0.273401 1.310097
v -1.401022 0.243563 1.287094
v -1.375024 0.247941 1.262927
v 1.635418 -0.724808 1.273859
v 1.748021 -0.760288 1.276978
v 1.860597 -0.795686 1.270688
v 2.044894 -0.878404 1.262516
v 1.961917 -0.827551 1.265760
v 2.232111 -0.912539 1.254297
v 2.274193 -0.888686 1.257548
v -1.531283 0.222534 1.308427
v -1.470833 0.178792 1.302773
v -1.428941 0.153431 1.276419
v -1.438354 0.107170 1.240631
v -1.378762 0.224718 1.217878
v 1.607363 -0.752997 1.260498
v 1.580272 -0.805975 1.212894
v 1.587575 -0.721465 1.189995
v 1.655032 -0.780532 1.279641
v 1.611855 -0.878280 1.274655
v 1.794928 -0.886428 1.275457
v 1.664002 -0.870007 1.282118
v 2.072828 -0.986198 1.261385
v 2.159346 -1.025782 1.256893
v 2.278399 -1.001374 1.254933
v 2.245860 -1.065353 1.250980
v -1.466929 0.091049 1.287786
v 1.591609 -0.859413 1.259621
v 1.562345 -0.911798 1.223833
v 1.903960 -0.933090 1.269604
v 1.968587 -1.002918 1.266396
v -1.509213 0.017649 1.298448
v -1.482275 0.021722 1.275424
v -1.474404 0.019520 1.239970
v 1.572211 -0.964730 1.265128
v 1.551899 -0.982943 1.246855
v 1.588964 -1.032015 1.281748
v 1.652955 -1.101694 1.285429
v 1.880401 -1.086575 1.271887
v 2.041553 -1.124872 1.262837
v 2.142871 -1.156728 1.256948
v 2.241886 -1.274467 1.248110
v -1.540748 -0.145586 1.285940
v -1.506061 -0.069605 1.251090
v 1.529675 -1.099855 1.266214
v 1.815980 -1.251964 1.276423
v 2.032168 -1.233302 1.263175
v 2.108049 -1.306658 1.258028
v -1.573010 -0.185061 1.302677
v -1.567020 -0.298097 1.272889
v -1.547334 -0.229861 1.249816
v -1.528736 -0.149091 1.250464
v 1.471699 -1.192635 1.221650
v 1.504360 -1.103826 1.210525
v 1.567676 -1.136726 1.285972
v 1.516152 -1.182319 1.277982
v 1.951694 -1.331757 1.267774
v 2.206443 -1.387084 1.250406
v 2.064891 -1.404466 1.259865
v 2.271068 -1.456903 1.246214
v 1.475877 -1.231425 1.266119
v 1.704030 -1.253894 1.283216
v 1.589779 -1.341720 1.288568
v 1.739675 -1.376478 1.280494
v 1.957110 -1.432460 1.266723
v 2.115335 -1.519320 1.255244
v -1.585577 -0.453130 1.271599
v 1.372092 -1.384117 1.232066
v 1.749257 -1.503239 1.278480
v 1.839941 -1.568872 1.272371
v 1.933545 -1.585925 1.266552
v 2.276482 -1.557604 1.244771
v -1.575660 -0.406476 1.236562
v -1.564610 -0.323053 1.201838
v 1.388931 -1.389700 1.268032
v 2.166403 -1.671496 1.250394
v 2.293179 -1.661923 1.251813
v 2.270641 -1.654770 1.244684
v -1.587095 -0.601153 1.270325
v -1.582794 -0.552638 1.223515
v 1.297159 -1.509211 1.254795
v 1.313415 -1.464275 1.184312
v 1.374791 -1.372132 1.173139
v 1.714430 -1.653154 1.277810
v 1.824086 -1.737133 1.271132
v 2.052784 -1.796670 1.258524
v 2.157046 -1.780021 1.261615
v -1.579770 -0.677524 1.246037
v 1.243419 -1.616244 1.279962
v 1.929575 -1.795054 1.265297
v 2.028630 -1.912929 1.272002
v -1.567161 -0.792778 1.233204
v 1.231935 -1.587677 1.254292
v 1.169293 -1.667046 1.265578
v 1.193654 -1.616031 1.218735
v 1.106235 -1.708793 1.229972
v 1.600801 -1.778289 1.281408
v 1.731102 -1.757393 1.275526
v 1.788640 -1.849741 1.272458
v 1.957508 -1.902848 1.264131
v -1.551117 -0.884730 1.267781
v -1.549125 -0.897271 1.208645
v 1.138472 -1.719310 1.277014
v 1.835547 -1.975879 1.270761
v 1.903730 -2.034484 1.271798
v 1.072422 -1.735087 1.206226
v 0.949307 -1.832545 1.217517
v 1.034057 -1.768160 1.158824
v 1.755082 -2.074363 1.278627
v -1.502885 -1.060606 1.242525
v -1.472307 -1.144667 1.265326
v -1.448050 -1.201621 1.241161
v 0.808558 -1.937101 1.264208
v 0.850491 -1.900618 1.240802
v -1.385026 -1.333112 1.275271
v -1.405810 -1.302647 1.169348
v 0.782941 -1.937839 1.217052
v 0.692133 -1.986886 1.240479
v 0.692226 -1.988710 1.134223
v 0.607993 -2.022225 1.240399
v -1.264620 -1.523805 1.249695
v -1.201068 -1.601128 1.237053
v 0.457426 -2.067879 1.228601
v 0.455205 -2.075539 1.263956
v -1.175440 -1.634005 1.272114
v -1.137315 -1.669128 1.212687
v -1.199016 -1.613136 1.107094
v 0.270838 -2.110023 1.216930
v -1.070328 -1.732109 1.247378
v -1.035416 -1.764196 1.176180
v -0.949552 -1.828720 1.222613
v -0.881500 -1.879363 1.257408
v -0.901520 -1.863125 1.186773
v -0.024652 -2.145311 1.264632
v 0.064502 -2.136680 1.229055
v 0.114642 -2.132632 1.110910
v 0.195862 -2.126448 1.087137
v -0.810314 -1.928805 1.280401
v -0.807857 -1.920196 1.233250
v -0.744537 -1.954912 1.232781
v -0.650262 -2.010026 1.278540
v -0.636378 -2.004035 1.208460
v -0.526558 -2.048489 1.219588
v -0.648749 -2.002405 1.114070
v -0.367464 -2.093057 1.195170
v -0.323750 -2.112812 1.275463
v -0.179739 -2.125299 1.170781
v -0.218874 -2.133452 1.274360
v -0.133289 -2.136406 1.253194
v -0.099846 -2.133361 1.217717
v -0.065180 1.029801 1.150500
v 0.059295 1.033302 1.079370
v 0.272553 1.001724 1.161161
v 0.169043 1.028936 1.031821
v 0.367038 0.988386 1.101771
v 0.514011 0.943213 1.160012
v 0.700100 0.865867 1.170653
v 0.647896 0.897998 1.088437
v 0.711978 0.865295 1.111593
v 0.828382 0.802856 1.098939
v 0.949080 0.713940 1.133264
v -0.333133 1.004168 1.150993
v -0.266181 1.021496 1.080136
v -0.165169 1.026870 1.138937
v 1.156366 0.528688 1.119307
v 1.146039 0.555429 1.013323
v 1.201639 0.477033 1.154154
v 1.270763 0.393395 1.153248
v -0.538475 0.950904 1.127471
v -0.620483 0.916732 1.162808
v 1.318419 0.328984 1.140760
v -0.766003 0.846994 1.198007
v -0.692814 0.888212 1.115536
v 1.371103 0.246723 1.104495
v 1.410349 0.174449 1.127376
v 1.399457 0.205483 1.009626
v -0.832500 0.807887 1.186043
v 1.455379 0.075949 1.079186
v -0.920670 0.749021 1.185770
v -0.855880 0.798786 1.115198
v -0.947353 0.746059 1.055964
v -0.999636 0.700369 1.091123
v 1.496397 -0.036332 1.125327
v -1.068338 0.635005 1.137962
v 1.530889 -0.146559 1.171501
v -1.123781 0.577934 1.173029
v -1.213071 0.482572 1.137031
v -1.289643 0.383021 1.124571
v 1.592311 -0.487371 1.132981
v 1.583578 -0.372787 1.074970
v -1.343823 0.288152 1.194723
v 1.593967 -0.617989 1.120044
v -1.426740 0.141375 1.146459
v -1.369173 0.272396 1.064804
v 1.579673 -0.817517 1.130164
v 1.594579 -0.710191 1.048419
v -1.517459 -0.089846 1.132900
v 1.569830 -0.888392 1.094164
v 1.552580 -0.969402 1.069901
v -1.546315 -0.192045 1.120290
v 1.510680 -1.116736 1.023790
v 1.479674 -1.181942 1.115480
v 1.432979 -1.278708 1.126573
v -1.577514 -0.305328 1.036761
v -1.576811 -0.380536 1.130549
v 1.471629 -1.215799 1.020771
v -1.586422 -0.476417 1.117941
v -1.588221 -0.612068 1.128579
v 1.322041 -1.465979 1.054424
v -1.577834 -0.747902 1.139183
v -1.598152 -0.657613 1.021970
v 1.194827 -1.612381 1.159740
v -1.564483 -0.878865 1.055384
v 1.185739 -1.633534 1.065145
v 1.063258 -1.752611 1.076248
v -1.534275 -0.999843 1.066064
v -1.512880 -1.044439 1.160058
v 0.966771 -1.824235 1.134910
v -1.496026 -1.115919 1.076764
v 0.902966 -1.869665 1.134688
v -1.438060 -1.253068 1.087230
v -1.393269 -1.341419 1.086348
v 0.761396 -1.958088 1.098889
v 0.846021 -1.910480 1.099074
v -1.307726 -1.467903 1.155855
v -1.336497 -1.433635 1.097204
v 0.571008 -2.034733 1.157757
v 0.547434 -2.053711 1.027804
v -1.249213 -1.548200 1.155007
v 0.401841 -2.085179 1.110554
v 0.486115 -2.069053 1.051445
v -1.150549 -1.669433 1.071064
v 0.269767 -2.112011 1.134292
v 0.336769 -2.108474 1.027893
v -1.081126 -1.736510 1.058495
v -1.026819 -1.778632 1.093400
v -0.924056 -1.854479 1.092471
v -0.095781 -2.133171 1.135076
v -0.005836 -2.137290 1.099387
v -0.075237 -2.144314 1.005073
v -0.810102 -1.924702 1.079756
v -0.755573 -1.949243 1.150227
v -0.563611 -2.045026 1.030841
v -0.483303 -2.066505 1.113075
v -0.415820 -2.087399 1.077301
v -0.311242 -2.108996 1.076835
v -0.181675 -2.129630 1.064507
v -0.037156 1.042212 1.032485
v 0.052881 1.054658 0.937916
v 0.251588 1.015567 1.055094
v 0.323468 1.008639 1.019429
v 0.450830 0.980998 1.007047
v 0.609421 0.935034 0.970813
v 0.811888 0.830893 0.992983
v 0.715961 0.879761 1.005466
v 0.943375 0.737143 1.015433
v 0.874396 0.793799 0.980692
v -0.370669 1.004278 1.068461
v -0.289030 1.028949 0.997629
v -0.135571 1.044684 0.997355
v 1.041456 0.652227 1.026242
v -0.450120 0.988169 1.044924
v -0.404971 1.015266 0.950601
v 1.254493 0.427831 1.035541
v 1.250389 0.455714 0.941356
v -0.618974 0.927301 1.056653
v 1.311939 0.344043 1.058275
v 1.301805 0.372536 0.987720
v -0.778866 0.847266 1.091804
v -0.737376 0.878228 1.021132
v -0.797905 0.860711 0.950314
v -0.896698 0.792447 0.997207
v 1.447382 0.116329 0.985119
v 1.489540 0.003779 1.019449
v -1.068873 0.648193 1.055443
v -1.058701 0.682944 0.949474
v 1.528715 -0.094903 0.983079
v 1.546180 -0.178806 1.041330
v -1.117779 0.601716 1.055172
v 1.567223 -0.269385 1.052298
v -1.215668 0.496501 1.042720
v 1.593921 -0.379697 0.968642
v 1.584541 -0.297828 0.945764
v 1.605883 -0.498917 0.967580
v 1.604453 -0.613840 0.990201
v -1.348540 0.328326 0.994404
v -1.421130 0.190122 1.017013
v -1.445041 0.123032 1.063717
v -1.472630 0.107887 0.945613
v 1.580365 -0.878598 0.999784
v -1.491242 0.001268 1.086398
v -1.532740 -0.083931 0.991335
v -1.566603 -0.209395 0.990342
v 1.533493 -1.086132 0.939093
v -1.593387 -0.448831 1.035565
v 1.400385 -1.366251 0.972444
v 1.446840 -1.281876 0.973048
v -1.600775 -0.520571 1.011356
v 1.270905 -1.536413 1.042148
v 1.314935 -1.512138 0.912389
v -1.594076 -0.769996 0.985575
v 1.107384 -1.719964 1.029193
v 1.195159 -1.646111 0.958770
v -1.550404 -0.994029 0.971720
v 1.022464 -1.804236 0.981474
v 1.094007 -1.764241 0.898997
v -1.506546 -1.109016 1.017828
v 0.893667 -1.899811 0.980992
v -1.491460 -1.185652 0.946299
v 0.744370 -1.978299 1.016126
v 0.669124 -2.019952 0.968749
v -1.349737 -1.436162 1.002781
v -1.421855 -1.311476 1.004050
v -1.253895 -1.564310 1.013223
v -1.338249 -1.477073 0.931570
v 0.360108 -2.115270 0.956945
v 0.542989 -2.066615 0.956878
v -1.200806 -1.631116 0.988896
v 0.229602 -2.136150 0.968916
v 0.255688 -2.152284 0.874272
v -0.977858 -1.827219 0.998413
v 0.061778 -2.141899 1.028338
v -0.917731 -1.871675 0.974260
v -0.749515 -1.966484 0.984797
v -0.704560 -1.981932 1.043568
v -0.477102 -2.083489 0.959452
v -0.350876 -2.114942 0.958844
v -0.172944 -2.139791 0.981764
v 0.408984 1.006523 0.936551
v 0.560962 0.979262 0.876887
v 0.733808 0.898953 0.899343
v -0.069166 1.060279 0.926485
v 0.199321 1.048505 0.913863
v 0.957504 0.743924 0.944626
v 0.889436 0.803470 0.909908
v -0.245942 1.049097 0.926860
v 1.084300 0.635680 0.943353
v -0.598533 0.950572 0.962364
v -0.475413 0.994214 0.962411
v 1.155411 0.587412 0.883723
v 1.406947 0.216052 0.938869
v 1.353277 0.332317 0.892799
v 1.487818 0.041999 0.948956
v -0.974667 0.755671 0.926269
v -0.929253 0.805818 0.867558
v 1.516878 0.006076 0.877740
v 1.554495 -0.127125 0.900100
v 1.556543 -0.177731 0.958679
v -1.119091 0.627706 0.949158
v -1.208470 0.544747 0.913267
v 1.613650 -0.293698 0.827676
v 1.622735 -0.445334 0.861756
v -1.286933 0.458258 0.889119
v -1.333540 0.373564 0.935731
v 1.629816 -0.596063 0.860435
v -1.449007 0.200002 0.875517
v 1.605310 -0.749866 0.941806
v 1.605204 -0.836090 0.893843
v -1.531986 -0.046584 0.932633
v 1.572051 -0.949863 0.951971
v -1.560956 -0.123904 0.908433
v 1.489144 -1.196011 0.950067
v -1.578808 -0.205001 0.919585
v -1.597686 -0.298057 0.918832
v -1.609520 -0.380956 0.918148
v 1.408502 -1.380537 0.889667
v -1.615383 -0.490578 0.929021
v -1.609731 -0.604008 0.963440
v -1.633364 -0.558706 0.869458
v -1.614463 -0.750557 0.903167
v 1.218814 -1.654666 0.852391
v -1.591817 -0.844589 0.937706
v 0.959275 -1.870414 0.910243
v -1.543463 -1.094478 0.876397
v 0.899623 -1.925516 0.862708
v -1.429896 -1.335401 0.909428
v -1.495269 -1.227790 0.863312
v 0.754099 -1.985491 0.945210
v -1.389127 -1.402638 0.920543
v 0.646898 -2.049620 0.874116
v -1.270189 -1.574936 0.906934
v -1.363707 -1.477905 0.848998
v 0.444906 -2.102392 0.921416
v 0.505721 -2.104551 0.850408
v -1.180157 -1.681627 0.882164
v 0.355717 -2.148216 0.826821
v -1.130212 -1.720125 0.917112
v -1.023241 -1.812527 0.904224
v -0.031778 -2.164683 0.898540
v 0.093507 -2.157226 0.921880
v 0.178560 -2.161418 0.874399
v -0.858649 -1.918843 0.914672
v -0.966296 -1.866684 0.856386
v -0.798971 -1.964320 0.866901
v -0.680091 -2.019302 0.877915
v -0.611840 -2.039168 0.924779
v -0.491824 -2.089934 0.900412
v -0.378327 -2.122305 0.888026
v -0.223793 -2.143063 0.922848
v -0.155026 -2.159878 0.887106
v 0.182648 1.075574 0.831509
v 0.302071 1.062023 0.819268
v 0.440709 1.030488 0.830432
v 0.544156 1.005504 0.818135
v 0.713203 0.953444 0.781821
v 0.806825 0.896647 0.804690
v 0.808939 0.862669 0.885743
v 0.866665 0.850473 0.827742
v -0.188913 1.074212 0.856097
v -0.025570 1.082240 0.843926
v 0.107891 1.073567 0.855300
v 1.022597 0.716049 0.873384
v 0.940781 0.811142 0.803595
v 1.012198 0.763039 0.791184
v -0.334173 1.044608 0.891642
v -0.277650 1.081648 0.809179
v -0.412735 1.031123 0.879930
v -0.404598 1.072390 0.774025
v 1.135024 0.641783 0.813419
v 1.079135 0.700303 0.802269
v -0.547252 1.005468 0.832850
v 1.284702 0.440716 0.870307
v 1.223715 0.570338 0.777152
v 1.292909 0.463341 0.811457
v -0.657346 0.953320 0.856302
v 1.394820 0.307415 0.821645
v -0.799672 0.886754 0.856107
v 1.447631 0.179386 0.867616
v -0.813877 0.904062 0.797270
v 1.506754 0.093045 0.807690
v -1.066798 0.698420 0.878802
v -1.069595 0.737162 0.784707
v -1.118028 0.678729 0.819745
v 1.575447 -0.095860 0.805876
v 1.587656 -0.199073 0.852171
v -1.207827 0.594872 0.807456
v -1.262656 0.537976 0.795306
v 1.646659 -0.402721 0.779427
v -1.355340 0.393630 0.829721
v -1.393312 0.318776 0.852785
v -1.395054 0.269825 0.852367
v -1.395234 0.269882 0.852368
v -1.395056 0.269950 0.852368
v -1.383728 0.266825 0.840507
v -1.383199 0.266185 0.840500
v -1.383862 0.266388 0.841152
v -1.384426 0.266571 0.840507
v 1.636188 -0.709168 0.824028
v 1.656943 -0.591584 0.777769
v -1.506375 0.131990 0.804256
v 1.646002 -0.761466 0.786140
v -1.536373 0.029875 0.827063
v 1.605358 -0.910020 0.845985
v 1.577317 -1.037225 0.833157
v -1.566725 -0.059569 0.826372
v 1.521217 -1.180530 0.843873
v -1.615774 -0.204817 0.801640
v 1.485032 -1.255855 0.855124
v 1.566842 -1.169327 0.738934
v 1.477417 -1.302590 0.807523
v -1.623845 -0.338788 0.850032
v -1.637361 -0.408673 0.835351
v 1.420093 -1.396009 0.818674
v -1.662773 -0.424962 0.776254
v -1.639640 -0.643171 0.845136
v 1.342377 -1.532141 0.782291
v -1.633898 -0.854987 0.796073
v -1.648760 -0.701899 0.809239
v -1.600835 -0.878415 0.878415
v 1.169197 -1.713203 0.840212
v 1.228632 -1.694054 0.745783
v -1.598865 -0.940634 0.842459
v -1.601993 -1.001157 0.794726
v 1.016348 -1.857847 0.815763
v 1.115389 -1.794710 0.768825
v -1.528874 -1.197518 0.804640
v -1.584360 -1.076990 0.782220
v 0.928371 -1.939930 0.768070
v -1.474649 -1.325873 0.791583
v 0.787538 -1.995387 0.838794
v -1.408123 -1.445817 0.790370
v -1.279212 -1.598055 0.824126
v 0.692158 -2.061476 0.779454
v 0.610917 -2.093853 0.779392
v -1.135720 -1.736408 0.846158
v 0.404232 -2.150740 0.791256
v 0.498301 -2.127107 0.791209
v -1.060951 -1.812765 0.809887
v -1.002342 -1.862244 0.797497
v 0.132126 -2.189564 0.791646
v 0.268592 -2.187887 0.755883
v -0.845107 -1.952824 0.819906
v -0.776426 -2.009011 0.772018
v -0.607668 -2.063606 0.830120
v -0.466760 -2.126427 0.793787
v -0.244129 -2.166529 0.816458
v -0.385311 -2.143074 0.805233
v -0.176882 -2.188169 0.780678
v -0.075777 -2.182302 0.827677
v -0.128249 -2.228817 0.697565
v 0.216888 1.107123 0.749058
v 0.122715 1.122666 0.737638
v 0.379199 1.072164 0.760128
v 0.463771 1.066043 0.736239
v 0.596029 1.014043 0.759048
v 0.703885 1.003866 0.699649
v 0.786397 0.951094 0.722582
v 0.865395 0.886957 0.757232
v 0.938992 0.845776 0.744876
v -0.182453 1.095737 0.797242
v -0.119461 1.139998 0.714824
v -0.013764 1.121348 0.749796
v 1.101853 0.734638 0.715487
v 1.175478 0.653766 0.730782
v -0.518311 1.051767 0.750540
v -0.345536 1.129857 0.691730
v 1.222687 0.647372 0.678796
v -0.662908 0.992932 0.762222
v 1.318232 0.518129 0.698268
v 1.388365 0.371875 0.751391
v -0.728507 1.014200 0.683651
v 1.462547 0.274454 0.726742
v -0.827342 0.935383 0.726749
v -0.916192 0.874858 0.738268
v 1.498262 0.163932 0.761107
v -0.971966 0.805333 0.796839
v -1.001627 0.840157 0.702783
v 1.553233 0.045153 0.748130
v -1.094018 0.745219 0.737622
v 1.552316 -0.014237 0.794838
v 1.599343 -0.083525 0.746896
v 1.609970 0.030499 0.665220
v -1.200253 0.654995 0.726885
v 1.613758 -0.195563 0.781304
v 1.638216 -0.263754 0.757041
v 1.679936 -0.276337 0.685993
v -1.401607 0.421491 0.712039
v -1.321578 0.507487 0.736176
v 1.646714 -0.514298 0.802073
v 1.689359 -0.465054 0.700413
v 1.695697 -0.615516 0.694827
v -1.430126 0.331102 0.758553
v -1.388063 0.292556 0.829216
v -1.388532 0.292707 0.828938
v -1.387602 0.292413 0.828933
v -1.388163 0.292244 0.828933
v 1.690848 -0.725365 0.693892
v -1.478560 0.284752 0.722867
v -1.477006 0.172336 0.792721
v -1.475481 0.172750 0.792720
v -1.475992 0.171127 0.792706
v -1.453249 0.164947 0.780946
v -1.460410 0.167203 0.780828
v -1.453023 0.165670 0.780795
v -1.475739 0.171942 0.792101
v -1.453250 0.164951 0.780513
v 1.628506 -0.916756 0.775038
v 1.659853 -0.852007 0.728295
v 1.623855 -1.026299 0.726886
v -1.574745 0.055106 0.727955
v -1.558004 0.149072 0.698299
v -1.589558 -0.051920 0.767475
v -1.643443 -0.083868 0.691969
v 1.592784 -1.164764 0.693373
v -1.678909 -0.196409 0.685609
v -1.652963 -0.242149 0.742393
v 1.513541 -1.337810 0.691291
v 1.560822 -1.265916 0.671900
v 1.447747 -1.428637 0.712076
v 1.388364 -1.496751 0.735257
v -1.679737 -0.555562 0.751563
v -1.671202 -0.644985 0.765019
v -1.707170 -0.620806 0.703854
v 1.312983 -1.621277 0.703455
v -1.708319 -0.722308 0.691176
v -1.667930 -0.856095 0.725326
v -1.704945 -0.806949 0.678632
v -1.654492 -0.959234 0.712596
v 1.164197 -1.760392 0.745382
v 1.112977 -1.842808 0.685784
v -1.645649 -1.073308 0.676173
v 1.022950 -1.889081 0.732843
v 0.957387 -1.954789 0.697036
v -1.608316 -1.134554 0.699154
v 0.850774 -2.008033 0.720471
v -1.549796 -1.241328 0.721685
v 0.734000 -2.082459 0.696529
v -1.363220 -1.552946 0.730303
v -1.461711 -1.416020 0.719942
v 0.665984 -2.135020 0.660843
v -1.284090 -1.616864 0.776758
v -1.271740 -1.693934 0.681623
v 0.367395 -2.187913 0.720206
v 0.455563 -2.182616 0.696407
v 0.575776 -2.154358 0.684526
v -1.143202 -1.758960 0.775155
v -1.186348 -1.776463 0.680682
v -1.079632 -1.831580 0.738945
v -0.884807 -1.959790 0.749123
v -0.974865 -1.930574 0.702397
v -0.041029 -2.227135 0.709151
v 0.093766 -2.231170 0.696952
v 0.190615 -2.237606 0.673030
v -0.690104 -2.049286 0.771441
v -0.594733 -2.099717 0.747141
v -0.728395 -2.090470 0.664946
v -0.533409 -2.140168 0.711214
v -0.372090 -2.178277 0.722261
v -0.280455 -2.201472 0.710010
v 0.094920 1.153106 0.690757
v 0.309489 1.127104 0.689960
v 0.219085 1.194928 0.619959
v 0.333606 1.165403 0.631203
v 0.456775 1.123899 0.650639
v 0.547347 1.056754 0.712327
v 0.616769 1.081929 0.641532
v 0.821041 0.983724 0.651944
v -0.167715 1.184432 0.646689
v 0.894668 0.942433 0.651391
v 0.989669 0.850518 0.685759
v 0.985096 0.915808 0.615506
v 1.049785 0.845734 0.638338
v -0.433403 1.126325 0.668325
v -0.339612 1.189310 0.613972
v -0.485199 1.159348 0.609725
v -0.268625 1.166627 0.656428
v -0.260982 1.122669 0.726856
v 1.127687 0.778720 0.637552
v 1.191799 0.707014 0.648566
v 1.297068 0.649314 0.600569
v -0.608235 1.082215 0.656605
v 1.429717 0.409091 0.657165
v 1.347927 0.534714 0.646662
v -0.735561 1.071678 0.609635
v -0.840952 0.988031 0.644608
v 1.496522 0.301433 0.656057
v 1.548406 0.260625 0.620152
v 1.529720 0.204173 0.678738
v -0.917466 0.925331 0.665265
v -1.022996 0.872094 0.644092
v -1.096232 0.795968 0.667240
v -1.089945 0.868791 0.597024
v 1.640695 -0.078266 0.676003
v 1.692637 -0.032099 0.593631
v -1.177989 0.747641 0.643430
v 1.678097 -0.185725 0.663171
v -1.278444 0.580716 0.713085
v -1.255971 0.648259 0.666390
v -1.383240 0.552570 0.618684
v 1.724223 -0.289820 0.626735
v 1.736548 -0.405076 0.625707
v -1.436111 0.457691 0.637268
v 1.759413 -0.486341 0.601336
v 1.743776 -0.605338 0.622251
v -1.508975 0.307163 0.664120
v 1.727791 -0.724161 0.634780
v -1.581695 0.231379 0.622401
v 1.686967 -0.835426 0.681147
v 1.768179 -0.785916 0.575117
v -1.606192 0.139954 0.639325
v 1.690743 -0.910680 0.656878
v -1.611541 0.017476 0.691216
v 1.657544 -1.048728 0.655775
v -1.667123 -0.026488 0.638051
v -1.691532 -0.117844 0.642647
v 1.681340 -1.117608 0.592589
v -1.733450 -0.290276 0.641648
v -1.716670 -0.394861 0.679527
v 1.595013 -1.313189 0.592386
v -1.705790 -0.497491 0.704915
v 1.492412 -1.429772 0.641120
v -1.769419 -0.501564 0.622417
v 1.408206 -1.514931 0.678378
v 1.493966 -1.504052 0.581452
v -1.750672 -0.581901 0.645282
v 1.317673 -1.659476 0.651407
v 1.400301 -1.623155 0.592477
v -1.762110 -0.726616 0.620454
v 1.243684 -1.723007 0.676718
v 1.205916 -1.785167 0.650620
v -1.738996 -0.919426 0.606923
v -1.747840 -0.817733 0.619629
v -1.718561 -1.012484 0.606065
v 1.074914 -1.904763 0.645584
v 1.185292 -1.877121 0.579053
v -1.691598 -1.132257 0.593155
v -1.634988 -1.273812 0.589584
v -1.554433 -1.333446 0.650075
v 0.941300 -2.014353 0.625737
v 1.052992 -1.959402 0.602304
v 0.745717 -2.135005 0.613412
v 0.840226 -2.041469 0.672991
v 0.844790 -2.104137 0.589805
v -1.481605 -1.495645 0.624871
v -1.434419 -1.547718 0.636100
v -1.392196 -1.642751 0.599753
v 0.507198 -2.213935 0.625171
v -1.234788 -1.796009 0.609815
v -1.307246 -1.711414 0.622543
v 0.414110 -2.234453 0.625242
v -1.128665 -1.867580 0.632523
v -0.993934 -1.951027 0.655053
v 0.054405 -2.276294 0.621962
v 0.148730 -2.305653 0.578117
v 0.301899 -2.279717 0.589737
v -1.003374 -1.980279 0.612331
v -0.885863 -2.001233 0.677941
v -0.651158 -2.158789 0.616931
v -0.557268 -2.175429 0.640147
v -0.448594 -2.184622 0.675191
v -0.339591 -2.230861 0.639088
v -0.210990 -2.254712 0.635432
v -0.126901 -2.262828 0.638245
v -0.493372 -2.239623 0.580399
v 0.468122 1.200797 0.560322
v 0.371561 1.248255 0.537380
v 0.619014 1.169281 0.547843
v 0.489761 1.150803 0.607052
v 0.699934 1.151356 0.535668
v 0.730470 1.050308 0.623309
v 0.759270 1.103659 0.554151
v 0.018736 1.267095 0.562093
v -0.121975 1.252341 0.574145
v -0.048160 1.221335 0.609095
v 0.099340 1.207656 0.620388
v -0.143843 1.301602 0.527599
v 0.129384 1.264832 0.558675
v 0.223845 1.250355 0.561401
v 0.916130 0.972101 0.604372
v 0.904397 1.053959 0.534282
v 1.043009 0.983441 0.521500
v -0.255832 1.299794 0.520234
v -0.269787 1.214835 0.597825
v 1.081940 0.909964 0.556174
v 1.159422 0.801711 0.590448
v 1.207220 0.876353 0.506259
v 1.288700 0.701701 0.568565
v -0.492622 1.215387 0.551205
v -0.596807 1.159214 0.575307
v -0.356565 1.294456 0.511234
v 1.384486 0.613132 0.552805
v -0.670797 1.120543 0.586709
v 1.412247 0.543685 0.575740
v 1.471340 0.408729 0.609832
v 1.532386 0.414736 0.548807
v -0.789927 1.096380 0.560413
v -0.915408 1.012009 0.576195
v -0.890736 1.091287 0.522951
v 1.608884 0.304093 0.537784
v -1.010213 0.967715 0.562251
v 1.595292 0.184081 0.607562
v 1.640394 0.207446 0.551177
v 1.673620 0.048230 0.582571
v -1.096278 0.920653 0.550270
v -1.173551 0.858356 0.549938
v -1.243386 0.756348 0.580462
v 1.725186 -0.141347 0.592601
v 1.755756 -0.212725 0.576241
v 1.795224 -0.187688 0.532991
v -1.294195 0.673140 0.606194
v -1.402177 0.645797 0.537493
v 1.794889 -0.323868 0.552540
v 1.839187 -0.300353 0.509299
v 1.801107 -0.437224 0.554430
v -1.480479 0.509394 0.559547
v 1.842953 -0.524357 0.516203
v -1.504469 0.417671 0.594234
v -1.560431 0.435750 0.535516
v 1.813972 -0.639182 0.540847
v -1.546205 0.331720 0.605407
v -1.627542 0.283485 0.552825
v 1.840978 -0.758784 0.504329
v -1.655869 0.193303 0.565013
v 1.774958 -0.899240 0.550510
v -1.650257 0.079761 0.615314
v 1.752390 -1.003511 0.549670
v -1.747036 0.024157 0.544264
v 1.726231 -1.131311 0.537191
v -1.732540 -0.092149 0.590440
v 1.673004 -1.300034 0.517279
v -1.746041 -0.211811 0.610248
v -1.805397 -0.242220 0.558341
v -1.815405 -0.313331 0.559307
v -1.866858 -0.234842 0.506933
v -1.826108 -0.483257 0.563703
v 1.553061 -1.534480 0.510203
v -1.829730 -0.593492 0.562760
v 1.462897 -1.630028 0.533228
v -1.820625 -0.720109 0.561643
v 1.362467 -1.697726 0.573624
v -1.788266 -0.817041 0.576169
v 1.274301 -1.781445 0.586257
v 1.420861 -1.727984 0.508885
v -1.787716 -0.903719 0.559970
v 1.308828 -1.816647 0.532027
v -1.761206 -1.023441 0.558865
v 1.264721 -1.889243 0.513253
v 1.190336 -1.964782 0.507455
v 1.120890 -2.004885 0.519099
v -1.737712 -1.166797 0.536462
v 0.939013 -2.071742 0.566225
v 1.021409 -2.072586 0.521346
v -1.546551 -1.425511 0.601685
v -1.617815 -1.414972 0.540585
v -1.678360 -1.370929 0.511414
v 0.773332 -2.192632 0.540224
v 0.866270 -2.172225 0.518683
v -1.548416 -1.548118 0.529252
v -1.468908 -1.610481 0.554887
v 0.649047 -2.195162 0.589541
v 0.548297 -2.239810 0.577620
v 0.702206 -2.260737 0.506201
v -1.438739 -1.710542 0.516659
v -1.339252 -1.749117 0.563279
v 0.429983 -2.300533 0.541997
v 0.518006 -2.334598 0.494250
v -1.295027 -1.843874 0.526930
v -1.225227 -1.897427 0.532921
v -1.160183 -1.888261 0.585210
v 0.192677 -2.346544 0.530429
v 0.303492 -2.348128 0.518314
v -1.123594 -2.006662 0.513261
v -1.045159 -2.033083 0.536433
v -0.959165 -2.074601 0.547651
v -0.861915 -2.080975 0.594555
v -0.188172 -2.299201 0.579071
v -0.057077 -2.315045 0.570597
v 0.063212 -2.364481 0.518813
v -0.071385 -2.359668 0.522297
v -0.844054 -2.141287 0.543123
v -0.892137 -2.175280 0.495701
v -0.967417 -2.139174 0.492222
v -0.720644 -2.181941 0.557893
v -0.763857 -2.200669 0.522433
v -0.596212 -2.219295 0.569043
v -0.700136 -2.272773 0.483991
v -0.542234 -2.282871 0.521132
v -0.347349 -2.293390 0.555935
v -0.448856 -2.339605 0.494967
v -0.247327 -2.329131 0.536592
v -0.238559 -2.417948 0.462944
v 0.251868 1.300868 0.513892
v 0.399042 1.336742 0.467244
v 0.325106 1.377279 0.454298
v 0.517920 1.241854 0.512932
v 0.554527 1.280097 0.478789
v 0.663595 1.233323 0.485833
v 0.808587 1.262302 0.437367
v 0.846733 1.146750 0.488018
v 0.973906 1.197951 0.427184
v 1.012532 1.123749 0.447754
v -0.089602 1.396437 0.459400
v 0.008268 1.353005 0.490043
v 0.072007 1.319179 0.515182
v 0.097011 1.399559 0.459013
v -0.023373 1.450063 0.430509
v 0.175855 1.374649 0.469823
v 0.957629 1.066360 0.501762
v 1.055395 1.063088 0.463131
v 1.137666 1.009998 0.459757
v -0.442798 1.335732 0.469479
v -0.291029 1.385626 0.456768
v -0.162502 1.361063 0.480755
v 1.361807 0.897050 0.425466
v 1.344445 0.762094 0.495174
v 1.429328 0.796865 0.436226
v -0.581852 1.247235 0.504499
v -0.577759 1.339868 0.445078
v 1.450090 0.665486 0.482254
v 1.454518 0.600432 0.511420
v 1.548055 0.662993 0.434753
v 1.585281 0.584531 0.444436
v -0.885071 1.189026 0.456760
v -0.742707 1.168475 0.517689
v -0.732024 1.242536 0.469446
v 1.566254 0.483969 0.492182
v 1.702595 0.485928 0.416772
v 1.661398 0.354010 0.479002
v -1.010569 1.104706 0.466584
v -1.096563 1.107294 0.432949
v -1.064685 1.010074 0.503738
v -0.997129 1.187442 0.423395
v 1.723504 0.157821 0.500751
v 1.728342 0.291876 0.456235
v 1.759847 0.195258 0.464567
v 1.810595 0.278665 0.416157
v 1.748342 0.000355 0.530592
v 1.814480 0.054277 0.467422
v -1.146753 0.986595 0.480147
v 1.794588 -0.088344 0.515403
v 1.896082 0.078476 0.417454
v 1.861381 -0.071843 0.463581
v -1.259599 0.823802 0.520285
v -1.276462 0.928656 0.451231
v 1.878070 -0.176134 0.467355
v -1.321705 0.744257 0.532295
v -1.444460 0.709101 0.475098
v -1.398500 0.855877 0.428639
v 1.855851 -0.404563 0.503856
v 1.933888 -0.391560 0.446412
v 1.943872 -0.320372 0.436499
v 1.975722 -0.218861 0.416369
v -1.483349 0.584903 0.514622
v -1.577142 0.602568 0.449499
v -1.545383 0.505447 0.512468
v 1.925147 -0.537375 0.453644
v -1.666285 0.494562 0.441869
v 1.856047 -0.639749 0.501610
v 1.931566 -0.650718 0.445997
v -1.681763 0.387833 0.470166
v 1.932402 -0.749938 0.439506
v -1.677327 0.287112 0.510934
v -1.763401 0.289920 0.452166
v 1.870969 -0.866961 0.469406
v 1.942562 -0.913869 0.419826
v -1.728339 0.216640 0.498657
v -1.808993 0.180480 0.457039
v 1.810783 -0.959652 0.502676
v 1.774098 -1.096619 0.503668
v 1.846182 -1.069428 0.454414
v -1.848614 0.093956 0.456260
v 1.819631 -1.147703 0.454967
v 1.905411 -1.149596 0.408063
v -1.891290 -0.053532 0.461346
v -1.837640 -0.107911 0.507246
v 1.746316 -1.223868 0.486018
v 1.806638 -1.267190 0.431788
v -1.907590 -0.172227 0.470109
v 1.689536 -1.403819 0.462621
v 1.719701 -1.425495 0.437086
v -1.950796 -0.269881 0.454216
v -1.893128 -0.362655 0.500550
v -1.975120 -0.361173 0.447108
v 1.649909 -1.490325 0.459543
v -1.898965 -0.459831 0.501489
v -2.016963 -0.558261 0.430851
v -1.878062 -0.590331 0.521977
v -1.934470 -0.572246 0.480478
v 1.502518 -1.666883 0.485585
v 1.603180 -1.599310 0.451818
v -1.879141 -0.750787 0.510296
v -1.962881 -0.662156 0.461084
v 1.475375 -1.769497 0.457122
v 1.584078 -1.716850 0.425914
v 1.573028 -1.812221 0.405841
v -1.946197 -0.766436 0.463667
v 1.346362 -1.865171 0.477936
v -1.875052 -0.838638 0.501741
v -1.929524 -0.870678 0.461637
v -1.853528 -0.944404 0.499483
v 1.476548 -1.843900 0.428723
v 1.370582 -1.983672 0.412920
v -1.835664 -1.123103 0.475415
v 1.310235 -1.940267 0.457597
v -1.916416 -0.986110 0.451824
v 1.207232 -2.031602 0.458741
v 1.345724 -2.062349 0.396668
v -1.780443 -1.301290 0.464270
v 1.114321 -2.052094 0.490094
v 1.078166 -2.127100 0.459368
v 1.116035 -2.163552 0.430505
v 1.208393 -2.105963 0.425479
v -1.858763 -1.313382 0.416101
v 1.000043 -2.139828 0.484824
v 0.972148 -2.266709 0.424651
v -1.760260 -1.394162 0.449626
v -1.792885 -1.457863 0.413326
v -1.661171 -1.512138 0.468287
v 0.774423 -2.266767 0.480639
v 0.915355 -2.212077 0.473106
v 0.825900 -2.299218 0.446516
v 1.065106 -2.246370 0.410918
v -1.689656 -1.601810 0.421251
v -1.743048 -1.535449 0.415393
v -1.581547 -1.652141 0.458521
v -1.520055 -1.731969 0.457668
v 0.698882 -2.309990 0.470369
v -1.620848 -1.697738 0.422227
v -1.544932 -1.771209 0.430315
v -1.447649 -1.777436 0.474812
v -1.365741 -1.832033 0.491806
v 0.421432 -2.366055 0.486579
v 0.500279 -2.429191 0.434457
v 0.683145 -2.398451 0.421629
v -1.336788 -1.935922 0.451766
v -1.461316 -1.859434 0.432543
v -1.270349 -1.922102 0.490774
v 0.199828 -2.401628 0.482714
v 0.316163 -2.424782 0.458594
v 0.333683 -2.486429 0.421740
v -1.243304 -2.031915 0.442536
v -1.155370 -2.067356 0.458904
v -1.066375 -2.099456 0.476893
v -1.165485 -2.138122 0.419816
v -0.973990 -2.198668 0.451771
v -0.827578 -2.244889 0.467135
v -0.141937 -2.386732 0.493655
v -0.037086 -2.407290 0.483256
v -0.084550 -2.478591 0.433938
v 0.057057 -2.461389 0.445361
v 0.125152 -2.519706 0.412975
v -0.905273 -2.294303 0.418825
v -0.799783 -2.352231 0.413687
v -0.670451 -2.335139 0.450195
v -0.610050 -2.301168 0.487802
v -0.553193 -2.356012 0.463798
v -0.652822 -2.435530 0.400510
v -0.422249 -2.411537 0.448874
v -0.330460 -2.512314 0.404641
v -0.178153 -2.461544 0.440324
v -0.544491 -2.445433 0.413492
v -0.439476 -2.465707 0.416829
v 0.409467 1.528880 0.362634
v 0.322432 1.527141 0.388752
v 0.486782 1.498900 0.385776
v 0.650199 1.468057 0.361467
v 0.678570 1.439730 0.391869
v 0.761768 1.429364 0.360837
v 0.843903 1.375331 0.387261
v 0.684752 1.301244 0.443770
v 1.078794 1.256720 0.382107
v 0.923092 1.351972 0.371542
v -0.023924 1.567171 0.375924
v 0.072462 1.519130 0.400349
v 0.075311 1.567943 0.373662
v 0.159705 1.441899 0.433221
v 0.157690 1.554325 0.380681
v 0.289980 1.462883 0.417254
v 0.278930 1.546433 0.374938
v 0.399055 1.416085 0.427186
v 0.486522 1.379358 0.431963
v 0.586279 1.381928 0.421597
v 0.902173 1.245308 0.424760
v 1.101905 1.132960 0.418959
v 1.209606 1.161218 0.381600
v 1.135006 1.239137 0.358198
v 1.308019 1.080725 0.381784
v 1.227033 1.177880 0.345618
v -0.124701 1.561534 0.376144
v 1.261771 1.051380 0.403456
v 1.379726 1.033450 0.374706
v 1.350461 1.079936 0.356248
v 1.440830 0.952294 0.379450
v 1.535094 0.898363 0.354188
v -0.349384 1.515927 0.387148
v -0.474164 1.393982 0.431953
v -0.422592 1.519428 0.376575
v -0.202257 1.432089 0.436389
v -0.240095 1.548781 0.376341
v 1.539226 0.871859 0.372865
v -0.541262 1.489796 0.376635
v -0.639654 1.458892 0.377368
v 1.507433 0.770164 0.414423
v 1.603851 0.802038 0.368875
v -0.891978 1.365159 0.367364
v -0.795404 1.396529 0.380184
v -0.719943 1.447233 0.353135
v -0.720055 1.360196 0.409866
v -0.790538 1.332909 0.406933
v -0.653982 1.294082 0.457878
v 1.701693 0.680514 0.363667
v 1.752999 0.607640 0.362902
v -0.889967 1.252743 0.418700
v 1.873863 0.407685 0.360853
v 1.830783 0.508057 0.338225
v -1.025222 1.295750 0.365050
v 1.756598 0.382286 0.417636
v 1.933679 0.277460 0.361769
v -1.128905 1.229396 0.364149
v 1.863945 0.212440 0.406279
v -1.207967 1.068288 0.411098
v -1.261040 1.134873 0.363685
v 1.977071 0.139965 0.371315
v 1.976010 0.202552 0.323395
v -1.346122 1.062662 0.363386
v -1.285550 1.018515 0.404239
v 2.046331 -0.032671 0.344787
v 2.021216 0.052010 0.345584
v 2.016905 -0.008752 0.376421
v 1.942986 -0.047656 0.414876
v 1.933647 -0.156231 0.431948
v 2.036251 -0.101500 0.379632
v -1.469658 0.940676 0.362565
v 2.079751 -0.238853 0.366526
v -1.520548 0.783123 0.403049
v 2.081736 -0.313785 0.373298
v 1.993640 -0.397740 0.413064
v 2.104471 -0.358955 0.341814
v 2.095951 -0.404828 0.365049
v 1.980108 -0.480175 0.421542
v 2.117548 -0.474636 0.340780
v -1.661608 0.728849 0.362516
v -1.640611 0.598044 0.418486
v 2.107966 -0.544706 0.359991
v -1.793002 0.547476 0.360032
v -1.742107 0.630476 0.357701
v 2.005704 -0.673739 0.404504
v 2.099216 -0.690490 0.363704
v 2.117191 -0.671206 0.339084
v -1.850922 0.441961 0.359275
v 2.011727 -0.811709 0.396649
v 2.105546 -0.828414 0.337758
v 2.086516 -0.872108 0.361040
v -1.923090 0.291407 0.361465
v -1.895548 0.394412 0.323568
v 2.055182 -1.035493 0.359713
v -1.996708 0.104142 0.368551
v 1.956714 -1.079018 0.395013
v 2.024358 -1.124846 0.366458
v 2.046034 -1.119053 0.335407
v -1.928012 0.020179 0.426665
v 1.992457 -1.226192 0.367527
v 2.001754 -1.241330 0.346274
v -2.027986 0.014990 0.367865
v -2.098172 -0.185480 0.342712
v -2.057749 -0.136607 0.378439
v 1.874106 -1.288177 0.398818
v 1.945755 -1.335264 0.369962
v 1.819084 -1.345178 0.407875
v 1.913018 -1.436143 0.344829
v -2.100313 -0.271648 0.369923
v 1.761726 -1.487964 0.402812
v 1.880696 -1.463285 0.369457
v 1.800840 -1.599043 0.371601
v 1.850501 -1.552493 0.332186
v -2.108210 -0.368220 0.376574
v 1.670032 -1.582998 0.421899
v 1.733958 -1.615250 0.389586
v -2.107388 -0.566571 0.386664
v -2.128724 -0.522545 0.363492
v -2.124959 -0.387513 0.352843
v 1.734749 -1.714327 0.366510
v 1.665957 -1.791791 0.381693
v -2.041812 -0.636963 0.417490
v 1.671638 -1.818115 0.353978
v -2.096942 -0.693619 0.386688
v -2.129667 -0.596406 0.351052
v -2.042888 -0.797425 0.406656
v 1.600279 -1.882501 0.382665
v 1.586608 -1.927471 0.353261
v -2.079032 -0.872471 0.380467
v -2.118529 -0.723754 0.361728
v 1.530542 -1.971878 0.376636
v -2.102021 -0.877359 0.348553
v 1.431575 -2.064472 0.376436
v 1.492194 -2.028752 0.352637
v -2.075539 -1.009447 0.347342
v -2.053064 -1.041457 0.370613
v 1.328570 -2.155797 0.376440
v 1.387971 -2.124808 0.352085
v -1.940089 -1.139227 0.411417
v 1.303701 -2.197276 0.351684
v -1.995242 -1.195809 0.371914
v -2.026873 -1.173269 0.345798
v 1.229113 -2.235871 0.377495
v 1.248510 -2.173621 0.340232
v 1.241114 -2.165105 0.340326
v 1.253031 -2.159265 0.340344
v 1.220526 -2.262699 0.351340
v -1.932906 -1.351557 0.370249
v 1.163181 -2.288010 0.374887
v 1.157248 -2.306448 0.351132
v -1.881863 -1.503652 0.356002
v -1.924693 -1.442728 0.331395
v 0.921205 -2.349486 0.400290
v 1.044374 -2.350969 0.378190
v 1.020716 -2.386336 0.350806
v -1.779217 -1.610413 0.379687
v 0.828822 -2.406992 0.395648
v 0.851639 -2.463420 0.362396
v 0.976598 -2.403761 0.362578
v 0.887194 -2.456059 0.315148
v -1.809455 -1.662470 0.340994
v -1.743605 -1.732889 0.364416
v 0.737002 -2.501621 0.367785
v -1.749540 -1.755583 0.340030
v -1.658962 -1.857085 0.362520
v -1.594739 -1.928266 0.363391
v 0.391104 -2.578396 0.374501
v 0.524967 -2.546296 0.375004
v 0.625644 -2.540771 0.362553
v 0.703838 -2.527845 0.338626
v 0.625222 -2.552643 0.315012
v -1.646147 -1.894588 0.338554
v -1.518405 -2.038726 0.336969
v -1.403806 -1.951692 0.418997
v -1.530106 -1.998113 0.362399
v -1.306060 -2.034305 0.419073
v 0.237694 -2.554994 0.393916
v 0.398952 -2.592570 0.362488
v 0.509781 -2.578358 0.338707
v -1.408557 -2.122993 0.359429
v -1.255600 -2.109627 0.404441
v -1.082987 -2.229607 0.404986
v 0.027784 -2.514480 0.411370
v -0.091125 -2.577296 0.387537
v -0.001080 -2.566349 0.382014
v 0.128172 -2.627182 0.362911
v 0.205090 -2.618761 0.365515
v 0.262342 -2.624205 0.338971
v 0.356295 -2.609731 0.338846
v -1.185661 -2.279821 0.361051
v -1.363473 -2.175924 0.335371
v -0.926629 -2.361581 0.386298
v -1.013748 -2.284749 0.399606
v -1.016125 -2.370394 0.369187
v -0.497587 -2.570750 0.363223
v -0.417193 -2.590580 0.364681
v -0.206632 -2.551231 0.395297
v -0.265308 -2.619143 0.364078
v -0.082226 -2.627325 0.368748
v 0.029743 -2.625451 0.368443
v -0.011620 -2.638613 0.351380
v 0.099707 -2.638574 0.339281
v -1.117177 -2.337181 0.345127
v -0.865587 -2.442538 0.367992
v -1.001162 -2.401056 0.344266
v -0.871551 -2.461059 0.343403
v -0.643961 -2.524652 0.362137
v -0.717289 -2.521175 0.330668
v -0.327655 -2.620233 0.340579
v -0.220258 -2.632879 0.340183
v -0.086575 -2.640642 0.339759
v 0.173999 1.567315 0.351789
v 0.209714 1.564446 0.257230
v 0.096357 1.574045 0.328444
v 0.352061 1.543679 0.327499
v 0.409407 1.530910 0.232800
v 0.502348 1.509635 0.350416
v 0.536349 1.501934 0.220407
v 0.650241 1.470212 0.243439
v 0.903562 1.369157 0.336327
v 0.838325 1.400411 0.183311
v 1.023045 1.307319 0.288258
v 0.945493 1.349148 0.099949
v 1.062440 1.283993 0.346974
v -0.046116 1.575698 0.352448
v -0.191881 1.565608 0.352750
v -0.046678 1.575931 0.234404
v -0.172677 1.568195 0.270087
v 0.054643 1.575539 0.234132
v 1.125108 1.248417 0.275670
v 1.356712 1.080206 0.261796
v -0.287803 1.554877 0.352912
v -0.477138 1.519291 0.353110
v -0.326631 1.551292 0.246743
v 1.425225 1.019365 0.343721
v -0.593891 1.486739 0.353140
v -0.525541 1.508913 0.258711
v 1.600399 0.830847 0.341627
v 1.546592 0.896987 0.271512
v 1.591994 0.845678 0.211926
v -0.675422 1.465240 0.258732
v 1.680270 0.728693 0.340532
v -0.847169 1.400847 0.329463
v -0.759020 1.435554 0.258700
v 1.750479 0.632339 0.339512
v 1.799653 0.561111 0.256133
v -0.990173 1.328869 0.341028
v -0.990436 1.330052 0.222993
v 1.878792 0.419980 0.172071
v 1.871762 0.434983 0.337485
v -1.108784 1.260463 0.328948
v 1.923992 0.325741 0.336402
v 1.929043 0.316982 0.241875
v -1.190517 1.203535 0.340480
v -1.171898 1.218919 0.269735
v -1.263838 1.148312 0.340199
v 2.013143 0.098143 0.322394
v 1.993773 0.148655 0.169422
v -1.389382 1.044000 0.316024
v -1.428393 0.998104 0.351146
v 2.075484 -0.162707 0.296367
v 2.057941 -0.071378 0.167351
v -1.625810 0.804489 0.326390
v -1.500797 0.938565 0.303606
v -1.605106 0.797695 0.361691
v 2.105241 -0.332490 0.235798
v -1.686346 0.724457 0.337665
v 2.121573 -0.461383 0.234642
v -1.754176 0.634437 0.337069
v -1.685410 0.734106 0.231504
v -1.765051 0.625945 0.278001
v 2.123394 -0.524383 0.304921
v -1.814049 0.542003 0.324625
v 2.129098 -0.591936 0.150862
v 2.118520 -0.732947 0.267720
v 2.126871 -0.716713 0.137986
v -1.840537 0.501303 0.265321
v -1.904463 0.385948 0.181864
v 2.111569 -0.829575 0.243294
v -1.964557 0.255539 0.287140
v -1.950458 0.275482 0.334493
v 2.078069 -0.992992 0.333527
v -1.988019 0.188308 0.333840
v 2.100828 -0.936833 0.147959
v 2.072167 -1.040012 0.253386
v -2.010597 0.133818 0.298017
v 2.035279 -1.164984 0.311429
v -2.016919 0.098314 0.344946
v -2.050950 0.010213 0.320665
v 2.049393 -1.143389 0.146313
v -2.076083 -0.080966 0.331749
v 1.988947 -1.286521 0.310503
v -2.084905 -0.114486 0.225243
v 1.954862 -1.362416 0.309939
v 1.890980 -1.489883 0.190962
v -2.118247 -0.302909 0.341752
v -2.115022 -0.278070 0.200301
v 1.767736 -1.687127 0.307634
v 1.816261 -1.615135 0.225493
v -2.131096 -0.485224 0.245773
v 1.718700 -1.757394 0.189112
v -2.123564 -0.721617 0.290932
v -2.128503 -0.645444 0.244383
v -2.113127 -0.822798 0.337249
v 1.600684 -1.905956 0.199949
v 1.524579 -1.993463 0.211202
v 1.468138 -2.050127 0.234469
v -2.073421 -1.021569 0.229185
v -2.045726 -1.117097 0.251894
v 1.286316 -2.208747 0.221780
v 1.250253 -2.167895 0.329013
v -1.980612 -1.305902 0.332725
v -1.968371 -1.339359 0.237964
v 1.049886 -2.369878 0.209216
v 1.163183 -2.300433 0.209514
v -1.887660 -1.521628 0.330614
v 0.975168 -2.410662 0.209063
v -1.840721 -1.606556 0.223513
v -1.800398 -1.674804 0.211012
v 0.815307 -2.487849 0.315065
v -1.741625 -1.763066 0.198287
v 0.725610 -2.521545 0.208771
v 0.645979 -2.545699 0.173360
v -1.636998 -1.902815 0.220412
v -1.583090 -1.968432 0.278752
v 0.527218 -2.575615 0.208833
v -1.527759 -2.027716 0.230845
v -1.470806 -2.083665 0.289236
v 0.316386 -2.615091 0.161834
v 0.416653 -2.596975 0.138115
v -1.373089 -2.165344 0.229245
v -1.242158 -2.262274 0.334302
v -1.272130 -2.238724 0.169319
v -1.159921 -2.314509 0.274609
v -1.086767 -2.355077 0.144212
v -0.905147 -2.447631 0.213757
v -0.839589 -2.476251 0.272358
v -0.421002 -2.602068 0.329179
v -0.316275 -2.621172 0.210689
v -0.232676 -2.630793 0.210383
v -0.012996 -2.640762 0.221513
v -0.086994 -2.639954 0.221718
v -0.717976 -2.521539 0.224423
v -0.558850 -2.568026 0.318037
v 0.172946 1.567200 0.162915
v 0.280736 1.554590 0.233348
v 0.593125 1.487147 0.137496
v 0.683123 1.458953 0.113403
v 1.092986 1.267335 0.098850
v -0.156437 1.568480 0.140196
v -0.047889 1.574104 0.116346
v 1.196053 1.200428 0.168827
v 1.307042 1.119780 0.215052
v -0.262621 1.559075 0.187615
v 1.452227 0.992746 0.130936
v -0.473253 1.520185 0.117014
v 1.508998 0.936623 0.165713
v -0.580675 1.492640 0.164280
v 1.706125 0.697816 0.174931
v 1.591171 0.845393 0.082074
v -0.923291 1.364135 0.175889
v -1.054184 1.293969 0.175632
v 1.918909 0.333376 0.135803
v -1.207150 1.194289 0.090379
v -1.156987 1.228439 0.033685
v -1.266416 1.150228 0.198566
v 2.011033 0.094273 0.098077
v 2.046411 -0.027976 0.085119
v -1.388750 1.048835 0.150798
v -1.502251 0.940219 0.150163
v -1.619076 0.816032 0.161207
v 2.097782 -0.267164 0.094727
v -1.691903 0.728138 0.089814
v -1.744235 0.657437 0.160172
v -1.822849 0.534644 0.159321
v -1.865952 0.461000 0.111582
v 2.120274 -0.806738 0.137226
v 2.076078 -1.052698 0.135221
v -1.985159 0.201622 0.097855
v -2.040570 0.045357 0.155676
v 1.990717 -1.298074 0.133329
v -2.066786 -0.045389 0.154963
v 1.958547 -1.368792 0.109196
v -2.125604 -0.398212 0.163878
v 1.798671 -1.645895 0.119033
v 1.858652 -1.552851 0.048850
v -2.129159 -0.533126 0.150918
v 1.741893 -1.726651 0.071269
v 1.679724 -1.806354 0.106161
v -2.115361 -0.787358 0.148686
v -2.104659 -0.872289 0.206947
v -2.090544 -0.944560 0.159067
v -2.039157 -1.134883 0.145481
v 1.386445 -2.122763 0.151429
v -2.000219 -1.246429 0.109002
v 1.195616 -2.272507 0.079818
v 1.299462 -2.194102 0.115630
v -1.922960 -1.439268 0.107131
v -1.967105 -1.338837 0.119920
v -1.909896 -1.472324 0.213053
v 1.112287 -2.326286 0.055964
v -1.846110 -1.586754 0.046629
v -1.886343 -1.512120 0.035572
v 0.936119 -2.426118 0.102790
v 0.894219 -2.450788 0.197128
v 0.812968 -2.486990 0.185226
v -1.774432 -1.708688 0.092604
v -1.578192 -1.968932 0.148857
v 0.553896 -2.567879 0.114390
v 0.226011 -2.627849 0.185575
v -1.440626 -2.102294 0.088316
v 0.111533 -2.638097 0.209402
v -0.003185 -2.637493 0.068056
v 0.173787 -2.631703 0.114852
v -1.159612 -2.310299 0.085771
v -1.012590 -2.394417 0.131879
v -0.839871 -2.475328 0.166123
v -0.479409 -2.587820 0.140584
v -0.327838 -2.616172 0.069106
v -0.244492 -2.627400 0.116005
v -0.128094 -2.635569 0.103821
v -0.784995 -2.496146 0.083167
v -0.628174 -2.548944 0.117705
v 0.420626 1.529049 0.126513
v 0.350183 1.542964 0.020579
v 0.478064 1.516773 0.020012
v 0.637875 1.473675 0.042821
v 0.770372 1.424655 -0.064197
v -0.075162 1.569325 -0.072498
v 0.111086 1.570076 -0.002160
v 1.266127 1.149067 0.097367
v 1.154268 1.227153 0.039316
v 1.345006 1.086366 0.025787
v -0.314973 1.551235 0.116860
v -0.225109 1.561916 0.093103
v -0.328944 1.547782 0.022431
v -0.595249 1.487272 0.069837
v -0.513615 1.508693 0.010781
v -0.434181 1.527982 0.022540
v 1.517185 0.925744 0.023942
v -0.732990 1.442848 0.069820
v -0.790963 1.421842 0.128817
v 1.696896 0.709627 0.068816
v -0.873602 1.386444 0.069708
v 1.748452 0.636943 0.103465
v 1.819319 0.525973 0.090512
v -0.951185 1.349086 0.057788
v -1.052120 1.294055 0.081191
v 1.848053 0.468807 -0.087127
v 1.927564 0.305052 -0.088753
v 1.960949 0.233607 0.123025
v -1.445768 0.997146 0.091481
v -1.576095 0.865112 0.067080
v 2.082967 -0.187881 0.048233
v 2.118311 -0.397192 0.069940
v 2.130645 -0.561859 0.056681
v -1.830197 0.524914 -0.006008
v -1.751554 0.648286 0.042065
v 2.128380 -0.734211 0.031590
v -1.899125 0.397930 0.016688
v -1.940164 0.311115 0.110486
v 2.055204 -1.119640 0.040261
v -2.036068 0.057235 0.037720
v 2.003891 -1.264544 0.062756
v -2.108489 -0.254549 0.094245
v -2.080428 -0.114148 0.000946
v 1.918209 -1.447944 0.061400
v -2.118827 -0.337920 0.093553
v 1.819705 -1.614011 -0.057817
v -2.125912 -0.520946 0.044773
v -2.122715 -0.683103 0.078778
v -2.114500 -0.772131 0.054379
v 1.548491 -1.962854 0.081549
v -2.099329 -0.875447 -0.005578
v 1.474639 -2.038419 0.057484
v -2.073580 -1.007580 0.028625
v 1.382870 -2.120442 -0.002003
v -1.965375 -1.338462 0.001872
v -2.019574 -1.188576 0.026918
v 1.021324 -2.378050 0.020348
v 0.859161 -2.462442 0.079075
v -1.653895 -1.876055 0.114447
v -1.737551 -1.756597 -0.014150
v 0.788194 -2.490302 0.020000
v -1.626038 -1.903677 0.007890
v -1.487186 -2.058906 0.077008
v -1.553611 -1.988481 0.030575
v 0.339765 -2.609248 0.055581
v 0.474600 -2.580061 -0.109791
v -1.331883 -2.188256 0.028260
v 0.086668 -2.635836 0.056026
v 0.187895 -2.628167 0.020410
v -1.271904 -2.233990 0.051314
v -1.209421 -2.268713 -0.104259
v -1.076004 -2.358583 0.049716
v -0.948283 -2.424992 0.072411
v -0.839588 -2.471807 0.012693
v -0.571208 -2.562521 -0.000610
v -0.432890 -2.594668 -0.013060
v 0.196044 1.564167 0.032976
v 0.231141 1.559542 -0.073399
v 0.511938 1.508057 -0.074592
v 0.614336 1.479541 -0.075111
v 0.868316 1.383636 -0.076616
v 0.933887 1.353815 -0.029830
v 1.049907 1.290761 -0.077902
v -0.008038 1.572272 0.009983
v 0.048973 1.570536 -0.072818
v 1.234545 1.169706 -0.079441
v 1.353352 1.075389 -0.080571
v -0.291209 1.551330 -0.072077
v -0.175869 1.563879 -0.072277
v 1.422412 1.018183 0.001384
v 1.468857 0.971815 -0.081773
v -0.583732 1.486969 -0.071853
v -0.461841 1.520355 -0.071889
v 1.580552 0.853691 -0.083091
v -0.694211 1.450521 -0.071873
v 1.665694 0.748969 -0.084222
v 1.746337 0.633455 -0.085435
v -0.761648 1.432051 -0.024634
v 1.812845 0.530256 -0.086503
v -0.947783 1.349028 -0.072074
v -1.084256 1.272956 -0.072366
v 1.991749 0.138942 -0.090359
v -1.277347 1.142399 0.056873
v -1.191714 1.203076 -0.072683
v -1.343213 1.089530 -0.026041
v 2.050057 -0.052659 -0.093010
v -1.406509 1.035580 -0.074181
v 2.065377 -0.107541 -0.021855
v -1.539821 0.904296 -0.074335
v -1.465911 0.980027 -0.073878
v 2.086329 -0.212578 -0.094555
v 2.105197 -0.305979 0.011739
v -1.608359 0.826894 -0.077509
v -1.706795 0.708905 -0.016553
v 2.123134 -0.435100 -0.024837
v 2.109164 -0.355900 -0.094944
v 2.131178 -0.549007 -0.025842
v 2.125971 -0.497316 -0.096210
v -1.741469 0.658406 -0.075920
v 2.129200 -0.634457 -0.097404
v 2.121744 -0.768215 -0.101202
v 2.109671 -0.876269 -0.040415
v 2.124898 -0.794346 -0.051553
v 2.073955 -1.051110 0.017193
v -1.955298 0.275251 -0.078659
v 2.088674 -0.955822 -0.100070
v -2.014414 0.113213 -0.079900
v 2.050669 -1.104734 -0.101254
v 2.031242 -1.185978 -0.007466
v -2.068744 -0.067774 -0.069513
v -2.049201 0.000415 -0.080781
v 2.009310 -1.227839 -0.102207
v 1.967012 -1.338265 -0.103632
v 1.930931 -1.413518 -0.105857
v -2.108056 -0.290430 -0.083136
v 1.883063 -1.509933 -0.092501
v -2.122585 -0.410527 0.033912
v 1.782780 -1.663893 -0.105368
v -2.120301 -0.484559 -0.086710
v -2.122695 -0.571003 -0.073714
v 1.716662 -1.754452 -0.105973
v 1.654121 -1.834498 -0.012061
v -2.118546 -0.646002 -0.086178
v 1.594651 -1.901665 -0.106919
v -2.112393 -0.734544 -0.089717
v 1.554870 -1.951750 -0.012808
v 1.073732 -0.834098 -0.120476
v 0.979065 -0.977552 -0.120451
v 0.928611 -0.862662 -0.119903
v 1.142535 -0.930013 -0.121055
v 0.855838 -0.975883 -0.119893
v 0.736580 -0.765079 -0.118765
v 0.775776 -0.876423 -0.119254
v 0.639417 -0.759239 -0.118311
v 0.065199 -0.578456 -0.115219
v -0.090556 -0.640800 -0.114692
v -0.176037 -0.440629 -0.113747
v -0.513813 -0.334287 -0.111928
v -0.582415 -0.473571 -0.112010
v -0.719398 -0.319064 -0.110960
v -0.937491 -0.225650 -0.109717
v -0.797165 -0.133698 -0.110092
v 1.943608 -1.058462 -0.125023
v 1.828096 -1.071596 -0.124539
v 1.781810 -0.982772 -0.124082
v 1.997612 -1.162105 -0.124020
v 1.788477 -1.158128 -0.124603
v 1.582267 -1.105582 -0.123527
v 1.628552 -1.194408 -0.123983
v 1.662128 -0.969843 -0.123507
v 1.435274 -1.022176 -0.122631
v 1.417348 -0.843275 -0.122051
v 1.247412 -0.950656 -0.121585
v 1.241995 -0.849946 -0.121278
v 0.990123 -0.745898 -0.119854
v 0.862728 -0.718165 -0.119203
v 0.390043 -0.804484 -0.117315
v 0.532867 -0.861825 -0.118119
v 0.420075 -0.591179 -0.116852
v 0.584169 -0.580963 -0.117564
v 0.164658 -0.498390 -0.115444
v 0.272033 -0.668326 -0.116403
v 0.141093 -0.651853 -0.115767
v 0.257652 -0.478165 -0.115807
v 0.129008 -0.375786 -0.114941
v -0.099096 -0.353473 -0.113851
v -0.193339 -0.299052 -0.113274
v -0.323031 -0.357225 -0.112851
v -0.343676 -0.462105 -0.113052
v -0.452723 -0.415398 -0.112431
v -0.654340 -0.191039 -0.110896
v -0.905386 -0.359513 -0.110236
v -0.916846 -0.120770 -0.109516
v -1.039449 -0.156424 -0.109064
v -1.056550 -0.250045 -0.109249
v -1.205382 -0.211788 -0.108472
v -1.113046 0.002878 -0.108288
v -1.306749 -0.022767 -0.107487
v -1.424557 -0.121808 -0.107233
v -1.433943 -0.230234 -0.107494
v -1.524842 0.070648 -0.106243
v -1.599910 -0.128479 -0.106462
v -1.614915 0.099006 -0.105758
v -1.712501 -0.093031 -0.105855
v -1.711454 0.067521 -0.105411
v -1.799655 -0.016091 -0.105248
v -1.892225 0.161560 -0.104334
v 1.656711 -0.869133 -0.123201
v 1.768054 -0.829934 -0.123593
v 1.613970 -0.769048 -0.122729
v 1.086662 -0.714413 -0.120201
v 1.186746 -0.671670 -0.120533
v 1.495111 -2.011615 -0.107604
v 1.029117 -0.622043 -0.119684
v 0.729914 -0.589722 -0.118246
v 0.879203 -0.587220 -0.118911
v 0.552063 -0.447100 -0.117045
v -2.066527 -1.021254 -0.089727
v -0.403718 -0.220442 -0.112107
v -0.497336 -0.203343 -0.111637
v -0.518807 -0.035701 -0.111073
v -0.708964 -0.050087 -0.110256
v -0.836361 -0.022354 -0.109604
v -1.362621 0.192833 -0.106632
v -1.404536 0.020395 -0.106925
v -1.800480 0.256432 -0.104482
v 2.053706 -0.944627 -0.123949
v 1.906085 -0.823888 -0.124197
v 1.483029 -0.752574 -0.122093
v 1.375654 -0.582637 -0.121134
v 0.949055 -0.522583 -0.119045
v 0.840008 -0.475876 -0.118423
v 0.419874 -0.355980 -0.116195
v 0.329175 -0.290299 -0.115603
v 0.252658 -0.179579 -0.114949
v 0.040607 -0.224199 -0.114119
v -0.087414 -0.159143 -0.113360
v -0.203551 -0.134954 -0.112770
v -0.383073 -0.115561 -0.111907
v -2.018996 -1.184718 -0.091251
v -0.841778 0.078356 -0.109298
v -0.976888 0.120893 -0.108571
v -1.174135 0.083989 -0.107786
v -1.224590 0.198878 -0.107237
v -1.428505 0.337330 -0.105932
v -1.686217 0.344213 -0.104752
v 1.874603 -0.727347 -0.123786
v 2.079839 -0.783036 -0.122163
v 1.690912 -0.681891 -0.122832
v 1.776192 -0.646863 -0.123118
v 1.465729 -0.610996 -0.121619
v 1.250555 -0.468998 -0.120253
v 1.204269 -0.380173 -0.119795
v 0.643184 -0.314905 -0.117087
v 0.556655 -0.275288 -0.116586
v 1.251864 -2.227789 0.009224
v 1.358776 -2.136778 -0.108321
v 0.049992 -0.115774 -0.113858
v -0.133699 -0.070317 -0.112904
v -0.202502 0.025598 -0.112325
v -0.344703 0.045617 -0.111629
v -0.535484 0.068554 -0.110706
v -0.689568 0.129440 -0.109841
v -0.869715 0.186156 -0.108871
v -1.045692 0.216808 -0.107993
v -1.328420 0.380074 -0.106263
v -1.843868 0.455704 -0.101006
v 1.976984 -0.598698 -0.123886
v 1.647547 -0.544483 -0.122252
v 1.566860 -0.407699 -0.121504
v 1.388586 -0.462953 -0.120858
v 0.998684 -0.364950 -0.118827
v 0.841056 -0.315324 -0.117978
v 0.779342 -0.196890 -0.117369
v 0.371715 -0.155184 -0.115417
v 0.524550 -0.141424 -0.116066
v 1.240774 -2.229822 -0.108810
v -0.011721 0.002661 -0.113247
v -0.424765 0.145076 -0.110989
v -1.921643 -1.425717 -0.096894
v -1.207490 0.292499 -0.107052
v -1.048189 0.366102 -0.107563
v -1.390134 0.498508 -0.105653
v -1.497308 0.433245 -0.105353
v -1.594471 0.439085 -0.104899
v -1.700598 0.534375 -0.104153
v 1.826445 -0.526552 -0.123006
v 1.743461 -0.475676 -0.122491
v 1.363570 -0.306571 -0.120307
v 1.083340 -0.292598 -0.119005
v 0.963033 -0.242347 -0.118323
v 0.685099 -0.142468 -0.116791
v 0.372763 0.005368 -0.114972
v 0.239525 -0.064064 -0.114565
v 0.129855 0.019965 -0.113837
v 1.069133 -2.342575 -0.111061
v -0.164757 0.224100 -0.111939
v -0.257751 0.203875 -0.111576
v -0.627430 0.208882 -0.109898
v -0.452702 0.252876 -0.110561
v -0.740647 0.281653 -0.109184
v -1.207066 0.490375 -0.106500
v -1.627825 0.647594 -0.104162
v 2.085209 -0.372897 -0.122073
v 1.932369 -0.386643 -0.123091
v 1.805599 -0.396233 -0.122548
v 1.467199 -0.252567 -0.120622
v 1.291221 -0.221915 -0.119744
v 1.186968 -0.238595 -0.119321
v 1.024546 -0.125581 -0.118274
v 0.863997 -0.124538 -0.117548
v 0.627554 -0.050098 -0.116274
v 0.724717 -0.055936 -0.116729
v 0.529767 -0.006935 -0.115713
v 0.289780 0.056245 -0.114456
v 0.879039 -2.443616 -0.109692
v 0.970624 -2.398199 -0.109544
v -0.059879 0.203456 -0.112469
v -0.605114 0.436992 -0.109360
v -0.697483 0.379444 -0.109105
v -0.893683 0.503091 -0.107876
v -1.798664 -1.665868 0.010404
v -1.865736 -1.542346 -0.094592
v -1.813847 -1.633663 -0.095519
v -1.027544 0.470981 -0.107363
v -1.282961 0.563771 -0.105952
v -1.530662 0.641756 -0.104618
v 1.732626 -0.274255 -0.121878
v 1.572077 -0.273211 -0.121153
v 1.226587 -0.152064 -0.119258
v 1.319581 -0.131839 -0.119620
v 0.839606 -0.005478 -0.117105
v 0.959287 -0.018407 -0.117681
v 0.655914 0.039979 -0.116150
v 0.797037 -2.479675 -0.109784
v 0.732322 -2.509325 -0.050844
v 0.475768 0.096695 -0.115180
v 0.273102 0.160501 -0.114089
v 0.163431 0.244530 -0.113360
v -0.118048 0.333149 -0.111845
v -0.244820 0.323559 -0.111300
v -0.395358 0.395705 -0.110420
v -1.763815 -1.710539 -0.098874
v -0.710615 0.494958 -0.108724
v -1.107607 0.570441 -0.106723
v -1.356557 0.723073 -0.105176
v 1.865862 -0.204822 -0.122284
v 1.625875 -0.141642 -0.121027
v 1.774540 -0.101817 -0.121584
v 1.460533 -0.077211 -0.120102
v 1.213454 -0.036549 -0.118876
v 1.029139 0.046230 -0.117814
v 0.945531 0.134431 -0.117191
v 0.856706 0.088143 -0.116920
v 0.749956 0.220755 -0.116068
v 0.595872 0.281642 -0.115205
v 0.361303 0.244112 -0.114253
v 0.491619 0.264962 -0.114781
v 0.063771 0.399663 -0.112477
v -0.034642 0.480148 -0.111810
v -0.318417 0.482861 -0.110524
v -0.210619 0.510800 -0.110931
v -1.695557 -1.808225 -0.097342
v -0.535262 0.501629 -0.109495
v -0.694764 0.663225 -0.108325
v -0.911608 0.681992 -0.107295
v -1.248136 0.713689 -0.105690
v -1.076327 0.709100 -0.106477
v -1.134496 0.838794 -0.105852
v -1.558599 0.749556 -0.104186
v 1.982624 -0.266333 -0.122977
v 1.984295 -0.143104 -0.122635
v 0.616089 -2.546823 -0.062663
v 1.301655 0.047062 -0.119039
v 1.412998 0.086261 -0.119431
v 1.106079 0.133387 -0.117916
v 1.026641 0.195524 -0.117385
v 0.861299 0.259954 -0.116461
v 0.389662 0.334188 -0.114129
v 0.317314 0.418843 -0.113565
v -1.496853 -2.043232 -0.017267
v -1.559018 -1.973036 -0.099128
v 0.168648 0.379019 -0.113008
v 0.316932 -2.610174 -0.050608
v -1.340081 0.854017 -0.104881
v -1.519604 0.873409 -0.103933
v 1.882339 -0.073878 -0.121991
v 1.600235 0.052064 -0.120369
v 1.798106 0.051646 -0.121261
v 1.237021 0.116914 -0.118553
v -1.428118 -2.100873 -0.100581
v -1.269890 -2.224914 -0.105204
v 1.156958 0.216374 -0.117914
v 0.785406 0.333351 -0.115914
v 0.239819 -2.618252 -0.109495
v 0.087017 -2.631903 -0.109206
v 0.551883 0.456373 -0.114517
v 0.465354 0.495990 -0.114017
v 0.230785 0.458461 -0.113066
v 0.190965 0.607129 -0.112470
v -0.141393 0.612761 -0.110958
v -0.320915 0.632154 -0.110096
v -0.595928 0.780616 -0.108441
v -1.043452 -2.370470 -0.104874
v -0.925419 -2.427955 -0.104745
v -0.783874 -2.489299 -0.109161
v -0.729264 -2.513244 -0.058786
v -0.478201 -2.579745 -0.107248
v -0.256134 -2.623053 -0.001973
v -0.373790 -2.601871 -0.107718
v -0.159555 -2.629942 -0.049508
v -0.061932 -2.633317 -0.108822
v -0.752308 0.755596 -0.107806
v -0.917651 0.820026 -0.106881
v -1.011893 0.874448 -0.106304
v -1.195585 0.919905 -0.105350
v -1.087788 0.947844 -0.105757
v -1.356759 0.958272 -0.104507
v 1.733472 0.121497 -0.120775
v 1.450744 0.284763 -0.119045
v 1.336480 0.196981 -0.118776
v 1.553949 0.140890 -0.119913
v 1.034154 0.415919 -0.116802
v 0.942410 0.321047 -0.116654
v 0.663226 0.495572 -0.114908
v 0.779987 0.434061 -0.115607
v 0.350265 0.680731 -0.112981
v 0.133420 0.699499 -0.111952
v -0.057985 0.759760 -0.110921
v -0.222703 0.786867 -0.110104
v -0.305687 0.837745 -0.109588
v -0.476246 0.767687 -0.109016
v -0.568193 0.908014 -0.108209
v -0.766065 0.908434 -0.107317
v -0.871566 0.966400 -0.106679
v -1.033988 1.079414 -0.105630
v 1.837101 0.175500 -0.121086
v 1.995359 0.088532 -0.120008
v 1.956163 0.199880 -0.119733
v 1.604203 0.261200 -0.119802
v 1.357126 0.301860 -0.118576
v 1.135487 0.384016 -0.117348
v 0.936367 0.459081 -0.116241
v 0.717649 0.589819 -0.114891
v 0.523322 0.601497 -0.113983
v 0.101939 0.796040 -0.111539
v -0.418279 0.873193 -0.108982
v -0.596754 1.053138 -0.107674
v -0.801715 1.031037 -0.106812
v -1.149501 1.066278 -0.105144
v -1.365716 1.047707 -0.102454
v 1.744530 0.353152 -0.120173
v 1.601705 0.410493 -0.119372
v 1.399665 0.436975 -0.118389
v 1.167392 0.485351 -0.117208
v 0.964726 0.549157 -0.116117
v 0.854431 0.670510 -0.115281
v 0.639882 0.775185 -0.114022
v 0.745384 0.717217 -0.114660
v 0.370287 0.822935 -0.112674
v -0.119700 0.878194 -0.110312
v -0.018991 0.883614 -0.110751
v -0.244798 0.991833 -0.109431
v -0.439126 1.003511 -0.108523
v -0.892413 1.096719 -0.106219
v -1.083818 1.156980 -0.105179
v 1.774565 0.566446 -0.118600
v 1.518098 0.498693 -0.118750
v 1.237243 0.549989 -0.117342
v 0.993086 0.639233 -0.115994
v 0.489344 0.847330 -0.113143
v 0.170542 0.935324 -0.111460
v -0.046927 0.991415 -0.110324
v -0.052346 1.092125 -0.110018
v -0.217064 1.119232 -0.109200
v -0.456427 1.145090 -0.108049
v -0.293582 1.229951 -0.108546
v -0.725398 1.155517 -0.106808
v -0.883027 1.205144 -0.105957
v 1.602129 0.608368 -0.118818
v 1.455760 0.654450 -0.118033
v 1.305846 0.689273 -0.117261
v 1.201592 0.672592 -0.116838
v 1.001848 0.784981 -0.115625
v 0.905308 0.753497 -0.115278
v 0.784379 0.841072 -0.114489
v 0.608401 0.871725 -0.113611
v 0.472666 0.951585 -0.112775
v 0.267081 0.966807 -0.111807
v 0.389059 1.039785 -0.112152
v 0.048363 1.097545 -0.110456
v -0.547125 1.210770 -0.107456
v -0.663886 1.272282 -0.106757
v 1.184291 0.814171 -0.116365
v 0.868409 0.950747 -0.114560
v 0.602359 1.009758 -0.113197
v 0.170965 1.133199 -0.110909
v -0.121773 1.225363 -0.109333
v -0.458300 1.257059 -0.107727
v -0.318597 1.386334 -0.107994
v -0.563802 1.315025 -0.107088
v -0.670544 1.447613 -0.103177
v -0.781888 1.408415 -0.102918
v 1.449093 0.829807 -0.117510
v 1.303972 0.801242 -0.116939
v 1.102979 0.988277 -0.115512
v 0.489767 1.045205 -0.112591
v 0.544190 1.139452 -0.112572
v 0.428677 1.126316 -0.112088
v 0.257493 1.093582 -0.111409
v 0.289398 1.194917 -0.111269
v 0.183897 1.252884 -0.110632
v 0.002078 1.186370 -0.110000
v -0.148038 1.456392 -0.108567
v -0.454955 1.503515 -0.106732
v -0.574007 1.479103 -0.104369
v 1.331083 0.965964 -0.116600
v 1.211401 0.978893 -0.116025
v 1.059614 1.125685 -0.114932
v 0.836304 1.084611 -0.114041
v 0.408456 1.219312 -0.111737
v 0.343821 1.289163 -0.111251
v -0.065054 1.405514 -0.109083
v 1.340471 1.074387 -0.115980
v 0.939308 1.175938 -0.114250
v 0.819003 1.226189 -0.113566
v 0.572550 1.229527 -0.112448
v 0.244785 1.406972 -0.110475
v 0.128648 1.431161 -0.109884
v 1.056185 1.275264 -0.113465
v 0.940358 1.336484 -0.113234
v 0.700110 1.438135 -0.111110
v 0.532105 1.415519 -0.111744
v 0.497203 1.501169 -0.110024
v 0.325966 1.546276 -0.073766
v 0.419468 1.528804 -0.074166
v 0.273659 1.537970 -0.109111
v 0.876349 1.369008 -0.112258
v -0.429643 -2.464632 -0.118267
v -0.461547 -2.565971 -0.118106
v -0.552870 -2.462964 -0.117706
v -0.645237 -2.520522 -0.116268
v -0.640022 -2.386022 -0.117101
v -0.528679 -2.346823 -0.117494
v -0.702160 -2.465464 -0.117024
v -0.821840 -2.452540 -0.116027
v -0.745525 -2.328056 -0.116463
v -0.961120 -2.383937 -0.115358
v -0.018472 -2.495078 -0.120206
v -0.119805 -2.463175 -0.119660
v 0.019899 -2.333900 -0.119927
v -0.192777 -2.341197 -0.118989
v -0.276185 -2.488195 -0.119024
v -0.229269 -2.614360 -0.117743
v -0.106048 -2.616015 -0.119970
v -0.324343 -2.287400 -0.118247
v -0.597483 -2.250908 -0.116915
v -0.403781 -2.225263 -0.117715
v -0.688181 -2.185227 -0.116322
v -0.874169 -2.225677 -0.115598
v -1.005109 -2.209203 -0.114961
v -1.011776 -2.033846 -0.114441
v -1.168579 -2.256743 -0.114335
v 0.251547 -2.344953 -0.121001
v 0.235696 -2.513221 -0.121401
v 0.132490 -2.369348 -0.120533
v -0.067255 -2.256959 -0.119319
v 0.081739 1.557305 -0.108894
v 1.132650 1.239122 -0.078569
v 1.179017 1.199468 -0.114447
v 1.269287 1.123431 -0.115345
v -0.290142 -2.100158 -0.117877
v -0.738636 -2.070338 -0.115773
v -0.871450 -1.941894 -0.114816
v -1.113734 -1.964620 -0.113789
v -1.232791 -1.989015 -0.113321
v -1.178368 -1.894769 -0.113302
v -1.349975 -2.125380 -0.113172
v -1.312229 -1.926878 -0.112790
v 0.379567 -2.410009 -0.121760
v 0.502170 -2.374355 -0.122212
v 0.473810 -2.464432 -0.122336
v 0.444625 -2.281985 -0.121695
v 0.397495 -2.588916 -0.121789
v 0.097665 -2.519266 -0.120795
v -0.166291 -2.139150 -0.118544
v -0.462574 -2.058246 -0.116983
v -0.272513 1.532707 -0.107794
v -0.179518 1.552928 -0.107670
v -0.676498 -1.990896 -0.115831
v -1.043882 -1.899983 -0.113923
v -1.307637 -1.755066 -0.112329
v -1.425446 -1.854108 -0.112075
v -1.467358 -2.026550 -0.111755
v -1.531994 -1.956697 -0.111437
v -1.501339 -1.780712 -0.111528
v 0.249674 -2.232984 -0.120679
v 0.132913 -2.171473 -0.119981
v 0.024491 -2.162089 -0.119467
v -0.235719 -2.005912 -0.117858
v -0.322247 -1.966295 -0.117357
v -0.580584 -1.922089 -0.116070
v -0.760731 -1.865372 -0.115100
v -0.373214 1.527265 -0.104767
v -0.807641 -1.739224 -0.114535
v -1.042835 -1.739430 -0.113477
v -1.169606 -1.749020 -0.112933
v -1.420853 -1.682296 -0.111615
v -1.529275 -1.672912 -0.111101
v -1.650003 -1.820541 -0.110283
v -1.623518 -1.618490 -0.110524
v -1.760923 -1.661863 -0.109430
v 0.794909 -2.466522 -0.123353
v 0.698793 -2.300128 -0.122889
v 0.819098 -2.350379 -0.123571
v 0.588698 -2.413973 -0.122712
v 0.644168 -2.159174 -0.122249
v 0.524487 -2.146246 -0.121674
v 0.404180 -2.095994 -0.120991
v 0.288669 -2.109129 -0.120508
v 0.187336 -2.077226 -0.119963
v 1.503523 0.924031 -0.114882
v 1.621530 0.787880 -0.116702
v -0.006991 -2.065548 -0.119055
v -0.035551 -1.920425 -0.118519
v -0.139180 -1.974428 -0.118205
v -0.403559 -1.792188 -0.116504
v -0.568277 -1.765081 -0.115686
v -0.954634 -1.655818 -0.113640
v -1.242579 -1.627042 -0.112263
v -1.347457 -1.606398 -0.111733
v -1.490905 -1.511734 -0.110821
v -1.721930 -1.538004 -0.109855
v -1.675846 -1.391631 -0.109652
v 0.842040 -2.159593 -0.123142
v 0.344764 -1.891653 -0.120152
v 0.215696 -1.987150 -0.119838
v 0.065156 -1.915005 -0.118958
v -0.141053 -1.862459 -0.117882
v -0.235296 -1.808036 -0.117306
v 1.682621 0.706765 -0.116624
v -0.803048 -1.567412 -0.114076
v -1.051374 -1.452103 -0.112634
v -1.364758 -1.464821 -0.111259
v -1.500493 -1.384960 -0.110424
v -1.884352 -1.424992 -0.108622
v -1.833894 -1.539891 -0.108056
v 0.943171 -1.956297 -0.123028
v 0.925023 -2.210470 -0.123656
v -0.847490 1.396052 -0.071935
v 0.771363 -1.951708 -0.122243
v 0.614983 -1.976727 -0.121606
v 0.496551 -2.038445 -0.121246
v 0.453810 -1.938360 -0.120773
v -0.035129 -1.722549 -0.117969
v -0.003647 -1.819090 -0.118380
v -0.289295 -1.704406 -0.116772
v -0.457559 -1.688559 -0.115971
v -0.615811 -1.601608 -0.115014
v -0.908550 -1.509445 -0.113438
v -1.158125 -1.319490 -0.111784
v -1.703782 -1.283831 -0.109225
v -1.841188 -1.327200 -0.108725
v -0.866273 1.373050 -0.095692
v -0.970799 1.319389 -0.103106
v 0.204860 -1.785730 -0.119226
v -0.347464 -1.574713 -0.116149
v -0.550754 -1.473584 -0.114951
v -0.695874 -1.502150 -0.114377
v -0.819725 -1.463157 -0.113709
v -0.906878 -1.386216 -0.113103
v -1.015925 -1.339509 -0.112481
v -1.311584 -1.295927 -0.111027
v -1.365584 -1.192298 -0.110494
v -1.607243 -1.252347 -0.109574
v -1.799273 -1.154763 -0.108435
v -1.946059 -1.306579 -0.105588
v 1.839826 0.459263 -0.118122
v -1.989427 -1.169156 -0.106652
v 1.055763 -1.991745 -0.123635
v 0.665237 -1.856419 -0.121498
v 0.552021 -1.783647 -0.120785
v 0.402107 -1.748825 -0.120012
v -1.048367 1.269567 -0.104163
v 0.026385 -1.605784 -0.117920
v -0.150841 -1.500485 -0.116827
v 0.116458 -1.634142 -0.118405
v -0.378946 -1.478173 -0.115737
v -0.780731 -1.339302 -0.113539
v -1.043861 -1.231708 -0.112053
v -1.220463 -1.163733 -0.111068
v -1.612661 -1.151637 -0.109267
v -1.480048 -1.044881 -0.109565
v -1.804692 -1.054052 -0.108129
v 1.312431 -2.159188 -0.124300
v 1.208598 -1.977984 -0.124284
v 1.376237 -1.956509 -0.124975
v 1.162313 -1.889158 -0.123828
v 1.207550 -2.138536 -0.124723
v 1.049721 -1.853710 -0.123222
v 1.913421 0.299970 -0.119950
v 0.779501 -1.768636 -0.121767
v 0.459450 -1.605996 -0.119870
v 0.357494 -1.536770 -0.119216
v 0.208828 -1.576594 -0.118660
v -1.218301 1.162181 -0.103146
v -1.137185 1.223261 -0.101920
v -0.274692 -1.461493 -0.116160
v -0.454839 -1.404776 -0.115190
v -0.668764 -1.337426 -0.114038
v -0.950242 -1.248807 -0.112523
v -0.802202 -1.171660 -0.112972
v -1.568449 -0.893293 -0.108743
v -1.681041 -0.857845 -0.108136
v -1.862860 -0.924359 -0.107503
v -1.935008 -1.074902 -0.107594
v -2.041130 -0.979627 -0.105197
v 1.440670 -1.791161 -0.124805
v 1.270735 -1.898542 -0.124342
v 1.298470 -1.771143 -0.124110
v 1.078080 -1.763635 -0.123096
v 0.976748 -1.731732 -0.122551
v 0.627713 -1.621844 -0.120672
v 0.125844 -1.525718 -0.118144
v 0.010756 -1.340977 -0.117107
v -0.137910 -1.380801 -0.116549
v -0.195455 -1.288431 -0.116031
v -0.351210 -1.350773 -0.115505
v -0.486945 -1.270913 -0.114670
v -1.275839 1.142936 -0.072978
v -0.926677 -1.095344 -0.112198
v -1.106823 -1.038628 -0.111228
v -1.285721 -1.056558 -0.110473
v -1.396017 -0.935205 -0.109636
v -1.793634 -0.822398 -0.107530
v -2.057810 -0.875363 -0.105774
v -1.932288 -0.791121 -0.106816
v 1.534289 -1.808260 -0.125268
v 1.226122 -1.686487 -0.123547
v 1.106440 -1.673559 -0.122972
v 0.708200 -1.523428 -0.120759
v 0.513873 -1.511750 -0.119851
v 0.318298 -1.425426 -0.118729
v 0.149410 -1.372254 -0.117819
v -0.102461 -1.268205 -0.116395
v -0.298036 -1.181881 -0.115272
v -0.394575 -1.213366 -0.114925
v -0.503622 -1.166659 -0.114303
v -0.599536 -1.235466 -0.114064
v -0.627473 -1.127666 -0.113636
v -0.740065 -1.092219 -0.113030
v -0.867037 -0.866609 -0.111826
v -0.988391 -0.976910 -0.111589
v -1.240886 -0.835538 -0.110055
v -1.447096 -0.782993 -0.108980
v -1.652682 -0.767769 -0.108012
v -1.851177 -0.730027 -0.107011
v 1.461316 -1.686280 -0.124605
v 1.314322 -1.602876 -0.123710
v 1.264492 -1.525309 -0.123269
v 1.030546 -1.600163 -0.122426
v 0.827257 -1.499034 -0.121226
v 0.935055 -1.471094 -0.121634
v 0.530349 -1.380806 -0.119559
v 0.388149 -1.360788 -0.118863
v 0.260129 -1.295732 -0.118104
v 0.173600 -1.256114 -0.117602
v 0.077061 -1.287599 -0.117257
v -0.002377 -1.225462 -0.116725
v -0.258418 -1.095350 -0.115208
v -0.419591 -1.056983 -0.114374
v -0.509664 -1.028625 -0.113890
v -1.016327 -0.869111 -0.111161
v -1.349933 -0.788831 -0.109435
v -1.758184 -0.709803 -0.107375
v -1.450369 0.975346 -0.101260
v -1.965018 -0.619934 -0.106188
v 1.602267 -1.631652 -0.125084
v 1.099149 -1.460878 -0.122344
v 0.929637 -1.370384 -0.121329
v 0.648782 -1.319088 -0.119920
v 0.496995 -1.172296 -0.118826
v 0.164013 -1.129341 -0.117206
v 0.014724 -1.131841 -0.116540
v -0.196280 -1.015909 -0.115266
v -0.323676 -0.988176 -0.114614
v -0.679801 -0.900807 -0.112766
v -0.951894 -0.703763 -0.110990
v 2.031013 -0.034085 -0.118901
v 2.059569 -0.179190 -0.121557
v -1.108273 -0.728783 -0.110356
v -1.198347 -0.700425 -0.109871
v -1.378494 -0.643709 -0.108901
v -1.561561 -0.635575 -0.108052
v -1.848459 -0.446246 -0.106229
v -1.605030 0.813635 -0.098553
v 1.412533 -1.448162 -0.123721
v 1.304111 -1.438778 -0.123207
v 1.179635 -1.362463 -0.122433
v 1.062250 -1.263628 -0.121627
v 0.786189 -1.275719 -0.120418
v 0.576433 -1.234432 -0.119357
v 0.310383 -1.175423 -0.117994
v 0.259928 -1.060533 -0.117446
v -0.065964 -0.995058 -0.115795
v -0.486098 -0.875162 -0.113567
v -0.797810 -0.764649 -0.111854
v -1.575317 -0.482737 -0.107564
v 2.084016 -0.298430 -0.101046
v -1.680196 -0.462094 -0.107033
v -1.984193 -0.366386 -0.105389
v -2.000044 -0.534653 -0.105786
v 1.579548 -1.389363 -0.124308
v 1.353740 -1.281145 -0.122989
v 0.997615 -1.193777 -0.121141
v 0.787236 -1.115167 -0.119973
v 0.693618 -1.098068 -0.119504
v 0.604793 -1.144357 -0.119233
v 0.473228 -1.090560 -0.118491
v 0.091040 -1.007361 -0.116537
v -0.026970 -0.871203 -0.115624
v 0.179241 -0.923750 -0.116700
v -0.217751 -0.848267 -0.114701
v -0.134768 -0.899143 -0.115216
v -0.345147 -0.820533 -0.114049
v -0.432300 -0.743592 -0.113442
v -0.566161 -0.775702 -0.112928
v -0.668118 -0.706476 -0.112276
v -0.882042 -0.639126 -0.111124
v -1.108474 -0.493584 -0.109696
v -1.256516 -0.570731 -0.109246
v -1.797580 -0.363260 -0.106228
v -1.653084 -0.297371 -0.106695
v -1.903083 -0.305293 -0.105589
v -2.067799 -0.278190 -0.104260
v -2.070096 -0.364094 -0.104734
v 1.842679 -1.496960 -0.125467
v 1.719451 -1.495288 -0.125230
v 1.764287 -1.274268 -0.124817
v 1.622711 -1.291573 -0.124229
v 1.451527 -1.324308 -0.123550
v 1.184227 -1.190650 -0.121973
v 1.082271 -1.121425 -0.121320
v 0.966134 -1.097236 -0.120729
v 0.624814 -1.002153 -0.118927
v 0.501587 -1.000484 -0.118367
v 0.429239 -0.915829 -0.117804
v 0.291833 -0.959198 -0.117306
v -0.088683 -0.752770 -0.115015
v -0.200650 -0.754645 -0.114516
v -0.389136 -0.645802 -0.113362
v -0.489844 -0.651222 -0.112924
v -0.748181 -0.607016 -0.111637
v -1.007142 -0.525487 -0.110243
v -1.217522 -0.446877 -0.109076
v -1.310515 -0.467101 -0.108713
v -1.434991 -0.390786 -0.107939
v -1.278611 -0.365766 -0.108573
v -1.945823 -0.205207 -0.105114
v -2.048393 -0.098695 -0.100229
v 1.453199 -1.201079 -0.123213
v 1.336438 -1.139567 -0.122514
v 1.249286 -1.062627 -0.121907
v 2.099644 -0.563233 -0.102341
v 0.288711 -0.772582 -0.116769
v 0.187378 -0.740678 -0.116224
v 0.004311 -0.732545 -0.115376
v -1.662848 0.732863 -0.102390
v -0.194810 -0.657480 -0.114269
v -0.651642 -0.575532 -0.111984
v -0.683123 -0.478992 -0.111571
v -0.873905 -0.456053 -0.110648
v -1.064686 -0.433116 -0.109725
v -1.148919 -0.307593 -0.108994
v -1.777560 -0.221056 -0.105920
v 1.957989 -1.248624 -0.125463
v 1.911281 -1.357675 -0.125476
v -1.823752 0.535812 -0.076841
v -1.768722 0.592790 -0.083244
v -1.724983 0.653418 -0.101889
v -1.513382 -0.168096 -0.106963
v -1.816756 -0.109712 -0.105433
v -1.925177 -0.100328 -0.104917
v -1.845039 0.468311 -0.083371
v -1.797752 0.540184 -0.100466
v 2.087958 -0.757555 -0.103999
v 2.092501 -0.585582 -0.122122
v -1.917808 0.355081 -0.082159
v 2.108182 -0.850555 -0.103779
v -1.934964 0.261642 -0.103450
v 2.065016 -0.948338 -0.104799
v 2.033108 -1.049661 -0.106331
v -1.963897 0.208722 -0.084067
v 2.019553 -1.132024 -0.106264
v -1.989162 0.093072 -0.103750
v 1.940937 -1.342398 -0.107871
v -2.077955 -0.114272 -0.083013
v -2.027133 -0.031109 -0.103373
v -2.076094 -0.226203 -0.087749
v 1.847515 -1.560486 -0.109504
v -2.090731 -0.469005 -0.101365
v 1.781167 -1.613728 -0.125141
v 1.730289 -1.696714 -0.125119
v -2.080529 -0.633074 -0.105115
v 1.617280 -1.859162 -0.122869
v -2.078653 -0.745054 -0.104350
v -2.081543 -0.793734 -0.093113
v 1.430247 -2.060170 -0.121814
v -2.086750 -0.928256 -0.089659
v 1.246128 -2.212580 -0.122573
v 1.134155 -2.214433 -0.124604
v -1.972095 -1.310835 -0.095465
v 1.013429 -2.362068 -0.123244
v 0.912092 -2.330154 -0.123933
v 0.894997 -2.423789 -0.122547
v 0.598289 -2.540760 -0.121490
v 0.690997 -2.521655 -0.109864
v -1.642609 -1.875882 -0.098068
v 0.293246 -2.605610 -0.119660
v 0.177730 -2.618733 -0.120668
v 0.077023 -2.624158 -0.119553
v -1.350551 -2.166921 -0.089553
v -1.066622 -2.325971 -0.114712
v -0.604676 -2.549088 -0.106647
v -0.267662 -2.618544 -0.108145
v -0.004165 1.559600 -0.108530
v 1.536870 0.715543 -0.118223
v -0.874265 1.350890 -0.105339
v 1.989513 -0.008616 -0.122241
s 1
f 11 6 5
f 9 10 6
f 6 1 3
f 6 8 1
f 6 3 7
f 5 6 7
f 3 2 4
f 1 2 3
f 12 13 9
f 5 7 14
f 15 5 14
f 16 11 5
f 17 12 11
f 12 9 11
f 11 9 6
f 18 19 14
f 15 20 21
f 14 19 15
f 20 15 19
f 5 15 16
f 21 16 15
f 22 23 24
f 24 23 21
f 23 22 17
f 16 21 23
f 23 11 16
f 11 23 17
f 17 25 12
f 12 25 26
f 17 22 25
f 22 27 25
f 28 29 30
f 19 31 20
f 29 20 31
f 29 32 20
f 24 21 33
f 34 35 36
f 34 37 35
f 38 39 40
f 41 38 40
f 42 38 43
f 43 36 42
f 34 36 43
f 43 38 44
f 45 37 34
f 46 45 34
f 46 34 43
f 47 45 48
f 45 47 37
f 49 47 48
f 50 49 48
f 50 48 45
f 50 45 46
f 50 51 49
f 52 53 54
f 40 53 41
f 41 53 52
f 55 38 41
f 56 55 41
f 44 38 55
f 57 44 56
f 56 44 55
f 43 44 46
f 46 44 58
f 1 58 57
f 58 44 57
f 59 46 58
f 59 50 46
f 60 59 58
f 61 50 60
f 50 59 60
f 62 51 50
f 63 62 61
f 61 62 50
f 64 65 62
f 51 62 65
f 66 65 64
f 67 68 69
f 54 68 67
f 54 53 68
f 54 70 71
f 70 54 67
f 54 71 52
f 72 52 71
f 52 56 41
f 2 52 72
f 2 56 52
f 57 56 2
f 2 1 57
f 8 60 58
f 58 1 8
f 73 60 8
f 62 63 64
f 63 61 74
f 61 60 73
f 74 61 73
f 74 73 10
f 75 64 63
f 76 75 77
f 78 79 80
f 78 81 79
f 78 69 81
f 82 78 80
f 67 69 78
f 82 70 78
f 78 70 67
f 83 70 82
f 4 84 83
f 83 71 70
f 84 71 83
f 71 84 72
f 84 2 72
f 4 2 84
f 7 3 4
f 8 6 73
f 85 13 12
f 9 13 10
f 10 73 6
f 13 86 10
f 86 87 10
f 87 63 10
f 63 74 10
f 88 75 63
f 89 88 63
f 86 89 87
f 87 89 63
f 90 91 77
f 77 91 76
f 89 90 88
f 77 88 90
f 77 75 88
f 92 93 94
f 94 80 92
f 80 94 82
f 95 94 96
f 95 82 94
f 82 95 83
f 4 83 95
f 97 95 98
f 99 4 95
f 18 14 99
f 14 4 99
f 14 7 4
f 100 13 85
f 101 86 100
f 100 86 13
f 86 101 102
f 86 102 89
f 90 89 102
f 96 93 103
f 103 98 96
f 93 96 94
f 96 98 95
f 95 97 99
f 98 104 97
f 99 97 18
f 18 97 31
f 97 30 31
f 31 19 18
f 22 24 27
f 26 85 12
f 85 105 100
f 85 26 105
f 100 106 101
f 105 106 100
f 107 102 101
f 106 107 101
f 106 108 107
f 103 109 110
f 98 103 111
f 103 110 111
f 110 112 111
f 110 113 112
f 98 111 112
f 104 98 112
f 30 104 112
f 97 104 30
f 28 30 112
f 30 29 31
f 20 114 33
f 114 20 32
f 29 115 32
f 20 33 21
f 24 116 27
f 33 117 24
f 117 116 24
f 118 27 119
f 25 27 118
f 25 118 26
f 120 121 122
f 26 118 105
f 105 118 122
f 118 120 122
f 120 118 119
f 123 108 124
f 124 108 121
f 121 108 122
f 122 108 106
f 105 122 106
f 108 123 125
f 110 126 113
f 113 127 112
f 127 128 28
f 127 28 112
f 128 129 28
f 130 131 115
f 115 129 130
f 29 28 129
f 115 29 129
f 114 132 33
f 131 114 32
f 115 131 32
f 133 117 33
f 132 133 33
f 134 135 119
f 116 134 119
f 119 135 120
f 116 119 27
f 136 137 121
f 136 138 137
f 120 136 121
f 120 135 136
f 137 123 124
f 121 137 124
f 139 123 137
f 126 140 113
f 141 142 130
f 113 140 128
f 127 113 128
f 141 130 128
f 129 128 130
f 130 142 131
f 142 143 131
f 114 131 143
f 144 132 145
f 145 132 114
f 114 143 145
f 133 132 146
f 132 144 146
f 133 146 117
f 134 147 148
f 117 147 134
f 149 147 117
f 116 117 134
f 146 149 117
f 134 148 135
f 150 151 148
f 138 139 137
f 138 151 139
f 135 148 138
f 148 151 138
f 136 135 138
f 152 153 154
f 123 155 152
f 155 153 152
f 139 155 123
f 155 156 153
f 139 156 155
f 128 157 141
f 140 157 128
f 141 158 142
f 142 158 143
f 159 160 161
f 144 145 161
f 159 161 145
f 143 159 145
f 161 162 144
f 144 162 146
f 162 149 146
f 149 162 163
f 164 148 147
f 163 164 147
f 149 163 147
f 165 166 150
f 164 165 150
f 148 164 150
f 166 151 150
f 156 151 166
f 139 151 156
f 162 167 168
f 168 169 163
f 162 168 163
f 165 164 169
f 169 164 163
f 170 171 172
f 173 174 175
f 176 172 177
f 178 170 176
f 176 170 172
f 178 175 170
f 175 178 179
f 180 175 179
f 181 173 180
f 181 180 179
f 182 183 173
f 183 174 173
f 173 175 180
f 184 173 181
f 185 183 182
f 186 185 182
f 176 187 188
f 189 187 190
f 191 187 189
f 191 188 187
f 192 188 191
f 176 193 178
f 188 193 176
f 193 188 192
f 179 178 193
f 194 179 193
f 194 181 179
f 35 194 193
f 194 184 181
f 195 173 184
f 184 194 195
f 196 182 197
f 197 173 195
f 182 173 197
f 196 186 182
f 198 196 199
f 199 196 197
f 200 201 202
f 200 190 201
f 189 190 200
f 191 189 200
f 203 191 200
f 39 203 200
f 39 42 203
f 36 192 191
f 203 36 191
f 36 203 42
f 35 192 36
f 35 193 192
f 37 47 35
f 47 194 35
f 47 204 195
f 47 195 194
f 49 204 47
f 204 197 195
f 205 197 204
f 205 206 197
f 199 197 206
f 207 198 208
f 199 208 198
f 209 210 211
f 209 208 210
f 210 199 206
f 208 199 210
f 211 210 205
f 210 206 205
f 207 208 209
f 212 202 213
f 212 213 214
f 215 200 202
f 215 216 200
f 216 40 39
f 216 215 40
f 39 200 216
f 42 39 38
f 49 205 204
f 211 51 65
f 51 211 205
f 205 49 51
f 65 217 211
f 218 219 209
f 218 209 217
f 220 218 217
f 217 209 211
f 66 220 217
f 214 221 222
f 68 214 222
f 212 214 68
f 202 212 215
f 68 222 69
f 53 212 68
f 53 215 212
f 40 215 53
f 75 223 64
f 64 223 66
f 224 220 225
f 218 220 224
f 225 220 226
f 226 220 223
f 223 220 66
f 76 223 75
f 66 217 65
f 224 225 227
f 219 218 224
f 228 229 230
f 222 231 230
f 231 222 221
f 69 222 230
f 230 229 81
f 69 230 81
f 223 76 226
f 232 225 226
f 91 232 76
f 76 232 226
f 233 234 235
f 228 233 235
f 229 228 235
f 229 235 79
f 79 81 229
f 80 79 92
f 236 237 238
f 90 237 91
f 237 90 238
f 91 237 232
f 239 240 241
f 234 239 235
f 241 235 239
f 92 235 241
f 92 241 93
f 79 235 92
f 242 238 243
f 244 243 107
f 243 238 90
f 107 243 102
f 243 90 102
f 240 245 246
f 246 241 240
f 93 241 246
f 103 93 246
f 107 108 247
f 108 248 247
f 243 244 242
f 244 249 242
f 248 249 244
f 250 249 248
f 247 248 244
f 247 244 107
f 251 252 253
f 245 251 246
f 251 253 246
f 254 253 255
f 253 254 246
f 255 256 254
f 254 103 246
f 109 103 254
f 109 254 110
f 256 110 254
f 108 125 248
f 250 125 257
f 248 125 250
f 258 250 257
f 253 259 255
f 260 255 259
f 256 260 126
f 260 256 255
f 110 256 126
f 123 261 125
f 152 261 123
f 125 262 257
f 261 262 125
f 263 257 264
f 257 262 264
f 260 265 266
f 265 267 266
f 260 266 126
f 267 268 266
f 266 268 126
f 126 268 140
f 261 152 269
f 154 270 269
f 152 154 269
f 262 269 271
f 270 271 269
f 269 262 261
f 262 271 264
f 267 265 272
f 267 272 268
f 272 140 268
f 273 140 272
f 272 274 273
f 158 273 275
f 140 273 157
f 157 158 141
f 273 158 157
f 153 276 154
f 154 277 270
f 277 154 278
f 276 278 154
f 270 279 271
f 277 280 270
f 275 274 281
f 281 282 275
f 282 283 284
f 273 274 275
f 275 282 158
f 158 282 284
f 284 283 285
f 284 285 158
f 285 160 159
f 285 286 160
f 285 159 143
f 158 285 143
f 286 287 160
f 287 162 161
f 160 287 161
f 287 167 162
f 168 288 169
f 167 289 168
f 290 165 291
f 291 165 169
f 288 291 169
f 290 292 293
f 293 165 290
f 165 293 166
f 166 293 156
f 153 293 294
f 293 153 156
f 276 295 278
f 295 296 278
f 294 295 153
f 294 296 295
f 153 295 276
f 278 297 277
f 279 280 298
f 283 299 286
f 300 286 299
f 286 300 301
f 285 283 286
f 301 287 286
f 302 289 301
f 167 287 301
f 289 167 301
f 303 304 305
f 289 304 288
f 304 303 288
f 289 288 168
f 290 306 292
f 290 291 303
f 291 288 303
f 306 307 292
f 294 308 296
f 307 308 294
f 294 292 307
f 292 294 293
f 309 296 308
f 296 309 297
f 296 297 278
f 300 302 301
f 304 302 305
f 289 302 304
f 305 310 311
f 305 311 303
f 311 306 290
f 290 303 311
f 312 313 314
f 314 315 312
f 316 317 318
f 316 319 317
f 320 321 316
f 321 319 316
f 322 313 323
f 313 322 324
f 314 313 324
f 171 314 324
f 320 316 318
f 325 320 326
f 320 318 326
f 326 318 314
f 314 318 315
f 327 321 320
f 328 327 320
f 328 320 329
f 330 331 327
f 332 333 334
f 332 323 333
f 335 323 332
f 322 323 335
f 177 322 335
f 172 324 322
f 177 172 322
f 171 324 172
f 326 314 171
f 325 171 175
f 171 325 326
f 175 171 170
f 320 325 329
f 174 325 175
f 174 329 325
f 328 329 174
f 336 328 337
f 336 327 328
f 337 328 174
f 183 337 174
f 337 183 185
f 336 338 339
f 339 327 336
f 339 330 327
f 336 340 338
f 341 338 340
f 340 336 337
f 337 185 340
f 342 330 339
f 342 339 338
f 343 342 338
f 344 345 346
f 347 345 348
f 332 347 348
f 349 345 344
f 349 350 345
f 348 345 350
f 332 348 335
f 351 335 350
f 350 335 348
f 187 351 190
f 190 351 350
f 335 351 177
f 176 177 187
f 187 177 351
f 186 341 340
f 338 341 352
f 186 340 185
f 341 186 353
f 352 343 338
f 343 354 355
f 354 343 352
f 356 344 346
f 344 356 357
f 349 344 357
f 201 349 357
f 190 349 201
f 190 350 349
f 198 353 196
f 196 353 186
f 358 198 359
f 341 353 198
f 354 352 358
f 358 352 341
f 198 358 341
f 354 360 361
f 360 354 358
f 362 363 364
f 356 362 365
f 365 357 356
f 357 365 202
f 202 365 213
f 202 201 357
f 207 359 198
f 360 359 366
f 367 366 359
f 367 359 207
f 209 367 207
f 366 368 360
f 360 368 369
f 359 360 358
f 370 371 369
f 369 368 370
f 372 373 374
f 364 373 372
f 372 374 375
f 221 372 375
f 362 364 372
f 372 214 362
f 221 214 372
f 214 213 362
f 362 213 365
f 367 209 219
f 367 376 377
f 377 368 367
f 368 366 367
f 219 376 367
f 378 379 380
f 370 377 380
f 380 379 370
f 370 368 377
f 374 381 375
f 231 375 381
f 375 231 221
f 376 227 382
f 219 227 376
f 227 219 224
f 383 378 380
f 384 382 385
f 385 383 384
f 384 380 382
f 383 380 384
f 380 377 382
f 382 377 376
f 386 387 388
f 389 390 391
f 381 391 390
f 390 392 228
f 228 381 390
f 228 230 381
f 230 231 381
f 232 393 225
f 227 225 394
f 382 394 385
f 385 394 393
f 225 393 394
f 227 394 382
f 395 386 388
f 396 397 386
f 395 388 385
f 388 383 385
f 395 385 398
f 386 395 396
f 396 395 398
f 396 399 397
f 400 399 396
f 389 401 402
f 392 389 402
f 392 390 389
f 234 392 402
f 392 234 233
f 392 233 228
f 398 385 393
f 398 393 403
f 232 403 393
f 232 237 403
f 404 398 403
f 396 398 404
f 405 404 406
f 405 400 404
f 400 396 404
f 407 408 409
f 408 407 410
f 407 409 411
f 411 409 412
f 402 407 411
f 239 411 412
f 412 240 239
f 411 239 234
f 402 411 234
f 403 236 413
f 403 237 236
f 242 413 236
f 238 242 236
f 414 406 413
f 406 404 413
f 413 404 403
f 415 406 414
f 412 416 245
f 416 412 408
f 409 408 412
f 412 245 240
f 417 413 418
f 242 418 413
f 249 418 242
f 249 417 418
f 414 413 417
f 414 417 419
f 417 249 258
f 420 421 422
f 414 419 420
f 245 416 423
f 245 423 251
f 423 252 251
f 258 249 250
f 419 417 258
f 419 258 424
f 257 424 258
f 257 263 424
f 421 420 419
f 252 423 425
f 259 252 426
f 425 426 252
f 253 252 259
f 263 427 428
f 429 430 431
f 421 429 431
f 419 429 421
f 424 429 419
f 424 263 429
f 263 428 429
f 426 432 259
f 432 433 259
f 433 265 259
f 265 260 259
f 427 263 264
f 264 434 427
f 434 264 271
f 435 430 428
f 429 428 430
f 427 435 428
f 432 436 433
f 433 436 437
f 265 433 437
f 265 437 272
f 437 274 272
f 427 438 435
f 439 438 434
f 434 438 427
f 279 434 271
f 437 436 440
f 441 437 440
f 281 274 437
f 280 279 270
f 298 280 442
f 443 444 445
f 434 279 444
f 279 445 444
f 298 445 279
f 442 445 298
f 434 444 439
f 446 439 444
f 447 441 440
f 448 441 449
f 448 449 450
f 437 441 281
f 282 281 448
f 441 448 281
f 448 451 299
f 299 282 448
f 282 299 283
f 307 452 308
f 308 452 309
f 297 309 453
f 453 454 455
f 297 455 277
f 277 455 280
f 297 453 455
f 442 456 457
f 456 455 454
f 455 456 442
f 280 455 442
f 458 443 459
f 443 457 459
f 444 443 458
f 457 443 445
f 445 442 457
f 450 449 460
f 451 450 461
f 451 448 450
f 300 451 462
f 451 300 299
f 300 462 463
f 300 463 302
f 463 464 302
f 310 305 464
f 302 464 305
f 310 465 311
f 311 465 306
f 466 467 307
f 466 307 306
f 452 467 468
f 467 452 307
f 309 469 453
f 309 452 469
f 469 470 454
f 469 454 453
f 456 471 457
f 456 454 471
f 461 472 451
f 472 462 451
f 463 473 474
f 475 473 463
f 476 474 477
f 462 475 463
f 464 463 476
f 463 474 476
f 476 310 464
f 478 465 479
f 310 476 465
f 466 306 478
f 465 478 306
f 467 466 480
f 481 482 468
f 480 481 468
f 480 468 467
f 469 468 482
f 468 469 452
f 469 482 470
f 465 476 483
f 484 485 486
f 487 484 486
f 487 488 484
f 487 489 488
f 488 490 484
f 491 487 486
f 492 489 487
f 491 492 487
f 493 494 492
f 493 492 495
f 495 492 491
f 485 496 497
f 485 498 496
f 499 485 497
f 500 486 485
f 500 485 499
f 501 491 500
f 491 486 500
f 315 501 500
f 317 491 501
f 317 501 318
f 491 317 495
f 319 495 317
f 502 503 504
f 504 503 493
f 504 493 495
f 504 495 319
f 505 503 506
f 507 505 506
f 508 505 507
f 509 510 511
f 510 497 512
f 510 513 499
f 510 509 513
f 510 499 497
f 312 500 499
f 312 499 313
f 501 315 318
f 312 315 500
f 321 502 504
f 321 504 319
f 514 506 502
f 503 502 506
f 502 331 514
f 502 321 331
f 507 515 508
f 507 506 514
f 516 507 514
f 517 515 507
f 334 518 519
f 520 518 334
f 509 518 520
f 333 520 334
f 333 509 520
f 333 513 509
f 333 323 513
f 499 513 323
f 313 499 323
f 331 321 327
f 514 331 516
f 330 516 331
f 517 507 516
f 521 516 330
f 516 521 517
f 522 517 523
f 523 517 521
f 524 525 526
f 524 527 525
f 524 519 527
f 519 524 347
f 334 519 347
f 332 334 347
f 521 330 342
f 528 523 529
f 523 521 529
f 529 521 342
f 528 529 343
f 343 529 342
f 525 530 526
f 530 531 532
f 530 525 531
f 530 346 526
f 526 347 524
f 346 345 526
f 345 347 526
f 343 355 528
f 533 534 535
f 536 528 355
f 355 361 536
f 361 355 354
f 537 532 538
f 539 537 538
f 539 532 537
f 540 532 539
f 530 532 540
f 530 540 346
f 346 540 356
f 361 535 536
f 533 535 361
f 360 541 361
f 369 541 360
f 542 533 543
f 544 543 545
f 545 543 371
f 371 543 541
f 541 543 533
f 371 541 369
f 541 533 361
f 546 544 547
f 545 547 544
f 543 544 542
f 544 546 548
f 549 550 551
f 363 550 549
f 539 538 550
f 363 539 550
f 356 539 363
f 356 540 539
f 356 363 362
f 552 546 547
f 371 552 547
f 371 547 545
f 552 371 378
f 553 554 555
f 555 554 552
f 554 546 552
f 374 556 557
f 556 549 551
f 374 549 556
f 373 549 374
f 373 363 549
f 364 363 373
f 370 379 371
f 378 371 379
f 552 378 387
f 387 378 383
f 388 387 383
f 558 559 553
f 555 387 553
f 560 558 553
f 561 553 387
f 552 387 555
f 557 556 562
f 391 381 557
f 557 381 374
f 561 387 397
f 397 387 386
f 561 560 553
f 560 561 397
f 560 563 558
f 560 397 399
f 558 564 565
f 563 564 558
f 566 567 568
f 567 557 568
f 567 401 389
f 391 567 389
f 391 557 567
f 563 400 569
f 400 563 399
f 563 560 399
f 563 569 570
f 571 566 572
f 566 571 401
f 401 567 566
f 407 402 572
f 402 571 572
f 402 401 571
f 570 569 573
f 574 573 569
f 569 400 405
f 575 576 574
f 576 577 574
f 573 574 577
f 578 579 410
f 572 580 578
f 572 578 410
f 407 572 410
f 406 415 405
f 581 582 575
f 583 581 575
f 575 569 583
f 575 574 569
f 581 583 415
f 405 415 583
f 405 583 569
f 584 410 579
f 410 584 585
f 585 408 410
f 416 408 585
f 415 414 586
f 420 422 586
f 414 420 586
f 586 587 581
f 415 586 581
f 588 589 581
f 581 587 588
f 590 591 592
f 592 591 584
f 590 593 591
f 591 585 584
f 591 416 585
f 591 593 416
f 416 593 423
f 594 587 586
f 422 594 586
f 594 422 595
f 421 431 422
f 587 596 588
f 597 587 594
f 597 594 595
f 598 426 599
f 423 599 425
f 599 423 593
f 426 425 599
f 431 430 600
f 600 601 431
f 431 601 595
f 422 431 595
f 597 595 602
f 595 603 602
f 432 598 604
f 598 432 426
f 430 605 600
f 600 606 601
f 607 604 608
f 604 607 432
f 436 607 609
f 607 436 432
f 438 610 435
f 430 611 605
f 430 435 611
f 606 605 612
f 613 609 614
f 615 609 613
f 614 609 607
f 616 447 609
f 609 447 440
f 609 440 436
f 439 446 617
f 439 617 438
f 610 438 617
f 446 618 617
f 618 610 617
f 610 619 611
f 435 610 611
f 616 620 621
f 616 621 447
f 621 620 449
f 621 449 447
f 447 449 441
f 618 622 623
f 446 622 618
f 622 446 444
f 444 458 622
f 624 625 460
f 460 625 461
f 620 624 449
f 449 624 460
f 461 450 460
f 626 457 471
f 626 459 457
f 454 627 471
f 627 454 470
f 626 628 459
f 459 628 629
f 630 459 629
f 622 630 623
f 630 629 623
f 458 630 622
f 459 630 458
f 631 632 461
f 625 631 461
f 472 632 633
f 632 472 461
f 472 633 462
f 473 475 634
f 466 478 480
f 635 482 636
f 482 637 470
f 470 637 627
f 627 637 638
f 639 628 626
f 639 626 471
f 638 639 627
f 627 639 471
f 634 640 641
f 641 642 643
f 640 634 633
f 475 462 633
f 633 634 475
f 634 641 473
f 644 477 645
f 645 477 643
f 643 642 645
f 474 643 477
f 641 643 474
f 473 641 474
f 644 646 483
f 476 477 644
f 644 483 476
f 483 646 479
f 479 465 483
f 480 647 648
f 478 649 647
f 478 647 480
f 479 649 478
f 650 481 480
f 650 636 651
f 481 650 651
f 481 651 482
f 482 635 637
f 482 651 636
f 652 639 638
f 637 635 652
f 637 652 638
f 480 648 650
f 653 654 655
f 653 656 654
f 656 657 658
f 657 656 653
f 659 660 661
f 662 660 659
f 663 660 662
f 664 665 666
f 664 666 667
f 655 665 664
f 668 653 655
f 668 657 653
f 669 657 668
f 670 659 661
f 661 658 657
f 669 661 657
f 661 669 670
f 662 659 670
f 662 670 671
f 672 673 674
f 672 674 662
f 675 672 662
f 676 675 671
f 671 675 662
f 664 677 678
f 679 668 680
f 668 664 680
f 488 680 490
f 668 655 664
f 680 488 679
f 681 682 669
f 683 669 682
f 679 681 668
f 683 670 669
f 669 668 681
f 682 681 489
f 488 681 679
f 681 488 489
f 684 670 683
f 672 675 676
f 685 672 676
f 676 671 685
f 684 671 670
f 685 671 684
f 686 687 672
f 686 672 688
f 686 688 689
f 688 672 690
f 690 672 691
f 672 685 691
f 692 693 689
f 694 695 696
f 496 695 694
f 677 695 678
f 677 664 667
f 678 695 496
f 496 498 678
f 678 498 697
f 697 664 678
f 498 485 697
f 680 664 697
f 697 490 680
f 484 490 697
f 485 484 697
f 492 682 489
f 494 682 492
f 682 494 683
f 494 684 683
f 685 493 503
f 494 493 685
f 685 684 494
f 690 691 698
f 505 698 503
f 698 691 503
f 691 685 503
f 699 692 688
f 688 692 689
f 699 688 700
f 698 688 690
f 700 688 698
f 701 700 698
f 702 703 699
f 700 702 699
f 511 704 705
f 704 694 706
f 497 694 512
f 497 496 694
f 702 700 701
f 505 701 698
f 508 701 505
f 707 708 702
f 508 707 702
f 707 508 515
f 702 701 508
f 705 709 710
f 711 705 710
f 704 511 694
f 509 511 518
f 518 511 705
f 511 512 694
f 510 512 511
f 517 707 515
f 712 713 714
f 715 714 713
f 707 716 713
f 716 707 517
f 522 716 517
f 717 714 718
f 718 714 715
f 719 711 720
f 711 710 720
f 711 719 527
f 518 705 711
f 519 518 711
f 715 713 716
f 522 715 716
f 718 721 717
f 722 721 715
f 718 715 721
f 722 715 522
f 722 723 721
f 523 722 522
f 724 717 721
f 724 725 717
f 726 727 724
f 727 725 724
f 724 721 723
f 724 723 728
f 727 726 729
f 730 731 732
f 527 731 525
f 731 527 719
f 519 711 527
f 722 523 528
f 722 528 723
f 528 733 723
f 536 535 528
f 733 528 535
f 728 726 724
f 734 726 728
f 734 728 733
f 728 723 733
f 734 733 534
f 726 542 729
f 726 734 542
f 735 736 737
f 738 730 739
f 731 730 738
f 738 739 538
f 532 738 538
f 532 531 738
f 531 525 738
f 731 738 525
f 533 734 534
f 542 734 533
f 534 733 535
f 736 729 542
f 544 736 542
f 740 736 548
f 736 544 548
f 741 742 548
f 743 742 741
f 744 745 746
f 739 746 745
f 538 739 745
f 550 538 745
f 554 747 741
f 546 741 548
f 741 546 554
f 747 748 749
f 741 747 749
f 749 743 741
f 550 745 744
f 551 550 744
f 748 747 554
f 750 751 752
f 751 748 752
f 753 752 559
f 752 748 559
f 559 748 554
f 562 754 746
f 754 744 746
f 744 754 551
f 562 556 754
f 556 551 754
f 559 554 553
f 753 565 750
f 752 753 750
f 753 559 565
f 558 565 559
f 750 565 755
f 756 757 562
f 757 756 758
f 757 568 562
f 759 568 757
f 557 562 568
f 760 564 570
f 570 564 563
f 761 762 760
f 760 755 565
f 760 762 755
f 761 760 570
f 565 564 760
f 763 764 761
f 765 761 764
f 568 759 766
f 566 568 766
f 767 763 768
f 768 763 769
f 570 769 763
f 763 761 570
f 770 759 771
f 770 771 772
f 580 759 770
f 580 770 772
f 759 580 766
f 766 572 566
f 580 572 766
f 773 769 577
f 769 570 577
f 576 773 577
f 577 570 573
f 774 576 575
f 775 773 576
f 774 775 576
f 771 776 777
f 771 777 772
f 579 772 777
f 772 578 580
f 579 578 772
f 582 589 778
f 775 582 778
f 582 775 774
f 581 589 582
f 575 582 774
f 779 775 778
f 590 780 781
f 579 777 782
f 780 782 777
f 780 592 782
f 592 584 782
f 579 782 584
f 588 596 589
f 783 778 784
f 783 784 596
f 778 589 784
f 596 784 589
f 785 781 786
f 780 590 592
f 590 781 785
f 593 590 785
f 596 587 787
f 587 597 787
f 788 783 596
f 787 788 596
f 789 790 791
f 790 785 786
f 792 785 790
f 599 785 792
f 593 785 599
f 599 792 598
f 793 787 597
f 602 793 597
f 602 603 793
f 789 791 794
f 790 789 792
f 789 598 792
f 789 604 598
f 789 794 604
f 603 795 793
f 795 603 796
f 601 603 595
f 796 606 795
f 603 601 796
f 606 796 601
f 797 794 798
f 797 608 794
f 797 614 608
f 794 608 604
f 614 607 608
f 612 611 619
f 611 612 605
f 612 799 795
f 612 795 606
f 605 606 600
f 613 800 615
f 800 613 801
f 609 615 616
f 614 797 613
f 610 802 619
f 619 803 804
f 619 804 612
f 615 805 806
f 805 615 807
f 620 615 806
f 624 620 806
f 616 615 620
f 808 809 810
f 623 808 810
f 618 810 610
f 810 618 623
f 619 802 803
f 610 810 802
f 811 812 806
f 813 812 814
f 813 624 806
f 812 813 806
f 625 813 814
f 624 813 625
f 623 629 815
f 623 815 808
f 816 817 631
f 816 631 814
f 631 625 814
f 817 818 631
f 631 818 632
f 639 819 628
f 629 820 821
f 820 629 628
f 822 815 821
f 629 821 815
f 817 823 818
f 824 632 818
f 818 823 824
f 640 824 825
f 632 824 633
f 633 824 640
f 642 641 640
f 636 826 635
f 819 827 828
f 827 819 652
f 639 652 819
f 819 829 820
f 628 819 820
f 825 830 640
f 642 830 645
f 640 830 642
f 831 832 833
f 645 831 646
f 645 646 644
f 831 833 646
f 833 834 646
f 646 834 479
f 834 833 835
f 479 835 649
f 834 835 479
f 836 647 835
f 648 647 836
f 647 649 835
f 648 837 650
f 838 650 837
f 837 648 836
f 650 839 636
f 839 650 838
f 839 826 636
f 840 828 827
f 826 840 827
f 635 826 827
f 652 635 827
f 841 842 843
f 841 844 845
f 846 845 847
f 846 848 849
f 846 849 845
f 850 851 852
f 850 853 851
f 853 850 854
f 843 853 844
f 844 841 843
f 847 845 844
f 855 846 847
f 847 844 855
f 856 846 855
f 857 848 846
f 856 858 846
f 859 857 858
f 858 857 846
f 852 860 861
f 862 852 861
f 852 862 850
f 854 862 656
f 863 844 853
f 863 854 864
f 853 854 863
f 862 854 850
f 658 854 656
f 658 864 854
f 864 855 863
f 855 844 863
f 855 864 865
f 866 855 867
f 867 855 865
f 856 855 866
f 660 865 864
f 866 868 856
f 868 866 663
f 867 663 866
f 869 859 858
f 858 868 869
f 856 868 858
f 870 859 871
f 665 872 873
f 874 861 872
f 861 874 862
f 872 665 874
f 654 874 665
f 654 862 874
f 656 862 654
f 655 654 665
f 660 864 658
f 661 660 658
f 867 865 660
f 660 663 867
f 869 868 875
f 869 875 876
f 875 868 663
f 673 875 674
f 663 674 875
f 662 674 663
f 869 877 871
f 870 871 877
f 877 869 876
f 873 878 879
f 879 880 873
f 666 873 880
f 881 880 879
f 666 665 873
f 667 666 880
f 875 673 876
f 687 882 876
f 876 882 877
f 687 876 673
f 883 687 689
f 687 673 672
f 884 877 882
f 687 883 882
f 885 882 883
f 886 884 882
f 885 886 882
f 887 881 888
f 887 888 889
f 880 881 887
f 889 695 887
f 880 887 677
f 677 887 695
f 667 880 677
f 689 687 686
f 885 693 890
f 885 883 693
f 689 693 883
f 890 886 885
f 891 890 692
f 890 693 692
f 892 893 894
f 894 889 892
f 706 894 893
f 706 893 704
f 706 889 894
f 889 706 696
f 695 889 696
f 886 890 891
f 703 891 692
f 703 692 699
f 895 896 897
f 891 895 897
f 897 886 891
f 895 891 898
f 898 891 703
f 899 896 900
f 900 896 895
f 901 899 902
f 899 901 903
f 904 905 709
f 709 893 904
f 704 893 709
f 696 706 694
f 708 898 703
f 703 702 708
f 712 895 898
f 895 712 900
f 898 708 713
f 712 898 713
f 713 708 707
f 899 900 902
f 717 906 714
f 714 906 712
f 906 900 712
f 907 908 909
f 907 909 910
f 909 902 910
f 907 910 911
f 902 906 910
f 902 900 906
f 911 910 906
f 907 912 908
f 905 904 913
f 914 905 913
f 905 710 709
f 710 905 720
f 720 905 914
f 704 709 705
f 906 717 911
f 915 907 911
f 725 911 717
f 916 912 917
f 907 915 912
f 915 917 912
f 917 915 727
f 725 915 911
f 727 915 725
f 918 732 919
f 920 919 732
f 921 914 913
f 719 920 731
f 731 920 732
f 920 720 914
f 920 719 720
f 922 727 729
f 727 922 917
f 923 924 737
f 922 924 925
f 925 926 922
f 926 917 922
f 730 927 928
f 927 730 732
f 927 732 918
f 735 922 729
f 737 924 735
f 922 735 924
f 737 736 929
f 736 735 729
f 743 930 929
f 931 739 928
f 739 730 928
f 742 929 736
f 742 740 548
f 736 740 742
f 930 743 932
f 743 929 742
f 933 934 935
f 749 933 743
f 936 937 931
f 931 937 746
f 739 931 746
f 749 748 751
f 749 938 933
f 938 934 933
f 751 938 749
f 938 751 939
f 940 937 936
f 941 937 942
f 937 941 756
f 937 756 746
f 750 943 939
f 750 939 751
f 943 944 939
f 945 946 758
f 940 942 937
f 758 942 945
f 758 941 942
f 941 758 756
f 756 562 746
f 762 947 755
f 755 947 750
f 948 947 765
f 947 943 750
f 943 947 948
f 762 765 947
f 949 757 758
f 949 950 757
f 951 765 952
f 952 765 764
f 952 764 767
f 764 763 767
f 761 765 762
f 759 950 953
f 757 950 759
f 954 767 768
f 954 768 769
f 954 955 956
f 956 767 954
f 954 769 955
f 953 957 771
f 759 953 771
f 769 773 958
f 958 773 775
f 958 955 769
f 959 957 960
f 960 776 959
f 960 961 776
f 957 959 771
f 959 776 771
f 962 963 775
f 962 775 779
f 964 965 966
f 965 961 960
f 965 964 961
f 777 776 961
f 780 777 961
f 780 961 781
f 778 783 779
f 783 962 779
f 962 783 967
f 968 786 964
f 786 781 964
f 961 964 781
f 969 783 788
f 969 788 970
f 788 787 970
f 969 971 783
f 786 968 790
f 790 968 972
f 791 790 972
f 973 970 787
f 793 973 787
f 974 791 972
f 791 975 794
f 975 798 794
f 976 970 973
f 613 798 977
f 977 801 613
f 613 797 798
f 978 795 799
f 978 973 793
f 978 793 795
f 977 979 807
f 979 980 807
f 801 977 800
f 807 800 977
f 807 615 800
f 804 803 981
f 799 804 981
f 612 804 799
f 978 981 982
f 981 978 799
f 980 983 805
f 811 805 983
f 980 805 807
f 805 811 806
f 984 802 810
f 803 985 981
f 985 803 984
f 984 803 802
f 986 987 812
f 986 812 983
f 983 812 811
f 815 809 808
f 988 989 984
f 810 988 984
f 810 809 988
f 987 990 812
f 991 992 990
f 990 992 816
f 812 990 814
f 816 992 817
f 990 816 814
f 993 822 821
f 989 994 995
f 815 994 988
f 815 988 809
f 815 822 994
f 996 992 997
f 817 992 996
f 823 817 996
f 996 824 823
f 829 998 820
f 822 993 994
f 994 993 998
f 993 821 998
f 820 998 821
f 996 997 825
f 824 996 825
f 999 825 997
f 825 999 830
f 1000 999 1001
f 1000 830 999
f 645 830 1000
f 831 1000 1002
f 1000 831 645
f 826 1003 840
f 840 1004 828
f 828 1004 1005
f 828 1005 829
f 819 828 829
f 829 1005 1006
f 998 829 1006
f 1007 1002 1008
f 1002 1009 832
f 1009 1002 1007
f 1002 832 831
f 1010 832 1011
f 832 1010 833
f 1012 1013 1014
f 1014 1010 1012
f 1010 1014 833
f 833 1014 835
f 835 1014 1013
f 1013 1015 837
f 1013 837 836
f 1013 836 835
f 838 1015 1016
f 1015 838 837
f 1017 1018 1019
f 1019 839 1017
f 1020 1017 839
f 1020 838 1016
f 838 1020 839
f 1018 1003 1019
f 826 1019 1003
f 1019 826 839
f 840 1003 1004
f 1021 1022 1023
f 1024 1025 1026
f 1027 1026 1025
f 1028 1029 1030
f 1031 1021 1023
f 1021 1032 1028
f 1033 1021 1028
f 1021 1033 1022
f 1028 1030 1034
f 1034 1033 1028
f 1022 1025 1023
f 1033 1025 1022
f 1025 1035 1036
f 1035 1025 1033
f 1036 1027 1025
f 1037 1036 1035
f 1038 1039 1040
f 1039 1038 1027
f 1039 1027 1036
f 1039 1041 1040
f 1037 1039 1036
f 1039 1037 1041
f 1037 1042 1041
f 1040 1043 1038
f 1043 1040 1044
f 1040 1041 1044
f 1045 1046 1047
f 1030 1029 1047
f 1030 1047 1048
f 842 1048 1049
f 842 1030 1048
f 842 1034 1030
f 841 1034 842
f 849 1035 845
f 841 1035 1034
f 1034 1035 1033
f 1035 841 845
f 1037 1035 849
f 849 1042 1037
f 1050 849 848
f 1050 848 1051
f 1050 1051 1052
f 1052 1041 1042
f 1050 1052 1042
f 1050 1042 849
f 1044 1053 1054
f 1053 1055 1054
f 1044 1041 1053
f 1053 1052 1051
f 1053 1041 1052
f 1054 1056 1044
f 1057 1058 1059
f 1046 1060 1057
f 1047 1046 1048
f 1059 851 1057
f 1046 1057 851
f 1049 1046 851
f 1049 1048 1046
f 853 1049 851
f 843 842 1049
f 843 1049 853
f 1061 1055 1053
f 1053 1051 1061
f 1061 1051 848
f 848 857 1061
f 859 1055 857
f 1055 1061 857
f 1062 1054 1063
f 1063 1054 1055
f 1059 1058 860
f 1064 860 1065
f 852 1059 860
f 852 851 1059
f 860 1064 861
f 859 869 871
f 1066 1063 1055
f 1055 870 1066
f 870 1055 859
f 1067 1062 1063
f 1067 1063 1066
f 1068 878 1069
f 1068 1070 878
f 1071 1068 1069
f 1065 1072 1071
f 1065 1071 1069
f 1064 1065 1069
f 873 1069 878
f 872 1069 873
f 872 1064 1069
f 861 1064 872
f 1066 1073 1067
f 1073 1066 1074
f 1073 1074 884
f 1074 1066 870
f 884 1074 877
f 870 877 1074
f 1075 1067 1073
f 1076 1077 1078
f 1076 881 1077
f 1077 881 1070
f 879 1070 881
f 1070 879 878
f 886 1075 1073
f 1073 884 886
f 1079 1080 1081
f 1081 1080 1075
f 1076 1078 1082
f 1082 1083 892
f 892 1076 1082
f 888 881 1076
f 889 1076 892
f 1076 889 888
f 1079 903 1084
f 903 1079 1081
f 1081 1075 897
f 886 897 1075
f 1084 1085 1079
f 1084 903 901
f 896 903 1081
f 1084 1086 1087
f 1088 1089 1090
f 1088 1090 904
f 1088 1083 1089
f 1088 892 1083
f 1088 904 893
f 893 892 1088
f 897 896 1081
f 1086 1084 901
f 899 903 896
f 1091 1092 1093
f 1094 1092 1091
f 1093 1095 1086
f 1086 901 1093
f 902 1093 901
f 1096 1097 1098
f 904 1090 1097
f 1097 913 904
f 1091 909 908
f 1091 1093 909
f 1093 902 909
f 1099 1094 1100
f 908 1094 1091
f 1100 1094 908
f 912 1100 908
f 1101 1099 916
f 916 1099 1100
f 919 1096 1102
f 921 1096 919
f 1097 1096 913
f 1096 921 913
f 912 916 1100
f 1103 1101 916
f 1103 916 926
f 926 916 917
f 1104 1105 1106
f 919 1105 918
f 918 1105 927
f 920 921 919
f 914 921 920
f 926 925 1103
f 923 925 924
f 923 1107 1108
f 923 1108 925
f 1108 1103 925
f 1109 1110 1111
f 1104 1109 1111
f 1112 1105 1104
f 1111 1112 1104
f 927 1105 1112
f 1112 1111 928
f 928 927 1112
f 1107 923 1113
f 1113 929 1114
f 929 930 1114
f 1113 923 929
f 929 923 737
f 1114 1107 1113
f 1114 930 1115
f 1116 1117 1110
f 1111 1110 936
f 928 1111 936
f 936 931 928
f 930 932 1115
f 743 935 932
f 933 935 743
f 1118 935 1119
f 1119 935 934
f 936 1110 1117
f 934 938 1120
f 1121 1120 1122
f 1119 934 1120
f 944 938 939
f 1122 1120 938
f 1117 945 940
f 945 1117 1123
f 936 1117 940
f 942 940 945
f 938 944 1122
f 944 943 948
f 945 1123 1124
f 1124 946 945
f 1125 765 1126
f 765 1125 948
f 1127 1125 1126
f 946 1128 1129
f 946 1129 758
f 1129 949 758
f 765 951 1126
f 1130 1131 1132
f 1131 1133 1126
f 952 1131 1126
f 1131 952 1132
f 952 956 1132
f 952 1126 951
f 1128 1134 1135
f 1135 950 1128
f 1128 950 949
f 949 1129 1128
f 1135 953 950
f 1136 956 955
f 956 952 767
f 1137 1138 1139
f 1134 1137 1140
f 1140 1137 1139
f 1135 1134 1140
f 1135 1140 953
f 953 1140 957
f 1141 1142 1143
f 1143 1136 955
f 1141 1143 958
f 955 958 1143
f 1144 960 1139
f 960 1144 965
f 1139 960 957
f 957 1140 1139
f 1145 1142 1141
f 1145 1141 963
f 963 1141 775
f 775 1141 958
f 965 1146 1147
f 1146 965 1144
f 1148 965 1147
f 1149 1150 1145
f 1145 963 1149
f 963 962 1149
f 1149 962 967
f 967 783 971
f 1148 1151 966
f 968 1151 1152
f 966 1151 968
f 965 1148 966
f 968 964 966
f 1153 1150 1149
f 1149 971 1153
f 971 969 1153
f 971 1149 967
f 1154 972 1152
f 972 968 1152
f 1154 974 972
f 969 1155 1153
f 1156 1155 1157
f 1157 1155 969
f 1157 969 970
f 1158 1159 975
f 791 974 975
f 1158 975 974
f 976 1160 1156
f 976 1156 1157
f 970 976 1157
f 1161 975 1159
f 1161 1159 1162
f 1162 979 1161
f 1161 979 977
f 975 1161 798
f 1161 977 798
f 973 978 976
f 976 1163 1160
f 1164 1163 978
f 976 978 1163
f 1162 1165 979
f 1166 1167 1165
f 1165 1167 979
f 1167 980 979
f 978 982 1164
f 981 1168 982
f 986 1167 1166
f 1167 983 980
f 983 1167 986
f 985 1169 1168
f 981 985 1168
f 982 1168 1170
f 1171 1172 986
f 986 1173 1171
f 1173 1166 1174
f 1173 986 1166
f 987 986 1172
f 984 989 985
f 1175 1176 985
f 985 1176 1169
f 1177 987 1172
f 1178 990 987
f 994 1179 995
f 989 995 1180
f 1180 1175 989
f 985 989 1175
f 994 989 988
f 1178 1181 991
f 990 1178 991
f 997 992 991
f 994 998 1182
f 994 1183 1179
f 994 1182 1183
f 991 1184 997
f 1185 1186 1001
f 1185 997 1184
f 999 997 1185
f 1001 999 1185
f 1187 1188 1006
f 1005 1187 1006
f 1187 1005 1189
f 1005 1004 1189
f 1188 1190 1006
f 1190 1183 1182
f 1006 1190 1182
f 998 1006 1182
f 1186 1191 1001
f 1191 1008 1001
f 1008 1002 1000
f 1000 1001 1008
f 1008 1192 1007
f 1192 1009 1007
f 1011 1009 1193
f 1009 1011 832
f 1194 1016 1195
f 1194 1018 1017
f 1020 1194 1017
f 1196 1018 1197
f 1196 1198 1199
f 1196 1199 1200
f 1003 1018 1196
f 1196 1200 1003
f 1004 1200 1189
f 1003 1200 1004
f 1009 1192 1193
f 1011 1201 1202
f 1203 1204 1202
f 1012 1011 1202
f 1012 1202 1204
f 1204 1013 1012
f 1011 1012 1010
f 1203 1195 1204
f 1013 1204 1195
f 1195 1015 1013
f 1205 1195 1206
f 1207 1195 1205
f 1195 1016 1015
f 1208 1209 1194
f 1018 1209 1197
f 1194 1209 1018
f 1196 1197 1210
f 1210 1198 1196
f 1211 1212 1213
f 1214 1215 1216
f 1217 1214 1216
f 1218 1219 1220
f 1219 1214 1220
f 1214 1219 1215
f 1024 1220 1214
f 1221 1222 1223
f 1222 1221 1024
f 1220 1024 1221
f 1224 1225 1226
f 1226 1227 1224
f 1228 1226 1229
f 1227 1226 1031
f 1226 1228 1031
f 1032 1031 1228
f 1230 1227 1031
f 1213 1230 1211
f 1213 1227 1230
f 1023 1211 1230
f 1023 1230 1031
f 1021 1031 1032
f 1211 1217 1216
f 1217 1211 1023
f 1025 1217 1023
f 1024 1217 1025
f 1024 1026 1222
f 1217 1024 1214
f 1223 1222 1231
f 1026 1038 1222
f 1038 1026 1027
f 1232 1233 1231
f 1233 1232 1234
f 1222 1232 1231
f 1235 1232 1038
f 1232 1222 1038
f 1236 1237 1238
f 1239 1236 1238
f 1225 1237 1236
f 1229 1225 1236
f 1045 1229 1236
f 1229 1226 1225
f 1029 1240 1047
f 1047 1240 1229
f 1032 1229 1240
f 1032 1228 1229
f 1028 1240 1029
f 1028 1032 1240
f 1038 1043 1235
f 1232 1241 1234
f 1241 1232 1235
f 1242 1241 1243
f 1243 1241 1235
f 1243 1235 1043
f 1060 1045 1244
f 1245 1060 1244
f 1047 1229 1045
f 1045 1060 1046
f 1242 1056 1246
f 1243 1056 1242
f 1044 1243 1043
f 1243 1044 1056
f 1242 1247 1241
f 1246 1248 1242
f 1246 1249 1248
f 1246 1056 1062
f 1062 1056 1054
f 1244 1250 1245
f 1250 1058 1245
f 1058 1250 860
f 1072 1250 1251
f 1060 1245 1057
f 1058 1057 1245
f 1252 1249 1062
f 1252 1062 1253
f 1253 1062 1067
f 1249 1246 1062
f 1252 1248 1249
f 1254 1251 1255
f 1251 1254 1072
f 1072 1254 1071
f 1250 1072 860
f 1072 1065 860
f 1256 1257 1252
f 1256 1252 1253
f 1256 1253 1258
f 1259 1257 1256
f 1260 1261 1262
f 1077 1260 1262
f 1260 1254 1255
f 1254 1260 1068
f 1254 1068 1071
f 1070 1260 1077
f 1068 1260 1070
f 1067 1258 1253
f 1075 1258 1067
f 1075 1080 1258
f 1259 1256 1263
f 1264 1259 1263
f 1265 1264 1263
f 1263 1256 1258
f 1080 1263 1258
f 1264 1265 1266
f 1078 1267 1268
f 1262 1267 1078
f 1262 1078 1077
f 1078 1268 1082
f 1265 1263 1085
f 1085 1263 1080
f 1085 1080 1079
f 1266 1269 1270
f 1269 1271 1270
f 1266 1265 1085
f 1085 1269 1266
f 1269 1085 1087
f 1271 1269 1087
f 1089 1083 1272
f 1083 1273 1272
f 1268 1273 1083
f 1083 1082 1268
f 1084 1087 1085
f 1274 1271 1275
f 1275 1271 1095
f 1095 1271 1087
f 1087 1086 1095
f 1272 1276 1277
f 1277 1090 1272
f 1277 1098 1090
f 1089 1272 1090
f 1097 1090 1098
f 1092 1275 1095
f 1092 1095 1093
f 1278 1279 1280
f 1279 1278 1281
f 1281 1278 1275
f 1281 1092 1094
f 1092 1281 1275
f 1282 1279 1099
f 1099 1279 1281
f 1099 1281 1094
f 1283 1282 1099
f 1284 1285 1286
f 1098 1285 1284
f 1098 1284 1096
f 1285 1098 1277
f 1287 1288 1283
f 1288 1289 1283
f 1282 1283 1289
f 1283 1101 1287
f 1101 1283 1099
f 1284 1286 1290
f 1284 1290 1102
f 1096 1284 1102
f 1101 1103 1287
f 1108 1291 1287
f 1291 1108 1292
f 1108 1287 1103
f 1293 1290 1294
f 1106 1293 1294
f 1294 1104 1106
f 1106 1290 1293
f 1102 1290 1106
f 1105 1102 1106
f 1102 1105 919
f 1107 1292 1108
f 1295 1296 1297
f 1295 1297 1292
f 1295 1292 1107
f 1114 1295 1107
f 1116 1109 1298
f 1294 1109 1104
f 1299 1295 1300
f 1299 1300 1115
f 1300 1295 1114
f 1114 1115 1300
f 1295 1299 1301
f 1299 1115 1302
f 1116 1298 1303
f 1116 1110 1109
f 1303 1117 1116
f 1304 1302 1119
f 1119 1302 1118
f 1118 1302 1115
f 935 1115 932
f 1115 935 1118
f 1305 1303 1306
f 1307 1123 1305
f 1117 1305 1123
f 1303 1305 1117
f 1304 1120 1121
f 1304 1119 1120
f 1123 1307 1308
f 1309 1308 1310
f 1308 1309 1123
f 1125 944 948
f 944 1121 1122
f 1311 1125 1312
f 1311 1313 1125
f 1313 1311 1121
f 944 1313 1121
f 944 1125 1313
f 1314 1315 1310
f 1315 1309 1310
f 1128 1315 1314
f 1124 1309 1315
f 1124 1315 1128
f 946 1124 1128
f 1124 1123 1309
f 1312 1127 1316
f 1125 1127 1312
f 1316 1133 1317
f 1127 1126 1133
f 1318 1319 1320
f 1318 1321 1319
f 1321 1318 1314
f 1128 1314 1318
f 1322 1133 1131
f 1131 1130 1322
f 1133 1322 1317
f 1318 1320 1323
f 1134 1128 1323
f 1323 1128 1318
f 1136 1324 956
f 956 1324 1132
f 1130 1132 1324
f 1325 1130 1326
f 1136 1326 1324
f 1326 1130 1324
f 1327 1138 1137
f 1327 1137 1134
f 1323 1327 1134
f 1326 1328 1329
f 1328 1142 1329
f 1326 1136 1328
f 1328 1143 1142
f 1328 1136 1143
f 1330 1146 1331
f 1138 1330 1331
f 1138 1327 1330
f 1331 1146 1144
f 1144 1138 1331
f 1144 1139 1138
f 1332 1333 1142
f 1142 1333 1329
f 1142 1145 1334
f 1335 1336 1337
f 1147 1335 1337
f 1335 1147 1146
f 1148 1147 1337
f 1338 1332 1334
f 1334 1332 1142
f 1334 1150 1338
f 1150 1334 1145
f 1336 1339 1337
f 1151 1337 1339
f 1337 1151 1148
f 1152 1151 1339
f 1340 1338 1150
f 1340 1150 1153
f 1341 1158 1342
f 1342 1154 1339
f 1342 1158 1154
f 1154 1152 1339
f 1154 1158 974
f 1340 1153 1155
f 1342 1343 1341
f 1341 1343 1344
f 1158 1344 1159
f 1344 1158 1341
f 1156 1160 1345
f 1156 1340 1155
f 1340 1156 1345
f 1160 1163 1346
f 1347 1348 1162
f 1349 1162 1348
f 1347 1162 1159
f 1349 1165 1162
f 1350 982 1170
f 982 1350 1164
f 1164 1350 1346
f 1163 1164 1346
f 1351 1352 1353
f 1349 1353 1174
f 1173 1174 1352
f 1174 1353 1352
f 1166 1349 1174
f 1165 1349 1166
f 1350 1170 1354
f 1170 1168 1354
f 1355 1356 1351
f 1351 1356 1352
f 1173 1352 1356
f 1356 1355 1171
f 1355 1172 1171
f 1173 1356 1171
f 1168 1169 1357
f 1176 1357 1169
f 1357 1176 1358
f 1357 1359 1354
f 1357 1358 1359
f 1168 1357 1354
f 1360 1177 1355
f 1177 1172 1355
f 1361 1178 1177
f 987 1177 1178
f 1180 1362 1358
f 1358 1176 1180
f 1180 1176 1175
f 1361 1177 1363
f 1364 1181 1361
f 1178 1361 1181
f 995 1179 1183
f 1365 1362 1180
f 1180 1366 1365
f 1366 995 1183
f 1366 1180 995
f 1181 1364 1367
f 1184 1367 1368
f 1368 1369 1184
f 991 1181 1367
f 1184 991 1367
f 1369 1185 1184
f 1370 1188 1187
f 1190 1370 1183
f 1188 1370 1190
f 1371 1366 1372
f 1370 1371 1372
f 1372 1366 1183
f 1372 1183 1370
f 1368 1373 1369
f 1373 1374 1375
f 1369 1373 1375
f 1185 1369 1186
f 1376 1186 1375
f 1186 1369 1375
f 1186 1376 1191
f 1191 1376 1008
f 1189 1377 1187
f 1378 1189 1200
f 1378 1377 1189
f 1370 1377 1379
f 1377 1370 1187
f 1380 1376 1381
f 1008 1376 1380
f 1192 1380 1382
f 1008 1380 1192
f 1193 1192 1382
f 1383 1384 1385
f 1383 1201 1193
f 1201 1011 1193
f 1201 1386 1203
f 1201 1203 1202
f 1386 1201 1385
f 1195 1203 1206
f 1195 1207 1194
f 1016 1194 1020
f 1194 1207 1208
f 1387 1210 1209
f 1208 1387 1209
f 1198 1388 1199
f 1388 1198 1210
f 1210 1197 1209
f 1388 1389 1199
f 1200 1389 1378
f 1199 1389 1200
f 1385 1201 1383
f 1205 1206 1390
f 1391 1207 1205
f 1392 1207 1391
f 1208 1207 1392
f 1392 1387 1208
f 1210 1387 1393
f 1394 1395 1396
f 1397 1398 1399
f 1394 1396 1400
f 1398 1394 1400
f 1213 1396 1401
f 1398 1400 1215
f 1212 1396 1213
f 1216 1400 1396
f 1216 1215 1400
f 1396 1211 1216
f 1212 1211 1396
f 1399 1402 1397
f 1398 1397 1403
f 1398 1404 1399
f 1218 1399 1404
f 1215 1404 1398
f 1219 1218 1404
f 1219 1404 1215
f 1402 1399 1218
f 1221 1405 1402
f 1402 1218 1221
f 1220 1221 1218
f 1406 1407 1405
f 1408 1406 1405
f 1402 1405 1407
f 1408 1405 1221
f 1409 1410 1411
f 1408 1410 1409
f 1408 1221 1410
f 1223 1410 1221
f 1223 1412 1410
f 1223 1231 1412
f 1401 1413 1414
f 1415 1224 1413
f 1415 1225 1224
f 1415 1237 1225
f 1224 1414 1413
f 1401 1416 1413
f 1395 1416 1401
f 1395 1401 1396
f 1227 1414 1224
f 1213 1401 1414
f 1227 1213 1414
f 1417 1418 1411
f 1410 1417 1411
f 1412 1417 1410
f 1412 1233 1417
f 1231 1233 1412
f 1419 1420 1421
f 1418 1417 1422
f 1417 1420 1422
f 1420 1234 1421
f 1233 1420 1417
f 1420 1233 1234
f 1423 1424 1425
f 1425 1426 1423
f 1427 1428 1424
f 1424 1237 1427
f 1423 1239 1238
f 1423 1238 1424
f 1424 1238 1237
f 1415 1427 1237
f 1236 1239 1045
f 1429 1421 1430
f 1241 1430 1421
f 1421 1234 1241
f 1430 1241 1247
f 1431 1432 1433
f 1433 1423 1426
f 1431 1433 1426
f 1434 1432 1435
f 1432 1244 1433
f 1434 1244 1432
f 1239 1423 1433
f 1244 1239 1433
f 1239 1244 1045
f 1436 1247 1242
f 1248 1436 1242
f 1437 1438 1439
f 1440 1438 1437
f 1436 1439 1438
f 1438 1440 1430
f 1247 1438 1430
f 1436 1438 1247
f 1441 1442 1443
f 1442 1441 1435
f 1441 1434 1435
f 1250 1434 1441
f 1244 1434 1250
f 1439 1436 1444
f 1445 1444 1248
f 1248 1444 1436
f 1252 1445 1248
f 1446 1439 1444
f 1444 1445 1257
f 1447 1261 1443
f 1261 1441 1443
f 1261 1255 1441
f 1261 1260 1255
f 1255 1251 1441
f 1251 1250 1441
f 1257 1445 1252
f 1446 1448 1449
f 1449 1448 1450
f 1450 1448 1259
f 1259 1448 1444
f 1444 1257 1259
f 1259 1264 1450
f 1451 1452 1267
f 1267 1453 1451
f 1447 1267 1262
f 1267 1447 1453
f 1447 1262 1261
f 1450 1264 1266
f 1454 1455 1456
f 1456 1455 1457
f 1457 1458 1456
f 1457 1455 1270
f 1455 1449 1450
f 1459 1270 1455
f 1450 1459 1455
f 1450 1266 1459
f 1266 1270 1459
f 1460 1452 1451
f 1276 1273 1460
f 1273 1268 1460
f 1460 1268 1452
f 1268 1267 1452
f 1461 1462 1463
f 1461 1464 1462
f 1462 1464 1457
f 1462 1274 1463
f 1462 1457 1274
f 1274 1457 1270
f 1274 1270 1271
f 1272 1273 1276
f 1278 1465 1466
f 1466 1463 1278
f 1280 1465 1278
f 1463 1274 1278
f 1278 1274 1275
f 1467 1465 1280
f 1468 1276 1469
f 1285 1468 1470
f 1285 1276 1468
f 1277 1276 1285
f 1280 1471 1467
f 1280 1279 1471
f 1279 1282 1471
f 1467 1471 1289
f 1471 1282 1289
f 1289 1288 1467
f 1467 1288 1472
f 1470 1473 1474
f 1470 1474 1286
f 1285 1470 1286
f 1475 1476 1477
f 1472 1288 1476
f 1476 1291 1477
f 1291 1476 1287
f 1476 1288 1287
f 1474 1478 1290
f 1290 1286 1474
f 1291 1292 1479
f 1479 1477 1291
f 1480 1479 1481
f 1479 1480 1477
f 1297 1481 1479
f 1479 1292 1297
f 1482 1483 1484
f 1483 1482 1478
f 1478 1294 1290
f 1295 1301 1296
f 1481 1297 1296
f 1485 1482 1298
f 1482 1485 1478
f 1478 1485 1294
f 1485 1298 1109
f 1109 1294 1485
f 1486 1299 1487
f 1488 1301 1299
f 1301 1488 1296
f 1299 1302 1487
f 1489 1490 1306
f 1489 1306 1298
f 1307 1306 1490
f 1303 1298 1306
f 1487 1304 1491
f 1491 1304 1121
f 1302 1304 1487
f 1491 1486 1487
f 1306 1307 1305
f 1492 1493 1494
f 1491 1494 1493
f 1494 1491 1121
f 1307 1495 1496
f 1496 1310 1308
f 1496 1308 1307
f 1492 1311 1312
f 1494 1311 1492
f 1121 1311 1494
f 1492 1312 1497
f 1498 1496 1499
f 1498 1310 1496
f 1310 1498 1314
f 1500 1497 1316
f 1500 1316 1317
f 1497 1312 1316
f 1133 1316 1127
f 1501 1502 1319
f 1321 1503 1501
f 1319 1321 1501
f 1503 1321 1498
f 1321 1314 1498
f 1325 1504 1505
f 1500 1317 1505
f 1322 1325 1505
f 1317 1322 1505
f 1325 1322 1130
f 1319 1502 1506
f 1507 1506 1508
f 1320 1319 1506
f 1323 1506 1327
f 1506 1323 1320
f 1326 1509 1325
f 1506 1507 1327
f 1507 1330 1327
f 1510 1509 1329
f 1329 1509 1326
f 1146 1330 1335
f 1510 1333 1511
f 1329 1333 1510
f 1330 1512 1335
f 1335 1512 1336
f 1513 1514 1515
f 1333 1332 1513
f 1513 1332 1514
f 1338 1514 1332
f 1513 1515 1511
f 1513 1511 1333
f 1516 1517 1336
f 1336 1512 1518
f 1517 1339 1336
f 1517 1342 1339
f 1519 1515 1514
f 1520 1519 1514
f 1338 1340 1514
f 1521 1522 1517
f 1522 1342 1517
f 1342 1522 1343
f 1520 1514 1523
f 1514 1340 1523
f 1345 1523 1340
f 1524 1525 1526
f 1343 1526 1525
f 1344 1525 1527
f 1525 1344 1343
f 1528 1523 1345
f 1525 1529 1527
f 1530 1527 1529
f 1527 1347 1159
f 1527 1159 1344
f 1531 1528 1346
f 1528 1531 1532
f 1160 1528 1345
f 1160 1346 1528
f 1530 1533 1348
f 1530 1348 1347
f 1347 1527 1530
f 1534 1348 1535
f 1535 1348 1533
f 1536 1531 1537
f 1537 1531 1346
f 1537 1346 1350
f 1534 1349 1348
f 1351 1349 1534
f 1351 1534 1538
f 1539 1351 1538
f 1349 1351 1353
f 1537 1540 1536
f 1541 1537 1354
f 1354 1537 1350
f 1351 1539 1355
f 1359 1542 1541
f 1354 1359 1541
f 1537 1541 1540
f 1355 1539 1543
f 1543 1360 1355
f 1360 1363 1177
f 1358 1544 1359
f 1544 1358 1545
f 1358 1362 1545
f 1546 1363 1360
f 1546 1361 1363
f 1361 1546 1364
f 1366 1362 1365
f 1362 1366 1547
f 1362 1544 1545
f 1547 1548 1362
f 1544 1362 1548
f 1368 1549 1550
f 1546 1549 1364
f 1367 1549 1368
f 1549 1367 1364
f 1547 1551 1548
f 1366 1371 1547
f 1550 1552 1373
f 1368 1550 1373
f 1552 1374 1373
f 1376 1375 1374
f 1553 1377 1378
f 1371 1379 1554
f 1553 1379 1377
f 1370 1379 1371
f 1371 1554 1555
f 1374 1556 1557
f 1558 1557 1559
f 1381 1374 1557
f 1557 1558 1381
f 1376 1374 1381
f 1380 1381 1558
f 1558 1382 1380
f 1382 1558 1560
f 1383 1382 1560
f 1382 1383 1193
f 1389 1388 1561
f 1561 1388 1562
f 1563 1553 1389
f 1378 1389 1553
f 1384 1383 1560
f 1564 1565 1384
f 1565 1385 1384
f 1386 1385 1565
f 1390 1386 1566
f 1386 1390 1203
f 1206 1203 1390
f 1205 1390 1567
f 1391 1205 1567
f 1568 1569 1391
f 1569 1392 1391
f 1568 1393 1569
f 1387 1569 1393
f 1387 1392 1569
f 1562 1393 1570
f 1393 1562 1210
f 1210 1562 1388
f 1571 1572 1573
f 1573 1395 1394
f 1394 1574 1573
f 1398 1574 1394
f 1571 1575 1572
f 1571 1403 1575
f 1574 1571 1573
f 1403 1571 1398
f 1574 1398 1571
f 1576 1403 1397
f 1407 1397 1402
f 1397 1407 1576
f 1406 1577 1407
f 1406 1408 1409
f 1411 1578 1409
f 1579 1580 1581
f 1573 1581 1580
f 1579 1416 1580
f 1582 1416 1579
f 1582 1413 1416
f 1415 1413 1582
f 1572 1583 1581
f 1572 1575 1583
f 1581 1573 1572
f 1580 1416 1573
f 1395 1573 1416
f 1576 1584 1575
f 1584 1585 1575
f 1575 1585 1583
f 1403 1576 1575
f 1585 1584 1586
f 1586 1584 1587
f 1584 1576 1587
f 1588 1589 1587
f 1586 1587 1589
f 1586 1589 1590
f 1588 1587 1407
f 1587 1576 1407
f 1588 1407 1591
f 1577 1591 1407
f 1592 1577 1406
f 1578 1593 1592
f 1592 1409 1578
f 1409 1592 1406
f 1594 1595 1596
f 1578 1594 1596
f 1578 1596 1593
f 1411 1594 1578
f 1411 1418 1594
f 1597 1598 1418
f 1594 1598 1595
f 1418 1422 1597
f 1598 1594 1418
f 1429 1599 1419
f 1599 1597 1419
f 1419 1421 1429
f 1420 1419 1422
f 1422 1419 1597
f 1428 1600 1601
f 1425 1428 1601
f 1600 1428 1427
f 1424 1428 1425
f 1415 1579 1600
f 1582 1579 1415
f 1600 1427 1415
f 1590 1589 1602
f 1588 1602 1589
f 1593 1577 1592
f 1577 1603 1591
f 1599 1429 1604
f 1429 1430 1605
f 1606 1605 1607
f 1429 1605 1604
f 1607 1605 1440
f 1608 1609 1426
f 1609 1610 1431
f 1609 1431 1426
f 1610 1432 1431
f 1435 1432 1610
f 1611 1608 1425
f 1425 1601 1611
f 1426 1425 1608
f 1607 1440 1437
f 1605 1430 1440
f 1612 1613 1614
f 1613 1612 1443
f 1613 1443 1615
f 1443 1442 1615
f 1442 1610 1615
f 1435 1610 1442
f 1616 1439 1446
f 1616 1437 1439
f 1451 1617 1618
f 1617 1612 1614
f 1612 1617 1453
f 1447 1612 1453
f 1447 1443 1612
f 1619 1616 1454
f 1616 1449 1454
f 1449 1616 1446
f 1448 1446 1444
f 1455 1454 1449
f 1620 1618 1621
f 1621 1622 1620
f 1620 1451 1618
f 1617 1451 1453
f 1456 1458 1454
f 1623 1624 1625
f 1625 1626 1458
f 1624 1626 1625
f 1623 1625 1627
f 1627 1625 1464
f 1625 1458 1464
f 1458 1457 1464
f 1627 1628 1623
f 1629 1630 1631
f 1629 1622 1630
f 1469 1460 1622
f 1620 1460 1451
f 1460 1620 1622
f 1460 1469 1276
f 1461 1627 1464
f 1632 1633 1628
f 1634 1632 1628
f 1627 1634 1628
f 1466 1632 1634
f 1634 1627 1461
f 1466 1461 1463
f 1634 1461 1466
f 1635 1636 1637
f 1635 1637 1631
f 1468 1637 1636
f 1629 1631 1637
f 1637 1469 1629
f 1469 1622 1629
f 1467 1638 1639
f 1640 1465 1467
f 1467 1639 1640
f 1466 1640 1632
f 1640 1466 1465
f 1641 1638 1467
f 1642 1643 1470
f 1636 1635 1642
f 1470 1468 1642
f 1642 1468 1636
f 1637 1468 1469
f 1644 1645 1646
f 1644 1646 1475
f 1646 1641 1472
f 1472 1475 1646
f 1467 1472 1641
f 1647 1644 1475
f 1643 1473 1470
f 1643 1648 1474
f 1474 1473 1643
f 1475 1649 1650
f 1649 1475 1477
f 1649 1477 1480
f 1476 1475 1472
f 1648 1651 1483
f 1474 1483 1478
f 1483 1474 1648
f 1481 1649 1480
f 1652 1653 1481
f 1649 1481 1653
f 1652 1654 1653
f 1484 1483 1651
f 1651 1655 1484
f 1656 1484 1655
f 1657 1654 1488
f 1652 1481 1654
f 1654 1296 1488
f 1481 1296 1654
f 1489 1658 1659
f 1489 1659 1660
f 1656 1655 1658
f 1489 1656 1658
f 1484 1656 1482
f 1298 1656 1489
f 1482 1656 1298
f 1661 1657 1488
f 1486 1488 1299
f 1486 1661 1488
f 1490 1489 1660
f 1662 1486 1491
f 1307 1660 1663
f 1307 1490 1660
f 1493 1664 1662
f 1662 1491 1493
f 1664 1493 1492
f 1499 1665 1666
f 1665 1499 1495
f 1495 1663 1665
f 1307 1663 1495
f 1495 1499 1496
f 1667 1668 1492
f 1492 1497 1667
f 1503 1669 1501
f 1499 1669 1503
f 1669 1499 1666
f 1498 1499 1503
f 1668 1667 1670
f 1670 1667 1500
f 1500 1667 1497
f 1500 1504 1671
f 1504 1500 1505
f 1508 1502 1672
f 1506 1502 1508
f 1509 1504 1325
f 1673 1504 1674
f 1504 1509 1674
f 1507 1675 1330
f 1508 1676 1507
f 1507 1676 1675
f 1674 1509 1677
f 1510 1678 1677
f 1510 1677 1509
f 1675 1679 1330
f 1330 1679 1512
f 1510 1680 1678
f 1680 1510 1681
f 1681 1510 1511
f 1682 1512 1679
f 1512 1682 1518
f 1515 1683 1681
f 1680 1681 1683
f 1683 1515 1684
f 1515 1681 1511
f 1685 1686 1521
f 1686 1687 1521
f 1516 1682 1685
f 1518 1682 1516
f 1516 1685 1521
f 1518 1516 1336
f 1521 1517 1516
f 1519 1688 1515
f 1515 1688 1684
f 1524 1689 1690
f 1689 1521 1687
f 1521 1689 1343
f 1689 1524 1526
f 1521 1343 1522
f 1689 1526 1343
f 1691 1692 1688
f 1519 1691 1688
f 1520 1691 1519
f 1690 1693 1524
f 1694 1524 1693
f 1528 1520 1523
f 1520 1528 1695
f 1529 1696 1697
f 1697 1530 1529
f 1524 1694 1525
f 1525 1694 1529
f 1695 1528 1532
f 1535 1530 1697
f 1530 1535 1533
f 1698 1532 1531
f 1531 1536 1698
f 1698 1699 1532
f 1700 1538 1701
f 1534 1535 1701
f 1534 1701 1538
f 1702 1698 1703
f 1536 1540 1703
f 1536 1703 1698
f 1538 1700 1539
f 1704 1703 1540
f 1704 1540 1541
f 1542 1704 1541
f 1360 1705 1706
f 1543 1539 1705
f 1360 1543 1705
f 1542 1707 1708
f 1542 1544 1707
f 1359 1544 1542
f 1706 1546 1360
f 1709 1546 1706
f 1710 1551 1711
f 1551 1710 1548
f 1544 1548 1710
f 1710 1707 1544
f 1546 1712 1549
f 1712 1546 1709
f 1550 1712 1713
f 1549 1712 1550
f 1714 1551 1547
f 1555 1547 1371
f 1715 1556 1550
f 1552 1550 1556
f 1374 1552 1556
f 1554 1716 1555
f 1716 1714 1555
f 1547 1555 1714
f 1556 1717 1557
f 1717 1559 1557
f 1558 1559 1718
f 1558 1718 1560
f 1563 1719 1720
f 1563 1720 1553
f 1719 1563 1561
f 1563 1389 1561
f 1721 1716 1554
f 1720 1721 1554
f 1553 1720 1554
f 1554 1379 1553
f 1559 1722 1718
f 1723 1565 1564
f 1723 1564 1724
f 1724 1560 1718
f 1560 1564 1384
f 1564 1560 1724
f 1725 1565 1723
f 1726 1727 1386
f 1728 1566 1727
f 1566 1386 1727
f 1729 1567 1730
f 1730 1566 1731
f 1567 1566 1730
f 1567 1390 1566
f 1732 1568 1567
f 1567 1568 1391
f 1733 1734 1735
f 1732 1733 1568
f 1393 1568 1733
f 1570 1393 1733
f 1736 1562 1733
f 1570 1733 1562
f 1719 1561 1562
f 1731 1566 1728
f 1737 1581 1738
f 1581 1583 1738
f 1739 1583 1740
f 1585 1740 1583
f 1585 1586 1740
f 1600 1741 1601
f 1742 1601 1741
f 1741 1581 1742
f 1741 1600 1579
f 1741 1579 1581
f 1743 1744 1745
f 1745 1744 1746
f 1747 1746 1744
f 1744 1743 1738
f 1747 1744 1748
f 1583 1748 1738
f 1738 1748 1744
f 1583 1739 1748
f 1749 1746 1747
f 1749 1750 1751
f 1750 1747 1739
f 1740 1750 1739
f 1747 1748 1739
f 1752 1751 1750
f 1752 1750 1753
f 1754 1753 1750
f 1754 1590 1753
f 1754 1750 1740
f 1754 1586 1590
f 1740 1586 1754
f 1755 1756 1757
f 1752 1753 1756
f 1753 1757 1756
f 1753 1590 1757
f 1602 1757 1590
f 1755 1602 1758
f 1757 1602 1755
f 1591 1758 1602
f 1588 1591 1602
f 1603 1759 1760
f 1603 1760 1758
f 1603 1758 1591
f 1593 1603 1577
f 1603 1593 1759
f 1593 1761 1762
f 1763 1593 1596
f 1764 1765 1763
f 1764 1766 1765
f 1595 1763 1596
f 1763 1595 1764
f 1597 1599 1764
f 1604 1766 1764
f 1764 1599 1604
f 1595 1598 1764
f 1597 1764 1598
f 1767 1766 1606
f 1606 1766 1604
f 1605 1606 1604
f 1768 1769 1615
f 1770 1768 1615
f 1608 1611 1770
f 1770 1609 1608
f 1610 1770 1615
f 1609 1770 1610
f 1611 1771 1770
f 1611 1772 1771
f 1601 1772 1611
f 1773 1746 1749
f 1593 1774 1759
f 1774 1593 1762
f 1593 1763 1761
f 1761 1763 1775
f 1765 1775 1763
f 1776 1766 1767
f 1767 1606 1607
f 1777 1767 1607
f 1778 1777 1779
f 1777 1607 1779
f 1437 1779 1607
f 1780 1781 1782
f 1783 1782 1781
f 1784 1781 1780
f 1613 1781 1784
f 1781 1613 1769
f 1617 1614 1784
f 1614 1613 1784
f 1783 1781 1769
f 1613 1615 1769
f 1778 1779 1785
f 1785 1779 1619
f 1779 1437 1619
f 1619 1437 1616
f 1621 1618 1780
f 1784 1780 1618
f 1617 1784 1618
f 1786 1787 1788
f 1787 1789 1790
f 1790 1626 1787
f 1626 1790 1785
f 1454 1785 1619
f 1626 1454 1458
f 1454 1626 1785
f 1787 1791 1788
f 1791 1787 1624
f 1626 1624 1787
f 1621 1792 1793
f 1622 1621 1793
f 1623 1794 1791
f 1624 1623 1791
f 1795 1794 1633
f 1623 1628 1794
f 1631 1799 1800
f 1631 1630 1799
f 1630 1622 1799
f 1793 1799 1622
f 1801 1633 1632
f 1794 1628 1633
f 1801 1640 1802
f 1801 1632 1640
f 1803 1804 1805
f 1642 1803 1805
f 1635 1806 1803
f 1635 1631 1806
f 1635 1803 1642
f 1802 1639 1808
f 1802 1640 1639
f 1638 1645 1809
f 1639 1638 1808
f 1641 1645 1638
f 1645 1641 1646
f 1810 1642 1805
f 1811 1809 1645
f 1811 1644 1647
f 1811 1645 1644
f 1812 1647 1650
f 1647 1475 1650
f 1813 1814 1815
f 1643 1810 1815
f 1643 1642 1810
f 1643 1814 1648
f 1643 1815 1814
f 1812 1650 1816
f 1650 1649 1816
f 1817 1818 1819
f 1814 1813 1818
f 1651 1814 1818
f 1818 1655 1651
f 1648 1814 1651
f 1816 1653 1820
f 1820 1653 1821
f 1821 1653 1654
f 1649 1653 1816
f 1817 1819 1822
f 1659 1822 1823
f 1658 1817 1822
f 1655 1818 1817
f 1658 1655 1817
f 1824 1825 1657
f 1826 1824 1657
f 1821 1657 1825
f 1657 1821 1654
f 1827 1659 1823
f 1822 1659 1658
f 1661 1826 1657
f 1828 1660 1829
f 1829 1660 1827
f 1663 1660 1828
f 1827 1660 1659
f 1830 1661 1486
f 1662 1830 1486
f 1831 1830 1832
f 1828 1833 1665
f 1663 1828 1665
f 1664 1830 1662
f 1830 1664 1834
f 1833 1835 1665
f 1666 1665 1835
f 1836 1834 1664
f 1668 1834 1836
f 1492 1668 1836
f 1664 1492 1836
f 1669 1837 1838
f 1669 1666 1837
f 1839 1668 1840
f 1840 1668 1670
f 1670 1671 1841
f 1671 1670 1500
f 1841 1840 1670
f 1842 1669 1838
f 1669 1842 1501
f 1502 1842 1843
f 1841 1671 1504
f 1842 1838 1843
f 1844 1676 1672
f 1844 1672 1843
f 1508 1672 1676
f 1672 1502 1843
f 1842 1502 1501
f 1845 1673 1846
f 1847 1504 1673
f 1846 1673 1674
f 1848 1849 1844
f 1676 1844 1849
f 1849 1675 1676
f 1677 1850 1846
f 1674 1677 1846
f 1849 1851 1679
f 1849 1852 1851
f 1849 1679 1675
f 1853 1854 1677
f 1853 1677 1678
f 1678 1683 1853
f 1680 1683 1678
f 1682 1855 1856
f 1679 1855 1682
f 1855 1679 1851
f 1855 1857 1856
f 1858 1856 1857
f 1859 1686 1858
f 1682 1856 1685
f 1686 1685 1856
f 1684 1692 1860
f 1688 1692 1684
f 1861 1859 1862
f 1690 1861 1862
f 1686 1861 1687
f 1861 1690 1689
f 1861 1689 1687
f 1691 1863 1692
f 1520 1863 1691
f 1690 1864 1693
f 1864 1696 1693
f 1865 1866 1863
f 1863 1695 1865
f 1863 1520 1695
f 1696 1867 1868
f 1869 1696 1868
f 1696 1869 1697
f 1693 1696 1694
f 1529 1694 1696
f 1695 1699 1865
f 1532 1699 1695
f 1866 1865 1699
f 1870 1697 1869
f 1697 1870 1535
f 1701 1535 1870
f 1871 1699 1872
f 1698 1702 1872
f 1699 1698 1872
f 1700 1870 1873
f 1700 1701 1870
f 1873 1874 1700
f 1704 1875 1703
f 1703 1875 1702
f 1705 1539 1700
f 1542 1708 1704
f 1706 1876 1709
f 1876 1706 1705
f 1708 1707 1877
f 1707 1878 1877
f 1710 1711 1878
f 1710 1878 1707
f 1879 1880 1712
f 1712 1709 1879
f 1881 1712 1880
f 1711 1714 1882
f 1883 1711 1882
f 1878 1711 1883
f 1714 1711 1551
f 1715 1881 1884
f 1881 1713 1712
f 1881 1715 1713
f 1885 1715 1884
f 1550 1713 1715
f 1556 1715 1885
f 1886 1887 1716
f 1887 1882 1714
f 1716 1887 1714
f 1888 1717 1885
f 1556 1885 1717
f 1559 1717 1722
f 1889 1721 1720
f 1721 1889 1890
f 1890 1886 1721
f 1886 1716 1721
f 1888 1722 1717
f 1718 1891 1892
f 1891 1718 1722
f 1724 1718 1892
f 1893 1892 1891
f 1892 1893 1724
f 1893 1723 1724
f 1565 1726 1386
f 1732 1567 1729
f 1733 1732 1734
f 1733 1735 1736
f 1562 1736 1719
f 1894 1719 1736
f 1889 1719 1894
f 1889 1720 1719
f 1893 1725 1723
f 1726 1725 1895
f 1896 1897 1727
f 1895 1896 1726
f 1565 1725 1726
f 1896 1727 1726
f 1897 1728 1727
f 1898 1731 1899
f 1897 1731 1728
f 1729 1731 1898
f 1729 1730 1731
f 1729 1898 1900
f 1734 1729 1900
f 1734 1732 1729
f 1742 1772 1601
f 1745 1737 1743
f 1738 1743 1737
f 1581 1737 1742
f 1901 1902 1773
f 1752 1903 1901
f 1752 1901 1773
f 1752 1904 1903
f 1752 1756 1904
f 1905 1906 1904
f 1756 1905 1904
f 1755 1905 1756
f 1907 1906 1905
f 1760 1907 1905
f 1760 1905 1758
f 1755 1758 1905
f 1770 1771 1908
f 1770 1908 1768
f 1909 1910 1911
f 1742 1912 1910
f 1771 1910 1909
f 1772 1910 1771
f 1910 1772 1742
f 1913 1914 1915
f 1916 1912 1917
f 1917 1912 1745
f 1737 1745 1912
f 1742 1737 1912
f 1917 1746 1916
f 1912 1916 1914
f 1917 1745 1746
f 1913 1773 1918
f 1915 1746 1773
f 1746 1915 1916
f 1752 1749 1751
f 1773 1749 1752
f 1750 1749 1747
f 1760 1919 1907
f 1919 1760 1774
f 1774 1760 1759
f 1774 1920 1921
f 1921 1919 1774
f 1920 1774 1762
f 1922 1920 1762
f 1922 1762 1775
f 1761 1775 1762
f 1923 1920 1922
f 1923 1922 1776
f 1922 1775 1776
f 1776 1775 1766
f 1775 1765 1766
f 1776 1777 1923
f 1924 1777 1778
f 1776 1767 1777
f 1925 1926 1927
f 1927 1926 1782
f 1783 1928 1927
f 1782 1783 1927
f 1780 1782 1926
f 1929 1930 1928
f 1931 1932 1929
f 1931 1929 1928
f 1927 1928 1930
f 1908 1931 1928
f 1783 1908 1928
f 1908 1909 1931
f 1771 1909 1908
f 1783 1768 1908
f 1783 1769 1768
f 1932 1931 1911
f 1931 1909 1911
f 1916 1915 1914
f 1933 1920 1923
f 1777 1924 1923
f 1934 1789 1786
f 1778 1785 1790
f 1925 1792 1926
f 1780 1926 1792
f 1792 1621 1780
f 1792 1925 1935
f 1929 1936 1937
f 1936 1929 1932
f 1786 1938 1934
f 1787 1786 1789
f 1789 1778 1790
f 1786 1939 1938
f 1940 1941 1942
f 1939 1786 1941
f 1942 1941 1943
f 1786 1788 1941
f 1788 1791 1941
f 1941 1791 1943
f 1791 1794 1943
f 1944 1945 1940
f 1940 1942 1944
f 1942 1943 1794
f 1946 1792 1935
f 1799 1793 1946
f 1793 1792 1946
f 1947 1795 1948
f 1795 1945 1944
f 1794 1795 1944
f 1794 1944 1942
f 1795 1947 1945
f 1949 1946 1950
f 1800 1946 1949
f 1799 1946 1800
f 1800 1949 1631
f 1951 1948 1795
f 1808 1951 1802
f 1951 1795 1633
f 1802 1951 1801
f 1951 1633 1801
f 1808 1952 1953
f 1953 1951 1808
f 1954 1805 1804
f 1806 1955 1804
f 1955 1806 1956
f 1806 1949 1956
f 1806 1631 1949
f 1803 1806 1804
f 1952 1638 1957
f 1952 1808 1638
f 1957 1638 1809
f 1957 1958 1959
f 1960 1958 1957
f 1961 1805 1954
f 1810 1805 1961
f 1809 1960 1957
f 1809 1811 1960
f 1960 1811 1962
f 1647 1962 1811
f 1647 1812 1962
f 1963 1961 1964
f 1963 1964 1965
f 1813 1963 1965
f 1813 1815 1963
f 1815 1961 1963
f 1810 1961 1815
f 1962 1812 1966
f 1816 1966 1812
f 1967 1816 1820
f 1965 1968 1819
f 1965 1964 1969
f 1819 1818 1965
f 1818 1813 1965
f 1825 1970 1971
f 1820 1825 1971
f 1821 1825 1820
f 1972 1822 1819
f 1970 1825 1824
f 1972 1973 1974
f 1972 1819 1973
f 1823 1972 1974
f 1823 1822 1972
f 1975 1826 1831
f 1831 1826 1661
f 1974 1976 1829
f 1828 1829 1976
f 1829 1827 1974
f 1974 1827 1823
f 1830 1831 1661
f 1976 1833 1828
f 1834 1977 1832
f 1830 1834 1832
f 1835 1978 1979
f 1833 1978 1835
f 1666 1835 1979
f 1980 1977 1834
f 1981 1980 1834
f 1982 1979 1983
f 1978 1983 1979
f 1837 1979 1982
f 1837 1982 1838
f 1666 1979 1837
f 1984 1980 1981
f 1839 1981 1668
f 1834 1668 1981
f 1838 1982 1985
f 1839 1986 1981
f 1839 1987 1988
f 1987 1839 1840
f 1985 1989 1990
f 1989 1985 1991
f 1990 1989 1848
f 1843 1985 1990
f 1848 1844 1990
f 1844 1843 1990
f 1985 1843 1838
f 1987 1992 1993
f 1992 1987 1847
f 1847 1845 1992
f 1841 1987 1840
f 1673 1845 1847
f 1841 1847 1987
f 1847 1841 1504
f 1848 1994 1849
f 1848 1989 1994
f 1852 1849 1994
f 1850 1992 1845
f 1854 1995 1850
f 1850 1677 1854
f 1850 1845 1846
f 1994 1996 1852
f 1851 1852 1996
f 1997 1995 1853
f 1995 1854 1853
f 1998 1997 1853
f 1999 2000 1996
f 1855 2000 1857
f 2000 1855 1996
f 1996 1855 1851
f 1683 1860 1998
f 1853 1683 1998
f 1684 1860 1683
f 2000 1858 1857
f 2000 2001 1858
f 2001 1859 1858
f 1856 1858 1686
f 1686 1859 1861
f 2002 1860 1692
f 2001 2003 1859
f 2003 2004 1862
f 1859 2003 1862
f 2004 1690 1862
f 2002 2005 1860
f 2002 2006 2005
f 1692 2006 2002
f 2003 2007 2004
f 1864 2007 2008
f 2004 2007 1864
f 1864 2008 1696
f 2004 1864 1690
f 2009 2006 1866
f 1692 1866 2006
f 1863 1866 1692
f 1867 1696 2008
f 1867 2010 1868
f 1868 2010 1869
f 2011 2012 2009
f 2011 2009 1866
f 2012 2011 1699
f 1866 1699 2011
f 1869 2010 2013
f 2013 2014 1869
f 1869 2014 1870
f 1871 2015 2012
f 1871 2012 1699
f 1873 2016 1874
f 2016 1873 2014
f 2014 1873 1870
f 2017 2015 1872
f 1702 2018 1872
f 1872 2018 2017
f 1871 1872 2015
f 1702 1875 2018
f 2019 2020 1704
f 2020 2021 2018
f 1875 2020 2018
f 1875 1704 2020
f 2022 2023 1874
f 1700 1874 2023
f 2023 1705 1700
f 2020 2019 2024
f 2024 2019 2025
f 2025 1708 2026
f 2019 1708 2025
f 1704 1708 2019
f 2027 1876 2023
f 1876 2027 2028
f 1705 2023 1876
f 2028 1709 1876
f 1883 2029 1877
f 1877 1878 1883
f 2026 1708 2029
f 2029 1708 1877
f 2028 2030 2031
f 1879 2028 2031
f 2031 1880 1879
f 1881 1880 2031
f 2032 1881 2031
f 2028 1879 1709
f 2033 1883 2034
f 2034 1883 1882
f 2035 1881 2032
f 2035 1884 1881
f 2036 2037 1887
f 2034 1882 2037
f 2037 1882 1887
f 2038 1885 1884
f 1885 2038 1888
f 2039 1888 2038
f 1886 1890 2040
f 1890 1889 2040
f 2041 2036 1886
f 1886 2040 2041
f 1887 1886 2036
f 2042 2043 2044
f 2043 1891 2044
f 2044 2039 2042
f 2039 2044 1722
f 1722 1888 2039
f 1891 1722 2044
f 2043 2045 1891
f 2045 1893 1891
f 2046 1894 1736
f 2047 1889 1894
f 2047 2040 1889
f 2048 2045 2049
f 2048 1893 2045
f 2050 1725 2048
f 1725 1893 2048
f 2050 1896 1895
f 1895 1725 2050
f 2051 1899 2052
f 2052 1899 2053
f 2053 1899 1897
f 2053 1897 1896
f 1731 1897 1899
f 1898 1899 2051
f 1900 1898 2054
f 1734 1900 2055
f 2056 2055 1900
f 1735 2056 2046
f 1734 2055 2056
f 2056 1735 1734
f 2057 2056 2058
f 1736 1735 2046
f 2059 1918 1902
f 1918 1773 1902
f 2060 2061 1904
f 1902 2061 2059
f 1903 1904 2061
f 1901 1903 2061
f 1901 2061 1902
f 1904 2062 2063
f 2062 1904 1906
f 1906 2064 2062
f 1906 1907 2064
f 1907 1919 2064
f 1912 1914 1910
f 1913 2065 1914
f 1918 2065 1913
f 1773 1913 1915
f 2066 1919 1921
f 2067 1921 1920
f 2067 1920 1933
f 2068 2069 2070
f 2069 2068 2071
f 2072 2069 2071
f 2071 2068 2073
f 1924 2072 2071
f 2073 1924 2071
f 1789 1924 1778
f 2074 1930 2075
f 1925 1930 2074
f 1925 1927 1930
f 2076 1914 2077
f 1936 1932 2076
f 1911 2076 1932
f 2076 1911 1914
f 1911 1910 1914
f 2078 1933 2079
f 2079 2068 2070
f 1933 1923 2079
f 2073 2068 2079
f 2079 1923 2073
f 2073 1923 1924
f 2091 2092 2093
f 2092 2070 2093
f 2092 2091 2094
f 2093 2070 2069
f 1938 2091 2093
f 1934 2093 2069
f 2069 2072 1934
f 2093 1934 1938
f 2072 1789 1934
f 1924 1789 2072
f 2100 2074 2075
f 2074 2100 1935
f 1935 1925 2074
f 2075 2101 2102
f 1930 2103 2075
f 2075 2103 2101
f 1936 2104 2105
f 1937 1936 2105
f 2104 1936 2106
f 1937 2103 1929
f 1929 2103 1930
f 2101 1937 2105
f 2103 1937 2101
f 1938 1939 2091
f 2091 1939 2107
f 2107 1939 1940
f 1940 1939 1941
f 1945 1947 2108
f 1940 1945 2107
f 2109 2110 2111
f 2102 2111 2100
f 1935 2111 2110
f 1935 2100 2111
f 1950 1935 2110
f 1946 1935 1950
f 2109 2112 2113
f 2102 2112 2109
f 2111 2102 2109
f 2075 2102 2100
f 2102 2105 2112
f 2105 2102 2101
f 2114 2115 1947
f 1948 2114 1947
f 2116 2117 2118
f 2116 2118 1955
f 2116 1956 2110
f 1956 2116 1955
f 1950 2110 1956
f 1949 1950 1956
f 2117 2113 2119
f 2117 2120 2113
f 2116 2120 2117
f 2110 2120 2116
f 2110 2109 2120
f 2120 2109 2113
f 2121 2114 1948
f 1953 2121 1948
f 2121 1953 2122
f 1948 1951 1953
f 2122 1953 1952
f 2123 2124 1954
f 2123 1954 2125
f 2126 2125 2118
f 2125 1955 2118
f 1804 2125 1954
f 1804 1955 2125
f 2117 2127 2126
f 2118 2117 2126
f 1959 2128 1952
f 1952 1957 1959
f 2129 1959 2130
f 2130 1959 1958
f 2130 1958 1960
f 2131 2132 1964
f 2132 2131 2133
f 2124 2131 1954
f 1961 2131 1964
f 1961 1954 2131
f 2130 2134 2129
f 2135 2134 2136
f 2136 2134 2130
f 1966 2130 1960
f 1966 1960 1962
f 1964 2137 1969
f 2137 1964 2132
f 1967 1966 1816
f 1966 1967 2136
f 2130 1966 2136
f 2136 2138 2135
f 2138 2136 1967
f 1968 2139 2140
f 1969 2139 1968
f 1965 1969 1968
f 2139 1969 2137
f 2138 1971 2141
f 1820 1971 1967
f 2141 1971 1970
f 1968 2140 1973
f 1819 1968 1973
f 2141 1970 1975
f 1826 1975 1824
f 1975 1970 1824
f 2142 2143 2144
f 1973 2143 2142
f 1974 1973 2142
f 2145 2146 2147
f 2146 2142 2147
f 1974 2142 2146
f 2146 1976 1974
f 2148 1831 2149
f 2150 2151 1831
f 1832 2150 1831
f 2150 1832 1977
f 1976 2145 1978
f 1833 1976 1978
f 2152 2150 1977
f 1978 2153 1983
f 2153 1978 2154
f 2145 2154 1978
f 1980 2152 1977
f 1983 2153 2155
f 1982 2155 2156
f 1983 2155 1982
f 2157 2158 1984
f 1980 1984 2158
f 1986 1984 1981
f 2159 2156 2160
f 1991 2156 2161
f 2156 2155 2160
f 2162 2156 1991
f 1982 2156 2162
f 1985 2162 1991
f 1982 2162 1985
f 1986 2163 2157
f 2157 1984 1986
f 1988 1986 1839
f 1989 1991 2161
f 2164 2163 1993
f 1988 2163 1986
f 2163 1988 1993
f 1992 2164 1993
f 1987 1993 1988
f 2165 1989 2161
f 1994 1989 2165
f 2166 2164 1992
f 2166 1850 1995
f 2166 1992 1850
f 1996 2167 1999
f 1996 1994 2165
f 2168 2166 1995
f 1998 2168 1997
f 2168 1995 1997
f 1860 2169 1998
f 1998 2169 2168
f 2170 2169 1860
f 1999 2171 2000
f 2171 2001 2000
f 2170 2005 2172
f 1860 2005 2170
f 2003 2173 2174
f 2173 2003 2171
f 2171 2003 2001
f 2175 2174 2176
f 2003 2174 2007
f 2006 2177 2005
f 2010 2178 2179
f 2007 2178 1867
f 2008 2007 1867
f 2009 2180 2177
f 2180 2009 2181
f 2006 2009 2177
f 2012 2181 2009
f 2178 2010 1867
f 2179 2182 2183
f 2014 2183 2182
f 2183 2010 2179
f 2010 2183 2013
f 2014 2013 2183
f 2012 2184 2181
f 2184 2012 2185
f 2015 2185 2012
f 2186 2016 2182
f 2016 2014 2182
f 2187 2188 2189
f 2015 2187 2185
f 2017 2188 2187
f 2187 2015 2017
f 2016 2186 1874
f 2186 2190 2022
f 1874 2186 2022
f 2017 2191 2188
f 2191 2021 2192
f 2191 2017 2021
f 2020 2192 2021
f 2017 2018 2021
f 2193 2190 2194
f 2190 2023 2022
f 2195 2024 2026
f 2192 2020 2024
f 2025 2026 2024
f 2196 2197 2030
f 2027 2196 2030
f 2198 2027 2190
f 2030 2028 2027
f 2023 2190 2027
f 2026 2029 2199
f 2200 2032 2197
f 2032 2030 2197
f 2030 2032 2031
f 2033 2034 2201
f 2201 2034 2202
f 2201 2199 2029
f 2201 2029 2033
f 1883 2033 2029
f 2203 2032 2200
f 2204 2205 2032
f 2032 2203 2204
f 2035 2032 2205
f 2205 1884 2035
f 2034 2206 2202
f 2037 2036 2206
f 2206 2034 2037
f 2038 1884 2205
f 2039 2038 2207
f 2208 2041 2040
f 2206 2036 2041
f 2207 2209 2039
f 2209 2042 2039
f 2057 1894 2046
f 2210 2211 2047
f 2211 2210 2212
f 2047 1894 2210
f 2208 2040 2211
f 2211 2040 2047
f 2049 2045 2043
f 2050 2048 2049
f 2053 2213 2214
f 2213 2050 2049
f 2053 1896 2050
f 2215 2216 2052
f 2215 2052 2214
f 2214 2052 2053
f 2213 2053 2050
f 2217 2054 2218
f 2218 2054 2051
f 2216 2051 2052
f 2054 1898 2051
f 2219 2054 2217
f 1900 2054 2219
f 2219 2056 1900
f 2220 2057 2058
f 2058 2219 2221
f 2056 2219 2058
f 2222 2210 2057
f 2056 2057 2046
f 1894 2057 2210
f 2059 2223 1918
f 2223 2059 2224
f 2059 2060 2225
f 2059 2061 2060
f 2063 2060 1904
f 2060 2063 2226
f 2227 2063 2062
f 2062 2064 2227
f 2064 2228 2227
f 2064 2066 2228
f 1919 2066 2064
f 2229 2077 2065
f 2065 2223 2229
f 2065 1918 2223
f 2066 1921 2067
f 2067 1933 2230
f 1936 2076 2106
f 2106 2076 2077
f 1914 2065 2077
f 1933 2231 2230
f 2078 2231 1933
f 2078 2079 2232
f 2070 2232 2079
f 2233 2234 2094
f 2094 2234 2232
f 2078 2232 2234
f 2232 2092 2094
f 2070 2092 2232
f 2235 2236 2237
f 2236 2235 2238
f 2238 2235 2107
f 2233 2239 2078
f 2078 2234 2233
f 2094 2091 2237
f 2235 2237 2107
f 2237 2091 2107
f 2238 2240 2236
f 2238 2108 2240
f 2240 2108 2115
f 2108 2238 1945
f 1945 2238 2107
f 2108 1947 2115
f 2240 2115 2241
f 2115 2114 2241
f 2242 2105 2104
f 2113 2112 2242
f 2105 2242 2112
f 2243 2244 2245
f 2114 2244 2241
f 2119 2246 2247
f 2248 2244 2249
f 2121 2249 2244
f 2121 2244 2114
f 2122 2249 2121
f 2127 2250 2251
f 2252 2124 2253
f 2253 2251 2252
f 2127 2251 2126
f 2124 2123 2253
f 2125 2126 2251
f 2125 2251 2253
f 2253 2123 2125
f 2250 2247 2246
f 2250 2127 2247
f 2127 2119 2247
f 2246 2119 2113
f 2119 2127 2117
f 2249 2122 2254
f 2128 2254 2122
f 2128 2122 1952
f 2255 2254 2128
f 2129 2255 2128
f 2128 1959 2129
f 2133 2256 2257
f 2133 2124 2256
f 2132 2133 2257
f 2131 2124 2133
f 2258 2259 2129
f 2255 2129 2259
f 2135 2258 2134
f 2258 2129 2134
f 2137 2257 2260
f 2132 2257 2137
f 2139 2260 2140
f 2260 2139 2137
f 2138 2141 2261
f 2135 2138 2261
f 1971 2138 1967
f 2262 2261 2141
f 2140 2263 2264
f 1973 2140 2264
f 2143 2264 2144
f 2264 2143 1973
f 1831 2148 1975
f 2148 2262 2141
f 2148 2141 1975
f 2142 2144 2265
f 2142 2265 2147
f 2149 2266 2148
f 2151 2267 2149
f 2151 2149 1831
f 2147 2268 2154
f 2268 2147 2265
f 2154 2145 2147
f 2146 2145 1976
f 2151 2152 2269
f 2152 2151 2150
f 2270 2268 2271
f 2268 2270 2153
f 2154 2268 2153
f 2158 2152 1980
f 2270 2272 2160
f 2270 2160 2155
f 2153 2270 2155
f 2157 2273 2269
f 2157 2269 2158
f 2152 2158 2269
f 2156 2159 2274
f 2156 2274 2161
f 2161 2274 2275
f 2164 2276 2163
f 2275 2277 2278
f 2165 2275 2278
f 2165 2161 2275
f 1996 2165 2278
f 2279 2280 2164
f 2167 2277 2281
f 1999 2281 2282
f 2277 2167 2278
f 2167 2281 1999
f 2167 1996 2278
f 2279 2164 2166
f 2283 2279 2168
f 2168 2279 2166
f 1999 2282 2171
f 2284 2283 2169
f 2169 2283 2168
f 2282 2285 2286
f 2282 2286 2171
f 2170 2287 2284
f 2170 2284 2169
f 2172 2287 2170
f 2286 2285 2173
f 2285 2176 2173
f 2286 2173 2171
f 2172 2288 2287
f 2005 2289 2288
f 2005 2288 2172
f 2176 2174 2173
f 2178 2174 2175
f 2180 2290 2289
f 2289 2005 2177
f 2180 2289 2177
f 2291 2292 2175
f 2175 2292 2178
f 2292 2179 2178
f 2174 2178 2007
f 2293 2290 2180
f 2291 2182 2292
f 2179 2292 2182
f 2181 2294 2180
f 2181 2184 2294
f 2295 2182 2291
f 2182 2296 2297
f 2297 2186 2182
f 2187 2189 2298
f 2294 2184 2299
f 2299 2187 2298
f 2187 2184 2185
f 2184 2187 2299
f 2186 2297 2300
f 2191 2301 2189
f 2188 2191 2189
f 2300 2302 2186
f 2186 2302 2194
f 2193 2302 2303
f 2193 2194 2302
f 2186 2194 2190
f 2190 2193 2198
f 2304 2193 2303
f 2301 2191 2195
f 2195 2191 2192
f 2192 2024 2195
f 2198 2304 2196
f 2193 2304 2198
f 2196 2027 2198
f 2305 2199 2306
f 2195 2026 2199
f 2307 2308 2201
f 2199 2201 2308
f 2309 2203 2200
f 2310 2311 2312
f 2311 2310 2202
f 2307 2201 2310
f 2201 2202 2310
f 2205 2204 2313
f 2314 2205 2313
f 2314 2038 2205
f 2314 2207 2038
f 2207 2314 2315
f 2311 2041 2316
f 2316 2041 2208
f 2202 2206 2311
f 2041 2311 2206
f 2209 2315 2317
f 2209 2317 2042
f 2315 2209 2207
f 2042 2318 2043
f 2318 2042 2317
f 2319 2208 2211
f 2211 2320 2319
f 2320 2211 2212
f 2316 2208 2319
f 2321 2322 2318
f 2043 2318 2322
f 2322 2323 2049
f 2043 2322 2049
f 2323 2213 2049
f 2324 2325 2213
f 2325 2214 2213
f 2326 2215 2214
f 2215 2218 2216
f 2218 2215 2327
f 2328 2218 2327
f 2218 2051 2216
f 2221 2217 2328
f 2329 2328 2330
f 2217 2218 2328
f 2219 2217 2221
f 2328 2329 2221
f 2058 2329 2220
f 2329 2058 2221
f 2220 2222 2057
f 2331 2212 2222
f 2212 2210 2222
f 2223 2224 2332
f 2224 2225 2333
f 2059 2225 2224
f 2226 2225 2060
f 2225 2226 2334
f 2063 2227 2226
f 2227 2335 2336
f 2226 2227 2336
f 2335 2227 2228
f 2337 2077 2229
f 2338 2066 2067
f 2339 2067 2340
f 2340 2067 2230
f 2106 2341 2104
f 2337 2341 2106
f 2106 2077 2337
f 2230 2342 2340
f 2343 2236 2344
f 2343 2094 2236
f 2236 2094 2237
f 2094 2343 2233
f 2104 2345 2242
f 2230 2231 2342
f 2342 2231 2346
f 2346 2231 2239
f 2239 2231 2078
f 2233 2343 2239
f 2347 2346 2239
f 2239 2343 2347
f 2355 2236 2356
f 2357 2356 2358
f 2240 2356 2236
f 2359 2358 2243
f 2240 2358 2356
f 2358 2240 2243
f 2242 2345 2360
f 2242 2246 2113
f 2246 2242 2360
f 2248 2361 2245
f 2359 2245 2361
f 2244 2243 2241
f 2240 2241 2243
f 2244 2248 2245
f 2362 2250 2363
f 2250 2246 2363
f 2254 2364 2248
f 2248 2249 2254
f 2365 2366 2124
f 2366 2365 2367
f 2365 2368 2367
f 2362 2368 2365
f 2369 2250 2362
f 2365 2369 2362
f 2124 2252 2365
f 2252 2369 2365
f 2369 2251 2250
f 2252 2251 2369
f 2362 2363 2368
f 2370 2364 2254
f 2370 2254 2255
f 2371 2372 2373
f 2256 2366 2372
f 2124 2366 2256
f 2372 2374 2375
f 2374 2367 2368
f 2366 2367 2374
f 2259 2376 2377
f 2376 2259 2258
f 2259 2377 2255
f 2255 2377 2370
f 2372 2371 2256
f 2257 2256 2371
f 2257 2371 2260
f 2378 2376 2258
f 2135 2378 2258
f 2378 2135 2261
f 2263 2379 2380
f 2379 2140 2371
f 2263 2140 2379
f 2260 2371 2140
f 2261 2381 2382
f 2261 2382 2378
f 2383 2263 2380
f 2381 2261 2384
f 2385 2386 2384
f 2386 2381 2384
f 2385 2384 2262
f 2262 2384 2261
f 2263 2383 2144
f 2264 2263 2144
f 2387 2388 2266
f 2388 2386 2385
f 2389 2387 2266
f 2388 2385 2266
f 2266 2385 2148
f 2385 2262 2148
f 2390 2391 2392
f 2265 2144 2390
f 2389 2149 2393
f 2389 2266 2149
f 2394 2393 2267
f 2393 2149 2267
f 2395 2396 2271
f 2268 2395 2271
f 2268 2265 2395
f 2265 2392 2395
f 2390 2392 2265
f 2267 2269 2394
f 2151 2269 2267
f 2271 2397 2272
f 2394 2269 2398
f 2272 2397 2399
f 2399 2400 2159
f 2272 2159 2160
f 2159 2272 2399
f 2270 2271 2272
f 2401 2398 2269
f 2401 2269 2273
f 2159 2402 2274
f 2402 2159 2400
f 2273 2163 2403
f 2163 2273 2157
f 2274 2402 2404
f 2274 2404 2405
f 2275 2274 2405
f 2406 2403 2163
f 2280 2406 2276
f 2406 2163 2276
f 2407 2408 2277
f 2405 2409 2407
f 2275 2407 2277
f 2275 2405 2407
f 2410 2406 2280
f 2410 2280 2279
f 2280 2276 2164
f 2281 2277 2411
f 2412 2410 2413
f 2279 2413 2410
f 2413 2279 2283
f 2411 2418 2282
f 2418 2411 2419
f 2281 2411 2282
f 2283 2420 2421
f 2282 2418 2422
f 2282 2422 2285
f 2423 2424 2420
f 2284 2423 2420
f 2284 2420 2283
f 2287 2423 2284
f 2422 2425 2426
f 2426 2285 2422
f 2285 2426 2176
f 2287 2288 2423
f 2289 2427 2288
f 2428 2288 2427
f 2176 2429 2175
f 2430 2427 2290
f 2289 2290 2427
f 2431 2291 2432
f 2431 2295 2291
f 2429 2432 2291
f 2175 2429 2291
f 2433 2430 2290
f 2293 2434 2433
f 2290 2293 2433
f 2434 2294 2435
f 2294 2434 2293
f 2180 2294 2293
f 2436 2437 2296
f 2438 2296 2295
f 2295 2296 2182
f 2189 2439 2298
f 2299 2435 2294
f 2298 2439 2435
f 2299 2298 2435
f 2296 2437 2297
f 2300 2440 2441
f 2437 2300 2297
f 2440 2300 2437
f 2439 2189 2442
f 2189 2443 2442
f 2301 2443 2189
f 2441 2303 2300
f 2300 2303 2302
f 2199 2305 2195
f 2443 2301 2305
f 2305 2301 2195
f 2303 2444 2304
f 2304 2444 2445
f 2304 2445 2196
f 2446 2306 2308
f 2308 2306 2199
f 2447 2197 2445
f 2197 2447 2200
f 2445 2197 2196
f 2308 2448 2446
f 2449 2448 2307
f 2308 2307 2448
f 2447 2309 2200
f 2450 2451 2309
f 2309 2451 2204
f 2203 2309 2204
f 2449 2310 2452
f 2307 2310 2449
f 2453 2313 2451
f 2313 2204 2451
f 2315 2453 2454
f 2453 2314 2313
f 2453 2315 2314
f 2311 2455 2456
f 2312 2311 2456
f 2455 2311 2316
f 2317 2315 2457
f 2317 2321 2318
f 2320 2458 2459
f 2459 2455 2319
f 2319 2320 2459
f 2458 2320 2212
f 2460 2455 2461
f 2316 2319 2455
f 2462 2322 2321
f 2463 2464 2462
f 2464 2323 2462
f 2464 2324 2323
f 2322 2462 2323
f 2324 2213 2323
f 2324 2464 2465
f 2465 2325 2324
f 2466 2326 2214
f 2330 2328 2467
f 2329 2330 2467
f 2329 2467 2468
f 2469 2468 2470
f 2222 2220 2469
f 2331 2469 2471
f 2212 2331 2458
f 2465 2466 2325
f 2466 2472 2326
f 2325 2466 2214
f 2472 2215 2326
f 2215 2472 2327
f 2328 2327 2473
f 2334 2474 2475
f 2334 2226 2474
f 2476 2477 2478
f 2223 2332 2477
f 2477 2229 2223
f 2475 2332 2333
f 2224 2333 2332
f 2334 2475 2333
f 2225 2334 2333
f 2226 2336 2474
f 2335 2479 2336
f 2228 2480 2479
f 2338 2228 2066
f 2335 2228 2479
f 2228 2338 2480
f 2481 2482 2337
f 2476 2229 2477
f 2337 2476 2481
f 2476 2337 2229
f 2338 2483 2480
f 2339 2483 2338
f 2484 2339 2340
f 2067 2339 2338
f 2341 2485 2104
f 2482 2486 2341
f 2482 2341 2337
f 2485 2341 2486
f 2484 2340 2487
f 2487 2340 2342
f 2345 2104 2485
f 2488 2489 2487
f 2346 2490 2488
f 2488 2342 2346
f 2487 2342 2488
f 2491 2355 2492
f 2355 2491 2493
f 2491 2344 2493
f 2494 2346 2347
f 2347 2491 2492
f 2344 2491 2347
f 2343 2344 2347
f 2492 2357 2496
f 2358 2496 2357
f 2492 2355 2357
f 2355 2493 2344
f 2355 2356 2357
f 2236 2355 2344
f 2359 2497 2358
f 2498 2345 2499
f 2500 2490 2494
f 2490 2346 2494
f 2347 2492 2494
f 2500 2501 2502
f 2501 2503 2496
f 2500 2494 2503
f 2501 2496 2497
f 2494 2492 2503
f 2496 2503 2492
f 2497 2496 2358
f 2497 2504 2501
f 2505 2359 2506
f 2504 2359 2505
f 2504 2497 2359
f 2506 2359 2361
f 2361 2248 2506
f 2245 2359 2243
f 2246 2498 2363
f 2498 2246 2360
f 2507 2364 2508
f 2364 2507 2248
f 2507 2506 2248
f 2368 2363 2509
f 2364 2510 2508
f 2510 2364 2370
f 2375 2509 2511
f 2374 2509 2375
f 2368 2509 2374
f 2370 2512 2513
f 2512 2370 2377
f 2512 2377 2376
f 2514 2373 2511
f 2514 2371 2373
f 2515 2511 2516
f 2511 2515 2514
f 2517 2375 2511
f 2517 2511 2373
f 2372 2517 2373
f 2517 2372 2375
f 2374 2372 2366
f 2518 2512 2376
f 2519 2512 2518
f 2382 2518 2378
f 2518 2376 2378
f 2514 2520 2521
f 2522 2521 2523
f 2379 2522 2523
f 2514 2521 2522
f 2371 2522 2379
f 2522 2371 2514
f 2381 2519 2382
f 2380 2524 2525
f 2526 2380 2525
f 2379 2523 2380
f 2526 2525 2391
f 2526 2383 2380
f 2144 2526 2390
f 2383 2526 2144
f 2527 2391 2528
f 2391 2527 2392
f 2526 2391 2390
f 2393 2387 2389
f 2396 2527 2529
f 2395 2527 2396
f 2395 2392 2527
f 2530 2393 2394
f 2396 2529 2397
f 2531 2397 2529
f 2271 2396 2397
f 2532 2530 2394
f 2532 2394 2398
f 2399 2531 2533
f 2397 2531 2399
f 2534 2398 2535
f 2535 2398 2401
f 2536 2535 2273
f 2273 2535 2401
f 2399 2533 2537
f 2400 2399 2537
f 2400 2537 2402
f 2536 2406 2538
f 2403 2536 2273
f 2537 2539 2540
f 2409 2537 2540
f 2402 2537 2404
f 2404 2537 2409
f 2404 2409 2405
f 2412 2538 2406
f 2409 2540 2541
f 2407 2541 2408
f 2407 2409 2541
f 2538 2412 2542
f 2412 2406 2410
f 2411 2543 2419
f 2411 2408 2543
f 2277 2408 2411
f 2413 2421 2412
f 2543 2544 2419
f 2544 2545 2419
f 2422 2419 2545
f 2419 2422 2418
f 2420 2424 2421
f 2283 2421 2413
f 2546 2426 2425
f 2428 2547 2548
f 2428 2548 2424
f 2427 2547 2428
f 2423 2428 2424
f 2288 2428 2423
f 2546 2549 2426
f 2429 2426 2549
f 2426 2429 2176
f 2549 2432 2429
f 2427 2430 2550
f 2427 2550 2551
f 2427 2551 2547
f 2552 2553 2549
f 2549 2553 2432
f 2553 2431 2432
f 2553 2554 2431
f 2555 2431 2554
f 2556 2438 2555
f 2431 2555 2438
f 2431 2438 2295
f 2433 2434 2557
f 2558 2557 2434
f 2559 2558 2434
f 2556 2560 2438
f 2438 2560 2436
f 2436 2560 2440
f 2436 2296 2438
f 2440 2437 2436
f 2559 2561 2558
f 2439 2561 2559
f 2435 2439 2559
f 2435 2559 2434
f 2562 2560 2563
f 2440 2562 2441
f 2443 2564 2565
f 2442 2565 2561
f 2565 2442 2443
f 2561 2439 2442
f 2441 2562 2566
f 2566 2303 2441
f 2303 2566 2444
f 2306 2567 2305
f 2567 2564 2305
f 2305 2564 2443
f 2568 2445 2444
f 2566 2568 2444
f 2568 2569 2445
f 2569 2447 2445
f 2446 2449 2570
f 2570 2449 2571
f 2446 2572 2306
f 2572 2446 2570
f 2569 2309 2447
f 2450 2573 2574
f 2450 2309 2569
f 2452 2310 2575
f 2310 2312 2575
f 2452 2571 2449
f 2453 2450 2574
f 2451 2450 2453
f 2453 2574 2454
f 2455 2460 2456
f 2576 2457 2577
f 2577 2457 2454
f 2457 2315 2454
f 2578 2579 2458
f 2461 2458 2579
f 2455 2459 2461
f 2461 2459 2458
f 2576 2462 2321
f 2457 2576 2317
f 2576 2321 2317
f 2580 2462 2576
f 2581 2464 2463
f 2465 2581 2582
f 2581 2465 2464
f 2467 2328 2473
f 2469 2470 2471
f 2468 2469 2329
f 2329 2469 2220
f 2578 2331 2471
f 2469 2331 2222
f 2578 2471 2583
f 2579 2578 2583
f 2458 2331 2578
f 2582 2584 2465
f 2472 2584 2585
f 2465 2584 2466
f 2473 2472 2585
f 2584 2472 2466
f 2472 2473 2327
f 2586 2475 2474
f 2475 2586 2587
f 2588 2586 2474
f 2336 2588 2474
f 2588 2336 2589
f 2476 2478 2590
f 2591 2478 2332
f 2478 2477 2332
f 2475 2591 2332
f 2591 2475 2587
f 2336 2479 2589
f 2592 2479 2593
f 2479 2480 2593
f 2592 2589 2479
f 2480 2594 2593
f 2482 2595 2596
f 2595 2482 2481
f 2595 2481 2590
f 2481 2476 2590
f 2483 2597 2598
f 2483 2598 2594
f 2480 2483 2594
f 2484 2597 2339
f 2483 2339 2597
f 2485 2486 2599
f 2600 2487 2489
f 2597 2484 2487
f 2599 2601 2485
f 2601 2345 2485
f 2489 2490 2602
f 2488 2490 2489
f 2603 2602 2490
f 2498 2499 2604
f 2499 2345 2601
f 2603 2490 2500
f 2605 2502 2501
f 2501 2500 2503
f 2501 2504 2605
f 2604 2606 2607
f 2498 2607 2363
f 2607 2498 2604
f 2345 2498 2360
f 2502 2605 2608
f 2605 2505 2609
f 2505 2605 2504
f 2505 2506 2610
f 2609 2505 2611
f 2611 2505 2610
f 2507 2508 2610
f 2507 2610 2506
f 2363 2607 2509
f 2611 2610 2612
f 2508 2612 2610
f 2508 2613 2612
f 2613 2508 2510
f 2509 2614 2516
f 2509 2607 2614
f 2509 2516 2511
f 2615 2613 2513
f 2370 2513 2613
f 2615 2513 2512
f 2613 2510 2370
f 2616 2516 2617
f 2516 2616 2515
f 2520 2514 2515
f 2615 2519 2618
f 2519 2615 2512
f 2523 2619 2620
f 2619 2515 2616
f 2619 2520 2515
f 2619 2523 2520
f 2521 2520 2523
f 2381 2621 2519
f 2518 2382 2519
f 2622 2620 2623
f 2524 2622 2623
f 2622 2523 2620
f 2380 2622 2524
f 2380 2523 2622
f 2621 2624 2625
f 2621 2381 2624
f 2624 2381 2386
f 2525 2626 2528
f 2524 2623 2626
f 2525 2524 2626
f 2627 2624 2388
f 2624 2386 2388
f 2628 2528 2629
f 2528 2391 2525
f 2630 2627 2631
f 2631 2627 2388
f 2631 2388 2387
f 2530 2630 2631
f 2393 2631 2387
f 2631 2393 2530
f 2529 2628 2632
f 2528 2628 2527
f 2527 2628 2529
f 2633 2630 2530
f 2633 2530 2634
f 2634 2530 2532
f 2529 2632 2635
f 2532 2534 2634
f 2534 2532 2398
f 2635 2636 2533
f 2531 2635 2533
f 2529 2635 2531
f 2637 2534 2638
f 2639 2638 2536
f 2536 2638 2535
f 2638 2534 2535
f 2539 2636 2640
f 2636 2539 2533
f 2537 2533 2539
f 2538 2639 2536
f 2406 2536 2403
f 2539 2640 2641
f 2539 2641 2540
f 2642 2538 2643
f 2644 2645 2541
f 2540 2644 2541
f 2542 2643 2538
f 2643 2542 2646
f 2412 2646 2542
f 2645 2647 2544
f 2541 2544 2408
f 2408 2544 2543
f 2544 2541 2645
f 2646 2648 2649
f 2648 2646 2421
f 2421 2646 2412
f 2650 2545 2544
f 2651 2650 2544
f 2652 2648 2421
f 2424 2652 2421
f 2650 2653 2545
f 2545 2653 2422
f 2654 2655 2652
f 2424 2654 2652
f 2548 2654 2424
f 2656 2425 2653
f 2656 2657 2425
f 2425 2657 2546
f 2653 2425 2422
f 2547 2654 2548
f 2654 2547 2658
f 2546 2552 2549
f 2552 2546 2657
f 2547 2659 2658
f 2547 2660 2659
f 2551 2660 2547
f 2550 2660 2551
f 2552 2661 2553
f 2553 2661 2554
f 2661 2662 2554
f 2433 2663 2664
f 2660 2664 2659
f 2433 2664 2660
f 2660 2550 2430
f 2430 2433 2660
f 2554 2662 2555
f 2555 2662 2556
f 2663 2665 2666
f 2557 2665 2663
f 2663 2433 2557
f 2560 2667 2563
f 2668 2669 2561
f 2558 2561 2669
f 2563 2670 2562
f 2560 2562 2440
f 2668 2561 2565
f 2564 2668 2565
f 2670 2566 2562
f 2670 2671 2566
f 2671 2568 2566
f 2671 2670 2672
f 2572 2673 2567
f 2572 2674 2673
f 2572 2570 2674
f 2567 2306 2572
f 2569 2568 2675
f 2571 2676 2570
f 2449 2446 2448
f 2677 2569 2675
f 2569 2677 2450
f 2573 2450 2677
f 2678 2679 2573
f 2680 2575 2681
f 2680 2452 2575
f 2571 2680 2676
f 2452 2680 2571
f 2679 2574 2573
f 2682 2683 2679
f 2454 2679 2683
f 2679 2454 2574
f 2681 2575 2460
f 2575 2312 2460
f 2456 2460 2312
f 2683 2577 2454
f 2684 2685 2577
f 2684 2577 2683
f 2685 2576 2577
f 2461 2686 2460
f 2576 2685 2580
f 2463 2580 2687
f 2580 2463 2462
f 2688 2582 2689
f 2463 2689 2582
f 2463 2582 2581
f 2585 2690 2473
f 2691 2692 2693
f 2470 2468 2690
f 2468 2467 2690
f 2467 2473 2690
f 2471 2470 2691
f 2583 2694 2695
f 2471 2694 2583
f 2694 2471 2691
f 2696 2697 2582
f 2697 2585 2584
f 2697 2584 2582
f 2585 2697 2698
f 2690 2585 2698
f 2587 2699 2700
f 2587 2586 2699
f 2701 2702 2703
f 2586 2701 2699
f 2701 2588 2702
f 2586 2588 2701
f 2588 2704 2702
f 2704 2588 2589
f 2589 2592 2704
f 2704 2592 2705
f 2705 2592 2593
f 2706 2595 2590
f 2706 2590 2707
f 2590 2708 2707
f 2478 2591 2700
f 2478 2700 2708
f 2590 2478 2708
f 2591 2587 2700
f 2593 2594 2709
f 2710 2598 2711
f 2598 2710 2594
f 2706 2712 2596
f 2706 2596 2595
f 2486 2482 2596
f 2711 2598 2713
f 2713 2598 2597
f 2597 2600 2713
f 2714 2599 2715
f 2714 2601 2599
f 2486 2715 2599
f 2715 2486 2596
f 2600 2716 2713
f 2597 2487 2600
f 2714 2499 2601
f 2499 2714 2717
f 2600 2489 2718
f 2718 2489 2602
f 2717 2719 2499
f 2499 2719 2606
f 2720 2602 2603
f 2502 2603 2500
f 2603 2502 2608
f 2606 2604 2499
f 2721 2722 2609
f 2608 2605 2722
f 2609 2722 2605
f 2607 2606 2723
f 2611 2721 2609
f 2721 2724 2725
f 2721 2611 2724
f 2724 2611 2612
f 2726 2614 2723
f 2723 2614 2607
f 2617 2614 2727
f 2728 2729 2724
f 2728 2612 2613
f 2728 2724 2612
f 2729 2728 2730
f 2728 2613 2615
f 2614 2617 2516
f 2618 2730 2728
f 2615 2618 2728
f 2618 2731 2732
f 2733 2620 2616
f 2734 2733 2617
f 2616 2617 2733
f 2616 2620 2619
f 2625 2735 2621
f 2621 2735 2731
f 2731 2618 2621
f 2621 2618 2519
f 2620 2736 2623
f 2736 2620 2733
f 2528 2626 2629
f 2629 2626 2737
f 2626 2736 2737
f 2623 2736 2626
f 2625 2627 2738
f 2627 2625 2624
f 2739 2627 2630
f 2633 2739 2630
f 2628 2629 2632
f 2635 2632 2740
f 2741 2633 2742
f 2634 2742 2633
f 2742 2634 2534
f 2636 2740 2743
f 2635 2740 2636
f 2534 2741 2742
f 2741 2534 2744
f 2745 2744 2637
f 2534 2637 2744
f 2636 2743 2640
f 2642 2746 2745
f 2745 2637 2639
f 2639 2637 2638
f 2540 2641 2747
f 2538 2642 2639
f 2642 2745 2639
f 2748 2747 2749
f 2750 2751 2645
f 2645 2644 2750
f 2644 2747 2750
f 2540 2747 2644
f 2752 2643 2649
f 2649 2643 2646
f 2645 2751 2647
f 2753 2752 2649
f 2647 2754 2651
f 2754 2650 2651
f 2647 2651 2544
f 2648 2755 2649
f 2755 2648 2652
f 2652 2655 2755
f 2754 2756 2650
f 2650 2756 2653
f 2656 2756 2757
f 2758 2655 2654
f 2756 2656 2653
f 2655 2758 2759
f 2760 2761 2758
f 2658 2758 2654
f 2658 2760 2758
f 2656 2762 2657
f 2762 2763 2657
f 2657 2763 2552
f 2658 2664 2760
f 2659 2664 2658
f 2552 2763 2661
f 2764 2664 2666
f 2661 2765 2662
f 2765 2661 2763
f 2663 2666 2664
f 2557 2558 2665
f 2765 2766 2667
f 2765 2667 2560
f 2556 2662 2765
f 2765 2560 2556
f 2558 2669 2665
f 2766 2767 2667
f 2767 2768 2563
f 2767 2563 2667
f 2563 2768 2670
f 2668 2769 2770
f 2669 2668 2771
f 2670 2768 2672
f 2564 2772 2769
f 2567 2772 2564
f 2564 2769 2668
f 2675 2671 2773
f 2772 2673 2774
f 2674 2774 2673
f 2775 2774 2674
f 2772 2567 2673
f 2675 2773 2776
f 2671 2675 2568
f 2775 2777 2778
f 2775 2676 2777
f 2676 2775 2570
f 2570 2775 2674
f 2779 2675 2776
f 2780 2678 2779
f 2678 2677 2779
f 2675 2779 2677
f 2678 2573 2677
f 2781 2777 2782
f 2777 2676 2782
f 2680 2782 2676
f 2782 2680 2681
f 2678 2682 2679
f 2682 2783 2683
f 2784 2460 2686
f 2777 2781 2785
f 2681 2784 2781
f 2460 2784 2681
f 2781 2782 2681
f 2786 2787 2684
f 2684 2683 2786
f 2787 2685 2684
f 2788 2686 2579
f 2461 2579 2686
f 2787 2789 2790
f 2685 2787 2790
f 2790 2687 2580
f 2790 2580 2685
f 2791 2792 2687
f 2687 2792 2463
f 2792 2689 2463
f 2793 2696 2688
f 2688 2689 2792
f 2696 2582 2688
f 2793 2794 2696
f 2696 2794 2697
f 2698 2794 2795
f 2698 2697 2794
f 2690 2698 2795
f 2690 2795 2692
f 2692 2691 2690
f 2694 2691 2693
f 2690 2691 2470
f 2695 2693 2796
f 2694 2693 2695
f 2579 2695 2788
f 2583 2695 2579
f 2700 2699 2797
f 2699 2703 2797
f 2703 2699 2701
f 2702 2704 2798
f 2799 2706 2800
f 2800 2706 2707
f 2707 2700 2801
f 2708 2700 2707
f 2709 2705 2593
f 2594 2710 2709
f 2712 2802 2715
f 2715 2596 2712
f 2799 2712 2706
f 2713 2803 2711
f 2713 2716 2803
f 2714 2715 2804
f 2805 2716 2600
f 2804 2717 2714
f 2805 2718 2806
f 2806 2718 2602
f 2600 2718 2805
f 2806 2602 2720
f 2603 2608 2720
f 2606 2807 2808
f 2719 2807 2606
f 2722 2809 2608
f 2720 2608 2809
f 2809 2722 2810
f 2723 2808 2726
f 2614 2726 2727
f 2723 2606 2808
f 2721 2725 2722
f 2811 2812 2813
f 2814 2813 2812
f 2725 2724 2813
f 2813 2724 2729
f 2811 2813 2729
f 2811 2729 2730
f 2815 2816 2727
f 2734 2727 2816
f 2811 2730 2732
f 2732 2730 2618
f 2817 2734 2818
f 2733 2734 2817
f 2734 2816 2818
f 2727 2734 2617
f 2817 2818 2819
f 2817 2819 2820
f 2737 2736 2817
f 2733 2817 2736
f 2625 2821 2735
f 2737 2817 2820
f 2625 2738 2821
f 2738 2627 2739
f 2822 2737 2823
f 2629 2737 2822
f 2739 2824 2825
f 2825 2738 2739
f 2629 2822 2632
f 2824 2739 2633
f 2826 2824 2633
f 2632 2822 2827
f 2828 2826 2741
f 2741 2826 2633
f 2740 2632 2827
f 2828 2741 2744
f 2829 2830 2831
f 2829 2743 2830
f 2641 2640 2829
f 2743 2829 2640
f 2746 2744 2745
f 2641 2829 2749
f 2747 2641 2749
f 2832 2833 2642
f 2833 2746 2642
f 2832 2642 2643
f 2747 2748 2750
f 2751 2750 2748
f 2834 2748 2835
f 2748 2834 2751
f 2836 2832 2752
f 2752 2832 2643
f 2834 2837 2647
f 2834 2647 2751
f 2836 2753 2838
f 2647 2837 2754
f 2754 2837 2756
f 2755 2753 2649
f 2753 2755 2838
f 2837 2839 2757
f 2837 2757 2756
f 2655 2759 2755
f 2840 2841 2842
f 2757 2842 2656
f 2842 2841 2656
f 2761 2843 2844
f 2761 2844 2845
f 2761 2845 2759
f 2758 2761 2759
f 2841 2762 2656
f 2762 2846 2847
f 2664 2761 2760
f 2847 2848 2849
f 2762 2847 2763
f 2847 2849 2763
f 2764 2850 2843
f 2761 2764 2843
f 2664 2764 2761
f 2849 2851 2766
f 2849 2765 2763
f 2849 2766 2765
f 2666 2852 2850
f 2666 2850 2764
f 2665 2852 2666
f 2853 2854 2851
f 2851 2854 2766
f 2766 2854 2767
f 2665 2771 2852
f 2669 2771 2665
f 2853 2855 2854
f 2854 2855 2767
f 2855 2768 2767
f 2768 2855 2856
f 2770 2771 2668
f 2856 2857 2768
f 2857 2672 2768
f 2770 2858 2859
f 2860 2858 2769
f 2769 2858 2770
f 2769 2772 2860
f 2861 2774 2775
f 2774 2862 2860
f 2860 2772 2774
f 2776 2773 2863
f 2864 2776 2865
f 2778 2866 2861
f 2774 2861 2862
f 2775 2778 2861
f 2777 2866 2778
f 2864 2779 2776
f 2864 2780 2779
f 2867 2780 2864
f 2868 2866 2777
f 2868 2777 2785
f 2780 2869 2682
f 2682 2678 2780
f 2870 2871 2784
f 2784 2686 2870
f 2781 2871 2785
f 2871 2781 2784
f 2783 2786 2683
f 2783 2872 2786
f 2872 2787 2786
f 2873 2788 2695
f 2870 2788 2874
f 2788 2870 2686
f 2789 2687 2790
f 2791 2687 2789
f 2875 2792 2791
f 2792 2876 2688
f 2876 2793 2688
f 2876 2792 2875
f 2877 2794 2793
f 2795 2794 2877
f 2795 2878 2879
f 2692 2795 2879
f 2880 2796 2881
f 2881 2796 2882
f 2796 2693 2882
f 2693 2692 2882
f 2695 2796 2883
f 2798 2884 2885
f 2702 2798 2885
f 2886 2702 2885
f 2885 2884 2887
f 2888 2801 2889
f 2890 2797 2891
f 2797 2890 2801
f 2700 2797 2801
f 2797 2892 2891
f 2797 2703 2886
f 2892 2797 2886
f 2886 2893 2892
f 2886 2885 2893
f 2702 2886 2703
f 2798 2704 2884
f 2705 2894 2895
f 2884 2705 2895
f 2884 2704 2705
f 2705 2709 2894
f 2896 2799 2897
f 2800 2898 2897
f 2898 2800 2888
f 2897 2799 2800
f 2712 2799 2896
f 2898 2888 2889
f 2800 2707 2888
f 2707 2801 2888
f 2709 2710 2894
f 2710 2899 2894
f 2899 2710 2900
f 2710 2711 2900
f 2900 2901 2902
f 2900 2711 2901
f 2896 2903 2802
f 2896 2802 2712
f 2711 2803 2901
f 2904 2803 2905
f 2803 2904 2901
f 2906 2907 2804
f 2908 2804 2903
f 2804 2802 2903
f 2715 2802 2804
f 2716 2905 2803
f 2905 2716 2805
f 2909 2804 2907
f 2717 2804 2909
f 2806 2910 2911
f 2805 2806 2911
f 2905 2805 2911
f 2912 2909 2913
f 2719 2909 2912
f 2807 2719 2912
f 2717 2909 2719
f 2910 2806 2720
f 2912 2914 2808
f 2807 2912 2808
f 2810 2915 2809
f 2809 2915 2720
f 2808 2916 2917
f 2808 2917 2726
f 2918 2810 2919
f 2919 2810 2920
f 2725 2920 2722
f 2810 2722 2920
f 2921 2726 2917
f 2727 2726 2815
f 2922 2920 2814
f 2923 2922 2812
f 2814 2812 2922
f 2814 2920 2725
f 2812 2811 2923
f 2813 2814 2725
f 2816 2815 2924
f 2923 2811 2925
f 2925 2811 2732
f 2731 2925 2732
f 2816 2926 2819
f 2819 2818 2816
f 2927 2928 2821
f 2821 2928 2731
f 2731 2735 2821
f 2820 2926 2929
f 2819 2926 2820
f 2930 2820 2929
f 2931 2932 2738
f 2821 2932 2927
f 2932 2821 2738
f 2930 2929 2933
f 2737 2930 2823
f 2820 2930 2737
f 2934 2935 2936
f 2936 2931 2738
f 2934 2936 2825
f 2825 2936 2738
f 2823 2933 2937
f 2933 2823 2930
f 2823 2937 2938
f 2823 2938 2822
f 2825 2824 2934
f 2934 2824 2939
f 2826 2939 2824
f 2822 2938 2827
f 2828 2940 2826
f 2826 2940 2939
f 2740 2827 2830
f 2743 2740 2830
f 2941 2828 2942
f 2942 2828 2744
f 2831 2943 2829
f 2830 2943 2831
f 2943 2830 2827
f 2833 2942 2746
f 2942 2833 2944
f 2744 2746 2942
f 2749 2829 2748
f 2836 2944 2833
f 2835 2945 2946
f 2829 2945 2835
f 2748 2829 2835
f 2944 2836 2947
f 2832 2836 2833
f 2948 2947 2836
f 2948 2836 2838
f 2753 2836 2752
f 2835 2949 2834
f 2949 2837 2834
f 2949 2950 2839
f 2837 2949 2839
f 2839 2842 2757
f 2838 2845 2948
f 2755 2845 2838
f 2759 2845 2755
f 2950 2842 2839
f 2950 2840 2842
f 2844 2951 2845
f 2840 2952 2846
f 2846 2953 2847
f 2846 2841 2840
f 2841 2846 2762
f 2843 2954 2844
f 2953 2955 2848
f 2953 2848 2847
f 2843 2850 2954
f 2848 2851 2849
f 2956 2848 2957
f 2958 2852 2959
f 2850 2958 2954
f 2850 2852 2958
f 2960 2961 2853
f 2956 2853 2851
f 2959 2771 2962
f 2771 2959 2852
f 2961 2963 2853
f 2853 2963 2855
f 2963 2856 2855
f 2771 2859 2962
f 2859 2771 2770
f 2964 2856 2963
f 2965 2966 2964
f 2964 2857 2856
f 2857 2964 2966
f 2966 2672 2857
f 2859 2967 2962
f 2967 2859 2968
f 2858 2968 2859
f 2860 2968 2858
f 2773 2966 2965
f 2773 2672 2966
f 2969 2863 2965
f 2672 2773 2671
f 2863 2773 2965
f 2970 2971 2861
f 2861 2971 2862
f 2860 2971 2968
f 2862 2971 2860
f 2972 2863 2969
f 2865 2776 2863
f 2863 2972 2865
f 2970 2866 2973
f 2970 2861 2866
f 2867 2865 2972
f 2865 2867 2864
f 2869 2867 2974
f 2780 2867 2869
f 2975 2868 2785
f 2976 2869 2974
f 2682 2869 2976
f 2976 2977 2682
f 2783 2682 2977
f 2978 2783 2977
f 2979 2975 2871
f 2871 2870 2979
f 2868 2975 2980
f 2871 2975 2785
f 2981 2978 2982
f 2978 2872 2783
f 2978 2983 2872
f 2983 2787 2872
f 2789 2787 2983
f 2983 2981 2789
f 2883 2984 2873
f 2695 2883 2873
f 2873 2984 2874
f 2874 2788 2873
f 2870 2874 2979
f 2875 2985 2986
f 2789 2987 2791
f 2987 2789 2981
f 2985 2875 2987
f 2987 2875 2791
f 2876 2875 2986
f 2988 2877 2989
f 2876 2989 2793
f 2989 2877 2793
f 2877 2988 2990
f 2877 2878 2795
f 2879 2878 2991
f 2991 2692 2879
f 2992 2881 2991
f 2881 2992 2880
f 2882 2991 2881
f 2796 2880 2883
f 2991 2882 2692
f 2883 2880 2993
f 2885 2887 2893
f 2801 2994 2889
f 2995 2996 2994
f 2890 2891 2995
f 2994 2890 2995
f 2801 2890 2994
f 2891 2997 2995
f 2891 2892 2997
f 2892 2998 2997
f 2893 2998 2892
f 2999 2893 3000
f 3000 3001 3002
f 3000 2887 3001
f 3003 3001 2887
f 3000 2893 2887
f 3001 3004 3005
f 3003 3004 3001
f 3003 2895 3004
f 2887 2895 3003
f 2884 2895 2887
f 2899 3004 2895
f 2899 2895 2894
f 2899 3006 3004
f 3006 2899 2902
f 2900 2902 2899
f 2903 2897 3007
f 2896 2897 2903
f 3008 3009 3010
f 3011 3009 2898
f 3010 3009 3011
f 2898 3009 3007
f 2897 2898 3007
f 2889 3012 2898
f 3012 2889 3013
f 3013 2994 2996
f 3013 2889 2994
f 2902 3014 3015
f 2902 3015 3006
f 2901 3014 2902
f 3014 2901 2904
f 3010 2908 3008
f 3009 3008 3007
f 3008 2908 2903
f 2903 3007 3008
f 3016 3014 2904
f 2908 3017 2906
f 2804 2908 2906
f 2905 2911 3018
f 3019 2905 3018
f 2914 2913 3020
f 3020 2906 3017
f 2907 2906 3020
f 3020 2913 2907
f 2909 2907 2913
f 3018 2911 3021
f 3021 2911 2910
f 2912 2913 2914
f 3022 3021 2910
f 2910 2915 3022
f 2915 2910 2720
f 2914 3023 2916
f 2808 2914 2916
f 3024 3025 3022
f 3025 3024 3026
f 2915 3024 3022
f 3024 2915 2810
f 2918 3027 3026
f 3024 2918 3026
f 2918 3024 2810
f 2921 2916 3028
f 2917 2916 2921
f 2726 2921 2815
f 2918 2919 3027
f 2920 2922 2919
f 2919 2922 3027
f 3029 2922 2923
f 2924 2921 3030
f 2815 2921 2924
f 3029 3027 2922
f 3031 3029 2923
f 2924 2926 2816
f 2926 2924 3030
f 3032 3033 3031
f 3033 3032 2928
f 3031 2923 3032
f 2731 2928 2925
f 3032 2925 2928
f 2923 2925 3032
f 3034 3033 2928
f 3035 3034 2927
f 2928 2927 3034
f 2926 3036 2929
f 3037 3038 3035
f 3038 3034 3035
f 3039 3037 2931
f 2927 3037 3035
f 2931 3037 2932
f 3037 2927 2932
f 2929 3036 3040
f 2929 3040 2933
f 3039 3041 3042
f 3043 3042 2935
f 3041 2935 3042
f 2931 3041 3039
f 2935 3041 2931
f 3043 2935 2934
f 2935 2931 2936
f 3044 2933 3045
f 2937 3044 2938
f 2937 2933 3044
f 3046 3042 3043
f 3043 2934 3046
f 3047 3048 3049
f 3048 3047 3050
f 3051 3048 3050
f 3052 3050 3047
f 3053 3051 3050
f 3054 3051 3053
f 3053 3050 3052
f 2938 3055 3056
f 2938 3044 3055
f 3056 3055 3057
f 2827 3056 3057
f 2827 2938 3056
f 3058 3046 2934
f 2939 3058 2934
f 2828 3059 2940
f 3058 2939 3059
f 2940 3059 2939
f 3060 3053 3052
f 3052 3047 3061
f 3062 3063 3059
f 3062 3059 2828
f 2941 3062 2828
f 3061 3064 3052
f 3060 3052 3064
f 3065 2943 3057
f 2827 3057 2943
f 3066 2941 2944
f 2944 2941 2942
f 2945 3065 3067
f 2945 2943 3065
f 2943 2945 2829
f 2941 3066 3068
f 2947 3066 2944
f 3066 2947 3069
f 3067 3070 2946
f 3071 3070 3067
f 2835 2946 3072
f 2945 3067 2946
f 3073 3069 2947
f 2946 3074 3072
f 2835 3072 3075
f 3076 3073 3077
f 2948 3073 2947
f 3073 2948 3077
f 3075 2949 2835
f 3075 3078 2949
f 3078 3079 2949
f 2845 3077 2948
f 3080 3081 3082
f 3083 3081 3080
f 2949 3084 2950
f 3084 3085 2950
f 3084 2949 3079
f 3077 2845 3086
f 2951 3086 2845
f 3087 3088 3089
f 3090 3091 3089
f 3092 3089 3081
f 3081 3089 3088
f 3085 3093 3094
f 3093 3095 3094
f 2950 3085 3094
f 3094 2952 2840
f 3094 2840 2950
f 3086 2951 3096
f 2952 3094 3095
f 2952 3095 3097
f 3097 2953 2952
f 2953 2846 2952
f 2844 3098 2951
f 3097 3099 2955
f 3097 2955 2953
f 3095 3100 3097
f 3100 3099 3097
f 3099 2848 2955
f 2958 3101 3102
f 2954 3102 3098
f 2844 2954 3098
f 2958 3102 2954
f 3103 2848 3099
f 2957 2848 3103
f 2957 3103 2956
f 2848 2956 2851
f 2958 3104 3101
f 2958 2959 3104
f 3103 3105 2956
f 2956 3105 2961
f 3105 3106 2961
f 2853 2956 2960
f 2956 2961 2960
f 3107 3108 3104
f 3107 3104 2962
f 2962 3104 2959
f 3106 2963 2961
f 3106 2964 2963
f 2962 2967 3107
f 3109 2964 3110
f 3111 3112 3113
f 2968 3111 2967
f 3112 3111 2968
f 2964 3109 2965
f 2969 3110 3114
f 2969 3114 3115
f 3110 2969 3109
f 2969 2965 3109
f 2971 3116 3112
f 2971 3112 2968
f 3117 2972 3115
f 3115 2972 2969
f 2970 3116 2971
f 2972 3117 2867
f 3118 2974 2867
f 3118 2867 3117
f 3119 2974 3118
f 3120 2980 2975
f 2868 2980 2973
f 2866 2868 2973
f 2974 3121 3122
f 2977 2974 3122
f 2977 2976 2974
f 2978 3122 2982
f 2978 2977 3122
f 3123 3120 2975
f 3123 2975 2979
f 2982 3122 3121
f 2981 3124 3125
f 2982 3124 2981
f 2978 2981 2983
f 2987 3125 2985
f 2987 2981 3125
f 2880 3126 2993
f 2984 3127 3128
f 2883 2993 3127
f 2984 2883 3127
f 2984 3128 3123
f 2984 3123 2979
f 2979 2874 2984
f 3125 3129 2985
f 3130 2986 3131
f 3131 2986 2985
f 2989 2986 3130
f 2989 2876 2986
f 2989 3130 3132
f 2990 3132 3133
f 3132 2990 2989
f 2988 2989 2990
f 3133 3134 2990
f 2878 2990 2991
f 2878 2877 2990
f 3135 2992 2991
f 2991 2990 3135
f 3126 2880 2992
f 2997 3136 3137
f 2995 2997 3137
f 2997 2998 3136
f 3136 2998 2999
f 3000 3138 2999
f 2893 2999 2998
f 3139 3002 3140
f 3139 3138 3002
f 3002 3138 3000
f 3002 3141 3140
f 3001 3141 3002
f 3141 3001 3005
f 3141 3005 3142
f 3006 3005 3004
f 3012 3011 2898
f 3143 3144 3145
f 3011 3143 3145
f 3146 3144 3143
f 3143 3012 3146
f 3012 3143 3011
f 3013 3146 3012
f 3146 3013 2996
f 2996 3147 3146
f 3137 3147 2996
f 3137 2996 2995
f 3136 2999 3148
f 3139 3148 3138
f 3138 3148 2999
f 3149 3140 3150
f 3140 3141 3150
f 3151 3152 3153
f 3153 3150 3141
f 3142 3153 3141
f 3154 3151 3153
f 3155 3154 3142
f 3154 3153 3142
f 3142 3005 3155
f 3155 3156 3154
f 3006 3156 3155
f 3006 3155 3005
f 3157 3006 3015
f 3158 3015 3016
f 3015 3014 3016
f 3159 3160 3010
f 3010 3160 2908
f 3011 3145 3159
f 3011 3159 3010
f 3153 3152 3150
f 3015 3158 3157
f 3016 3019 3158
f 2905 3019 2904
f 3016 2904 3019
f 3161 3162 3163
f 3162 3161 3164
f 3164 3161 3160
f 3161 2908 3160
f 3163 2908 3161
f 2908 3163 3017
f 3160 3165 3164
f 3165 3160 3166
f 3166 3160 3159
f 3167 3168 3019
f 3019 3018 3167
f 2914 3020 3169
f 3170 3162 3171
f 3163 3162 3170
f 3169 3170 3172
f 3017 3163 3170
f 3170 3169 3017
f 3020 3017 3169
f 3021 3167 3018
f 3173 3169 3172
f 2914 3169 3173
f 3022 3174 3021
f 3174 3022 3025
f 3023 3173 3175
f 2914 3173 3023
f 3176 3025 3177
f 3178 3025 3176
f 3175 3179 3028
f 3023 3175 3028
f 2916 3023 3028
f 3177 3025 3026
f 3027 3177 3026
f 2921 3028 3179
f 3180 3181 3182
f 3180 3183 3181
f 2921 3179 3184
f 2921 3184 3030
f 3185 3180 3182
f 3181 3186 3182
f 3187 3186 3181
f 3186 3187 3031
f 3029 3187 3181
f 3029 3181 3027
f 3031 3187 3029
f 3188 3030 3184
f 3030 3189 2926
f 3194 3195 3196
f 3196 3197 3198
f 3197 3196 3182
f 3197 3182 3186
f 3197 3186 3031
f 3198 3197 3031
f 3198 3031 3033
f 3199 3194 3200
f 3194 3196 3200
f 3198 3200 3196
f 3033 3034 3198
f 3036 3201 3202
f 3036 2926 3201
f 3200 3038 3199
f 3199 3038 3039
f 3200 3198 3038
f 3038 3198 3034
f 3039 3038 3037
f 3040 3202 3045
f 3036 3202 3040
f 3203 3204 3199
f 3203 3199 3039
f 3205 3206 3207
f 3203 3042 3207
f 3208 3207 3042
f 3207 3208 3205
f 3042 3203 3039
f 3209 3210 3211
f 3212 3210 3209
f 3205 3217 3212
f 3212 3217 3210
f 3210 3217 3218
f 3048 3205 3208
f 3217 3205 3048
f 3218 3217 3048
f 3048 3208 3049
f 3219 3045 3220
f 2933 3040 3045
f 3042 3049 3208
f 3049 3042 3046
f 3058 3049 3046
f 3221 3222 3223
f 3223 3224 3221
f 3051 3218 3048
f 3049 3058 3047
f 3225 3221 3224
f 3224 3223 3211
f 3221 3225 3222
f 3210 3218 3211
f 3054 3226 3224
f 3224 3211 3054
f 3054 3211 3051
f 3218 3051 3211
f 3220 3227 3219
f 3045 3219 3044
f 3055 3219 3228
f 3055 3044 3219
f 3229 3222 3230
f 3058 3063 3231
f 3232 3061 3231
f 3231 3061 3058
f 3063 3058 3059
f 3058 3061 3047
f 3233 3226 3234
f 3233 3235 3225
f 3235 3230 3225
f 3233 3225 3224
f 3225 3230 3222
f 3233 3224 3226
f 3060 3226 3054
f 3060 3054 3053
f 3228 3236 3237
f 3228 3238 3236
f 3238 3228 3219
f 3065 3228 3237
f 3055 3228 3057
f 3232 3239 3240
f 3241 3232 3240
f 3242 3243 3241
f 3241 3243 3232
f 3231 3063 3239
f 3231 3239 3232
f 3243 3061 3232
f 3061 3243 3064
f 3064 3244 3060
f 3245 3226 3060
f 3246 3247 3245
f 3245 3060 3246
f 3246 3060 3244
f 3065 3237 3067
f 3228 3065 3057
f 3068 3239 2941
f 3239 3063 2941
f 2941 3063 3062
f 3248 3249 3250
f 3248 3243 3242
f 3250 3244 3248
f 3064 3243 3248
f 3244 3064 3248
f 3249 3251 3250
f 3251 3244 3250
f 3247 3246 3251
f 3246 3244 3251
f 3252 3253 3254
f 3067 3237 3252
f 3252 3254 3071
f 3071 3067 3252
f 3255 3256 3257
f 3258 3257 3256
f 3258 3256 3066
f 3068 3066 3256
f 3259 3074 3254
f 3259 3260 3074
f 3071 3254 3074
f 2946 3070 3074
f 3074 3070 3071
f 3076 3261 3073
f 3261 3258 3066
f 3261 3066 3069
f 3073 3261 3069
f 3260 3262 3263
f 3263 3262 3264
f 3259 3262 3260
f 3263 3265 3260
f 3072 3260 3265
f 3072 3074 3260
f 3266 3267 3076
f 3261 3076 3267
f 3268 3269 3270
f 3263 3264 3271
f 3271 3270 3269
f 3272 3263 3271
f 3269 3083 3271
f 3272 3271 3080
f 3271 3083 3080
f 3265 3263 3078
f 3272 3078 3263
f 3078 3272 3079
f 3072 3265 3075
f 3265 3078 3075
f 3266 3076 3077
f 3273 3269 3274
f 3275 3273 3274
f 3276 3269 3273
f 3269 3276 3083
f 3276 3092 3083
f 3277 3274 3268
f 3278 3277 3279
f 3268 3274 3269
f 3277 3278 3274
f 3279 3284 3278
f 3278 3275 3274
f 3278 3285 3275
f 3284 3285 3278
f 3272 3080 3082
f 3081 3083 3092
f 3082 3079 3272
f 3084 3079 3082
f 3084 3082 3085
f 3081 3088 3082
f 3290 3086 3096
f 3291 3292 3275
f 3292 3291 3293
f 3275 3292 3273
f 3273 3292 3276
f 3292 3293 3276
f 3092 3276 3090
f 3293 3090 3276
f 3089 3092 3090
f 3294 3295 3296
f 3295 3297 3296
f 3294 3298 3295
f 3295 3298 3085
f 3298 3093 3085
f 3295 3087 3297
f 3295 3085 3082
f 3087 3295 3088
f 3082 3088 3295
f 3299 3300 3301
f 3096 2951 3301
f 2951 3299 3301
f 3293 3291 3302
f 3303 3302 3291
f 3302 3090 3293
f 3304 3090 3302
f 3090 3304 3091
f 3297 3305 3306
f 3087 3305 3297
f 3087 3091 3305
f 3089 3091 3087
f 3298 3307 3093
f 3093 3307 3308
f 3093 3308 3095
f 3308 3100 3095
f 3102 3309 3299
f 3098 3299 2951
f 3098 3102 3299
f 3303 3310 3302
f 3302 3310 3304
f 3306 3305 3311
f 3091 3310 3311
f 3091 3311 3305
f 3091 3304 3310
f 3308 3099 3100
f 3312 3103 3099
f 3101 3309 3102
f 3309 3101 3313
f 3312 3314 3315
f 3312 3315 3103
f 3108 3313 3101
f 3313 3108 3316
f 3315 3317 3105
f 3315 3105 3103
f 3105 3317 3106
f 3104 3108 3101
f 3318 3106 3317
f 2967 3111 3319
f 2967 3319 3107
f 3110 3318 3320
f 3110 3106 3318
f 3106 3110 2964
f 3321 3110 3320
f 3321 3322 3114
f 3114 3110 3321
f 3322 3115 3114
f 3116 3323 3113
f 3113 3112 3116
f 3115 3322 3324
f 3324 3117 3115
f 3325 3326 3327
f 2980 3328 3325
f 3329 3327 3326
f 3327 3323 3116
f 3323 3327 3329
f 3327 3116 2970
f 3325 3327 2973
f 2970 2973 3327
f 3330 3331 3332
f 3324 3330 3332
f 3332 3331 3118
f 3117 3324 3332
f 3332 3118 3117
f 3118 3331 3119
f 3325 2973 2980
f 2974 3119 3121
f 3119 3333 3121
f 3123 3334 3335
f 3335 3336 3123
f 2980 3120 3336
f 3123 3336 3120
f 3121 3337 3124
f 3337 3121 3333
f 3121 3124 2982
f 3338 3129 3337
f 3129 3124 3337
f 3124 3129 3125
f 3126 3339 3340
f 3340 2993 3126
f 3127 2993 3340
f 3127 3340 3341
f 3128 3341 3334
f 3127 3341 3128
f 3128 3334 3123
f 3129 3342 3131
f 2985 3129 3131
f 3130 3131 3343
f 3342 3343 3131
f 3344 3132 3130
f 3344 3133 3132
f 3133 3344 3134
f 3135 2990 3134
f 3339 3135 3345
f 2992 3135 3339
f 3126 2992 3339
f 3346 3347 3348
f 3348 3347 3349
f 3350 3348 3349
f 3350 3349 3351
f 3352 3353 3348
f 3353 3346 3348
f 3354 3355 3356
f 3357 3353 3358
f 3353 3352 3358
f 3355 3359 3356
f 3359 3360 3356
f 3360 3361 3356
f 3352 3361 3360
f 3361 3352 3350
f 3352 3348 3350
f 3355 3362 3359
f 3360 3363 3364
f 3360 3364 3358
f 3363 3360 3359
f 3360 3358 3352
f 3365 3366 3367
f 3368 3365 3367
f 3369 3368 3367
f 3365 3370 3371
f 3365 3371 3366
f 3370 3372 3371
f 3368 3369 3373
f 3374 3370 3365
f 3370 3375 3372
f 3376 3372 3375
f 3372 3376 3377
f 3368 3378 3365
f 3378 3374 3365
f 3376 3379 3377
f 3373 3378 3368
f 3377 3373 3369
f 3379 3373 3377
f 3375 3370 3347
f 3347 3370 3374
f 3347 3374 3349
f 3375 3351 3376
f 3376 3351 3379
f 3378 3349 3374
f 3351 3349 3379
f 3349 3373 3379
f 3349 3378 3373
f 3375 3347 3346
f 3380 3351 3375
f 3381 3375 3346
f 3381 3380 3375
f 3381 3354 3380
f 3354 3356 3380
f 3356 3351 3380
f 3361 3350 3351
f 3356 3361 3351
f 3382 3383 3384
f 3385 3386 3384
f 3382 3367 3387
f 3386 3382 3384
f 3367 3382 3386
f 3385 3388 3371
f 3366 3371 3388
f 3385 3371 3389
f 3385 3389 3390
f 3385 3390 3386
f 3369 3386 3390
f 3369 3367 3386
f 3389 3371 3372
f 3389 3372 3377
f 3389 3377 3390
f 3369 3390 3377
f 3391 3392 3393
f 3394 3395 3396
f 3393 3394 3396
f 3394 3397 3395
f 3392 3394 3393
f 3392 3397 3394
f 3398 3392 3399
f 3395 3400 3401
f 3395 3397 3402
f 3403 3402 3397
f 3392 3403 3397
f 3404 3403 3398
f 3398 3399 3405
f 3398 3403 3392
f 3395 3406 3400
f 3407 3406 3402
f 3402 3406 3395
f 3408 3407 3402
f 3403 3408 3402
f 3409 3405 3400
f 3409 3398 3405
f 3404 3408 3403
f 3398 3409 3404
f 3409 3410 3404
f 3404 3410 3408
f 3411 3400 3406
f 3412 3409 3411
f 3411 3409 3400
f 3409 3412 3413
f 3413 3410 3409
f 3414 3410 3413
f 3410 3414 3408
f 3415 3416 3417
f 3418 3417 3419
f 3417 3418 3415
f 3418 3146 3415
f 3147 3415 3146
f 3418 3144 3146
f 3420 3421 3422
f 3420 3423 3421
f 3422 3415 3147
f 3422 3137 3420
f 3147 3137 3422
f 3423 3424 3425
f 3420 3424 3423
f 3420 3136 3424
f 3137 3136 3420
f 3426 3427 3428
f 3429 3428 3427
f 3424 3428 3429
f 3139 3426 3428
f 3148 3428 3424
f 3136 3148 3424
f 3139 3428 3148
f 3149 3139 3140
f 3151 3154 3430
f 3006 3157 3156
f 3431 3432 3433
f 3432 3434 3433
f 3435 3434 3432
f 3436 3434 3435
f 3437 3436 3435
f 3434 3438 3433
f 3434 3393 3438
f 3439 3436 3437
f 3440 3441 3442
f 3440 3442 3438
f 3436 3439 3443
f 3436 3393 3434
f 3440 3444 3441
f 3396 3444 3440
f 3396 3440 3438
f 3396 3438 3393
f 3439 3441 3445
f 3446 3445 3444
f 3444 3445 3441
f 3445 3446 3399
f 3445 3443 3439
f 3393 3436 3391
f 3443 3445 3399
f 3391 3399 3392
f 3443 3391 3436
f 3399 3391 3443
f 3395 3444 3396
f 3399 3446 3401
f 3444 3401 3446
f 3395 3401 3444
f 3400 3405 3401
f 3399 3401 3405
f 3447 3159 3145
f 3448 3145 3419
f 3447 3145 3448
f 3419 3145 3144
f 3144 3418 3419
f 3449 3450 3427
f 3449 3427 3426
f 3451 3426 3149
f 3426 3139 3149
f 3426 3451 3449
f 3451 3149 3150
f 3152 3452 3451
f 3150 3152 3451
f 3453 3454 3455
f 3455 3454 3456
f 3457 3453 3455
f 3455 3456 3458
f 3457 3455 3458
f 3458 3459 3457
f 3152 3459 3458
f 3152 3151 3459
f 3460 3461 3462
f 3461 3463 3462
f 3463 3461 3457
f 3461 3464 3453
f 3453 3457 3461
f 3457 3459 3151
f 3457 3151 3430
f 3465 3463 3466
f 3463 3430 3466
f 3463 3457 3430
f 3430 3154 3156
f 3467 3466 3468
f 3466 3430 3468
f 3430 3156 3468
f 3468 3156 3157
f 3469 3468 3157
f 3157 3158 3469
f 3470 3468 3469
f 3019 3469 3158
f 3470 3019 3168
f 3469 3019 3470
f 3471 3472 3473
f 3474 3475 3472
f 3435 3474 3472
f 3432 3474 3435
f 3441 3471 3442
f 3437 3471 3441
f 3437 3435 3472
f 3471 3437 3472
f 3437 3441 3439
f 3476 3477 3447
f 3166 3478 3165
f 3478 3166 3477
f 3477 3166 3447
f 3159 3447 3166
f 3476 3479 3480
f 3448 3479 3476
f 3448 3476 3447
f 3479 3481 3482
f 3481 3479 3448
f 3481 3448 3419
f 3483 3484 3485
f 3486 3483 3485
f 3487 3486 3485
f 3449 3486 3487
f 3483 3486 3488
f 3486 3449 3488
f 3488 3449 3451
f 3488 3451 3452
f 3456 3489 3490
f 3490 3458 3456
f 3490 3491 3458
f 3452 3491 3483
f 3452 3152 3491
f 3491 3152 3458
f 3452 3483 3488
f 3454 3492 3493
f 3454 3493 3489
f 3464 3492 3454
f 3454 3489 3456
f 3464 3454 3453
f 3498 3461 3460
f 3464 3498 3492
f 3498 3464 3461
f 3168 3499 3470
f 3168 3500 3499
f 3501 3502 3503
f 3504 3501 3503
f 3501 3505 3502
f 3503 3506 3504
f 3507 3508 3171
f 3509 3508 3507
f 3507 3171 3162
f 3162 3164 3507
f 3510 3511 3512
f 3512 3511 3513
f 3509 3512 3513
f 3513 3508 3509
f 3165 3509 3507
f 3165 3507 3164
f 3510 3514 3515
f 3514 3510 3512
f 3514 3480 3515
f 3514 3512 3509
f 3478 3480 3514
f 3509 3478 3514
f 3477 3480 3478
f 3165 3478 3509
f 3516 3515 3480
f 3517 3480 3518
f 3518 3480 3479
f 3476 3480 3477
f 3519 3517 3518
f 3518 3520 3519
f 3479 3520 3518
f 3520 3479 3482
f 3167 3500 3168
f 3521 3167 3174
f 3521 3500 3167
f 3522 3523 3502
f 3524 3502 3523
f 3503 3524 3506
f 3502 3524 3503
f 3171 3525 3526
f 3525 3171 3508
f 3172 3171 3526
f 3170 3171 3172
f 3508 3527 3525
f 3513 3527 3508
f 3528 3513 3511
f 3511 3510 3529
f 3530 3515 3516
f 3517 3531 3516
f 3480 3517 3516
f 3517 3519 3531
f 3021 3174 3167
f 3532 3533 3506
f 3532 3506 3524
f 3534 3523 3535
f 3534 3524 3523
f 3532 3524 3534
f 3173 3536 3175
f 3172 3536 3173
f 3536 3172 3537
f 3172 3526 3537
f 3025 3178 3174
f 3532 3538 3533
f 3539 3183 3535
f 3532 3534 3183
f 3183 3534 3535
f 3540 3538 3532
f 3541 3542 3543
f 3543 3179 3541
f 3541 3536 3537
f 3175 3536 3541
f 3179 3175 3541
f 3544 3545 3539
f 3544 3546 3545
f 3545 3183 3539
f 3544 3538 3547
f 3540 3532 3183
f 3179 3543 3548
f 3176 3177 3549
f 3027 3550 3549
f 3027 3549 3177
f 3550 3551 3549
f 3551 3550 3546
f 3544 3547 3546
f 3547 3195 3546
f 3552 3195 3547
f 3538 3552 3547
f 3181 3545 3546
f 3181 3546 3550
f 3552 3185 3195
f 3545 3181 3183
f 3538 3540 3552
f 3550 3027 3181
f 3552 3540 3185
f 3180 3540 3183
f 3185 3540 3180
f 3179 3548 3184
f 3553 3554 3551
f 3546 3553 3551
f 3195 3553 3546
f 3196 3195 3182
f 3182 3195 3185
f 3555 3556 3557
f 3189 3188 3558
f 3030 3188 3189
f 3184 3548 3188
f 3559 3553 3560
f 3560 3553 3561
f 3553 3195 3561
f 3562 3559 3560
f 3194 3561 3195
f 3201 3189 3558
f 2926 3189 3201
f 3563 3564 3204
f 3564 3560 3204
f 3204 3560 3561
f 3199 3204 3194
f 3561 3194 3204
f 3565 3557 3566
f 3565 3555 3557
f 3567 3565 3566
f 3201 3558 3202
f 3568 3563 3569
f 3563 3204 3569
f 3570 3568 3569
f 3571 3565 3567
f 3571 3567 3572
f 3573 3567 3566
f 3569 3207 3570
f 3569 3204 3203
f 3569 3203 3207
f 3577 3578 3579
f 3581 3582 3206
f 3581 3206 3583
f 3206 3570 3207
f 3583 3206 3205
f 3578 3223 3579
f 3223 3578 3209
f 3578 3581 3209
f 3583 3209 3581
f 3209 3583 3212
f 3205 3212 3583
f 3587 3588 3566
f 3589 3590 3573
f 3202 3591 3592
f 3590 3567 3573
f 3202 3592 3220
f 3573 3566 3588
f 3220 3592 3227
f 3045 3202 3220
f 3593 3577 3594
f 3579 3594 3577
f 3593 3596 3597
f 3596 3229 3597
f 3596 3593 3594
f 3579 3223 3594
f 3596 3594 3229
f 3594 3222 3229
f 3222 3594 3223
f 3223 3209 3211
f 3589 3598 3599
f 3600 3601 3602
f 3589 3227 3598
f 3573 3227 3589
f 3227 3592 3598
f 3600 3588 3601
f 3603 3588 3600
f 3603 3573 3588
f 3227 3573 3603
f 3219 3227 3603
f 3604 3593 3597
f 3597 3229 3605
f 3605 3229 3230
f 3605 3606 3597
f 3599 3607 3602
f 3599 3602 3601
f 3236 3600 3602
f 3603 3600 3236
f 3238 3603 3236
f 3238 3219 3603
f 3608 3609 3605
f 3606 3605 3609
f 3235 3610 3611
f 3234 3610 3235
f 3605 3230 3611
f 3611 3230 3235
f 3233 3234 3235
f 3612 3610 3234
f 3612 3234 3245
f 3612 3245 3247
f 3234 3226 3245
f 3602 3613 3614
f 3607 3613 3602
f 3602 3614 3615
f 3252 3615 3614
f 3236 3602 3615
f 3252 3237 3615
f 3237 3236 3615
f 3616 3617 3618
f 3255 3619 3617
f 3239 3255 3617
f 3620 3241 3616
f 3616 3239 3617
f 3240 3239 3616
f 3241 3240 3616
f 3620 3242 3241
f 3239 3068 3255
f 3621 3622 3623
f 3623 3608 3611
f 3611 3621 3623
f 3610 3624 3621
f 3610 3621 3611
f 3608 3605 3611
f 3625 3248 3242
f 3248 3625 3249
f 3612 3624 3610
f 3251 3249 3626
f 3626 3247 3251
f 3613 3627 3628
f 3628 3614 3613
f 3252 3614 3253
f 3253 3614 3628
f 3629 3619 3255
f 3257 3629 3255
f 3629 3257 3630
f 3256 3255 3068
f 3620 3631 3632
f 3633 3249 3632
f 3620 3632 3625
f 3632 3249 3625
f 3625 3242 3620
f 3626 3249 3633
f 3262 3253 3628
f 3259 3253 3262
f 3254 3253 3259
f 3634 3635 3636
f 3634 3636 3262
f 3627 3634 3628
f 3628 3634 3262
f 3630 3267 3637
f 3630 3261 3267
f 3630 3257 3258
f 3258 3261 3630
f 3638 3639 3270
f 3639 3640 3270
f 3638 3270 3264
f 3270 3271 3264
f 3264 3636 3638
f 3636 3264 3262
f 3641 3267 3266
f 3642 3643 3644
f 3645 3644 3640
f 3640 3277 3268
f 3640 3644 3277
f 3270 3640 3268
f 3644 3646 3277
f 3277 3646 3279
f 3643 3647 3646
f 3647 3648 3646
f 3646 3644 3643
f 3290 3649 3266
f 3649 3641 3266
f 3266 3077 3290
f 3650 3651 3279
f 3650 3279 3646
f 3652 3650 3648
f 3652 3651 3650
f 3646 3648 3650
f 3290 3096 3657
f 3086 3290 3077
f 3275 3658 3291
f 3651 3659 3660
f 3660 3659 3661
f 3651 3660 3279
f 3661 3284 3660
f 3661 3662 3284
f 3279 3660 3284
f 3284 3662 3285
f 3663 3664 3665
f 3665 3664 3296
f 3663 3298 3294
f 3294 3664 3663
f 3664 3294 3296
f 3663 3307 3298
f 3301 3300 3657
f 3301 3657 3096
f 3666 3667 3291
f 3666 3658 3668
f 3658 3666 3291
f 3291 3667 3303
f 3662 3661 3669
f 3662 3669 3670
f 3670 3668 3658
f 3662 3670 3285
f 3658 3285 3670
f 3285 3658 3275
f 3665 3671 3672
f 3671 3306 3672
f 3665 3296 3671
f 3296 3297 3671
f 3671 3297 3306
f 3673 3674 3307
f 3307 3674 3308
f 3675 3299 3309
f 3676 3677 3678
f 3677 3303 3667
f 3677 3676 3303
f 3310 3303 3676
f 3679 3311 3676
f 3310 3676 3311
f 3678 3679 3676
f 3311 3679 3680
f 3680 3306 3311
f 3306 3680 3672
f 3674 3681 3682
f 3674 3682 3308
f 3312 3308 3682
f 3308 3312 3099
f 3299 3675 3300
f 3313 3675 3309
f 3683 3682 3681
f 3682 3683 3312
f 3683 3314 3312
f 3683 3684 3314
f 3317 3684 3685
f 3681 3684 3683
f 3316 3686 3313
f 3313 3686 3675
f 3314 3317 3315
f 3687 3319 3688
f 3316 3107 3319
f 3107 3316 3108
f 3689 3317 3690
f 3689 3320 3318
f 3320 3322 3321
f 3111 3113 3691
f 3691 3113 3323
f 3692 3693 3322
f 3694 3329 3695
f 3691 3323 3329
f 3324 3693 3330
f 3693 3324 3322
f 3696 3328 3697
f 3326 3328 3696
f 3696 3329 3326
f 3325 3328 3326
f 3331 3330 3698
f 3698 3699 3331
f 3119 3331 3699
f 3700 3701 3336
f 3336 3335 3700
f 3328 3336 3701
f 3336 3328 2980
f 3328 3701 3697
f 3699 3702 3333
f 3333 3702 3703
f 3119 3699 3333
f 3703 3337 3333
f 3334 3704 3335
f 3704 3334 3705
f 3706 3337 3703
f 3338 3342 3129
f 3707 3708 3343
f 3707 3343 3342
f 3345 3344 3709
f 3710 3339 3345
f 3710 3711 3339
f 3340 3339 3711
f 3712 3340 3711
f 3712 3705 3340
f 3341 3340 3705
f 3705 3334 3341
f 3708 3130 3343
f 3344 3345 3134
f 3135 3134 3345
f 3353 3381 3346
f 3713 3354 3381
f 3713 3355 3354
f 3357 3381 3353
f 3713 3381 3357
f 3362 3714 3715
f 3715 3714 3716
f 3714 3717 3716
f 3362 3718 3363
f 3719 3720 3721
f 3713 3714 3355
f 3355 3714 3362
f 3717 3714 3357
f 3714 3713 3357
f 3718 3721 3363
f 3720 3357 3358
f 3357 3720 3717
f 3721 3364 3363
f 3720 3364 3721
f 3363 3359 3362
f 3364 3720 3358
f 3722 3719 3721
f 3723 3724 3725
f 3726 3727 3728
f 3728 3727 3729
f 3726 3730 3727
f 3727 3718 3362
f 3730 3718 3727
f 3731 3732 3722
f 3733 3722 3732
f 3734 3731 3722
f 3734 3718 3730
f 3721 3718 3734
f 3722 3721 3734
f 3735 3736 3737
f 3737 3736 3738
f 3724 3739 3737
f 3724 3737 3740
f 3740 3737 3738
f 3741 3740 3738
f 3742 3741 3738
f 3723 3739 3724
f 3421 3741 3742
f 3724 3740 3725
f 3421 3742 3743
f 3421 3744 3745
f 3421 3745 3741
f 3725 3745 3744
f 3745 3725 3740
f 3745 3740 3741
f 3725 3746 3747
f 3747 3746 3748
f 3723 3725 3747
f 3749 3750 3751
f 3749 3744 3750
f 3744 3421 3750
f 3725 3383 3746
f 3423 3751 3750
f 3421 3423 3750
f 3752 3744 3749
f 3752 3383 3744
f 3383 3725 3744
f 3752 3749 3384
f 3383 3752 3384
f 3753 3754 3748
f 3387 3753 3748
f 3753 3755 3754
f 3385 3749 3755
f 3385 3384 3749
f 3753 3385 3755
f 3746 3383 3387
f 3385 3753 3756
f 3387 3756 3753
f 3387 3366 3756
f 3382 3387 3383
f 3756 3388 3385
f 3366 3388 3756
f 3366 3387 3367
f 3757 3730 3726
f 3731 3734 3730
f 3757 3505 3730
f 3758 3730 3505
f 3731 3730 3758
f 3759 3760 3761
f 3759 3735 3760
f 3736 3735 3759
f 3412 3762 3763
f 3762 3406 3761
f 3407 3759 3406
f 3406 3759 3761
f 3408 3736 3759
f 3407 3408 3759
f 3762 3411 3406
f 3738 3736 3414
f 3412 3411 3762
f 3408 3414 3736
f 3764 3763 3762
f 3416 3765 3766
f 3416 3767 3765
f 3767 3768 3765
f 3768 3767 3742
f 3743 3742 3767
f 3742 3738 3768
f 3412 3763 3765
f 3416 3415 3767
f 3768 3738 3413
f 3768 3412 3765
f 3413 3412 3768
f 3738 3414 3413
f 3743 3422 3421
f 3743 3767 3422
f 3767 3415 3422
f 3769 3749 3751
f 3751 3429 3770
f 3429 3751 3425
f 3424 3429 3425
f 3423 3425 3751
f 3755 3749 3769
f 3771 3772 3773
f 3728 3774 3726
f 3757 3726 3774
f 3775 3771 3773
f 3775 3732 3731
f 3771 3775 3776
f 3775 3731 3776
f 3731 3758 3776
f 3438 3442 3433
f 3765 3777 3766
f 3766 3777 3778
f 3779 3766 3778
f 3779 3778 3780
f 3417 3766 3779
f 3417 3416 3766
f 3481 3779 3780
f 3417 3779 3419
f 3770 3450 3781
f 3450 3770 3427
f 3427 3770 3429
f 3465 3782 3462
f 3462 3463 3465
f 3774 3772 3783
f 3783 3784 3774
f 3774 3784 3757
f 3783 3785 3784
f 3784 3505 3757
f 3785 3505 3784
f 3786 3772 3771
f 3771 3776 3786
f 3786 3776 3504
f 3504 3776 3501
f 3501 3758 3505
f 3776 3758 3501
f 3787 3788 3789
f 3790 3791 3792
f 3788 3791 3790
f 3793 3473 3794
f 3794 3473 3795
f 3795 3790 3792
f 3473 3475 3795
f 3795 3475 3790
f 3788 3790 3789
f 3789 3432 3796
f 3793 3431 3471
f 3796 3431 3793
f 3789 3790 3474
f 3474 3432 3789
f 3431 3796 3432
f 3474 3790 3475
f 3473 3472 3475
f 3793 3471 3473
f 3433 3471 3431
f 3433 3442 3471
f 3780 3778 3797
f 3798 3780 3797
f 3780 3798 3481
f 3779 3481 3419
f 3799 3781 3800
f 3450 3800 3781
f 3800 3450 3487
f 3449 3487 3450
f 3491 3801 3802
f 3484 3491 3802
f 3485 3484 3802
f 3485 3802 3800
f 3487 3485 3800
f 3484 3483 3491
f 3803 3804 3805
f 3490 3805 3801
f 3490 3801 3491
f 3805 3490 3489
f 3803 3806 3807
f 3806 3808 3807
f 3489 3803 3805
f 3806 3493 3808
f 3806 3803 3489
f 3806 3489 3493
f 3493 3492 3808
f 3809 3810 3811
f 3810 3808 3811
f 3811 3808 3492
f 3460 3811 3492
f 3498 3460 3492
f 3782 3812 3809
f 3811 3460 3809
f 3462 3782 3809
f 3809 3460 3462
f 3813 3782 3465
f 3467 3813 3465
f 3465 3466 3467
f 3467 3814 3813
f 3814 3467 3815
f 3467 3468 3815
f 3499 3815 3470
f 3468 3470 3815
f 3816 3783 3786
f 3786 3783 3772
f 3816 3786 3817
f 3504 3817 3786
f 3502 3505 3785
f 3506 3817 3504
f 3818 3792 3819
f 3820 3794 3821
f 3794 3822 3821
f 3798 3797 3823
f 3519 3823 3824
f 3519 3824 3825
f 3519 3798 3823
f 3520 3798 3519
f 3482 3798 3520
f 3481 3798 3482
f 3826 3500 3827
f 3521 3827 3500
f 3828 3500 3826
f 3815 3499 3500
f 3521 3829 3827
f 3816 3522 3783
f 3785 3783 3522
f 3522 3502 3785
f 3533 3816 3817
f 3533 3817 3506
f 3818 3819 3830
f 3795 3792 3818
f 3822 3818 3831
f 3831 3821 3822
f 3822 3795 3818
f 3795 3822 3794
f 3831 3832 3821
f 3833 3821 3832
f 3513 3528 3834
f 3527 3513 3834
f 3835 3836 3837
f 3511 3835 3838
f 3511 3838 3528
f 3528 3838 3834
f 3529 3836 3835
f 3511 3529 3835
f 3839 3840 3841
f 3840 3842 3841
f 3843 3840 3839
f 3529 3840 3843
f 3839 3836 3843
f 3836 3529 3843
f 3840 3529 3510
f 3840 3510 3844
f 3515 3844 3510
f 3845 3842 3846
f 3846 3825 3845
f 3844 3846 3842
f 3840 3844 3842
f 3844 3530 3846
f 3844 3515 3530
f 3531 3530 3516
f 3530 3825 3846
f 3825 3530 3531
f 3519 3825 3531
f 3174 3178 3829
f 3521 3174 3829
f 3535 3523 3522
f 3522 3816 3847
f 3847 3539 3522
f 3816 3533 3847
f 3539 3535 3522
f 3818 3830 3848
f 3849 3818 3848
f 3849 3831 3818
f 3850 3832 3851
f 3832 3831 3851
f 3852 3853 3854
f 3854 3526 3525
f 3855 3853 3856
f 3855 3856 3857
f 3856 3834 3857
f 3856 3853 3852
f 3856 3852 3834
f 3834 3837 3857
f 3527 3834 3852
f 3525 3527 3852
f 3858 3857 3837
f 3834 3838 3837
f 3835 3837 3838
f 3859 3839 3841
f 3836 3839 3858
f 3836 3858 3837
f 3860 3178 3861
f 3544 3539 3847
f 3538 3544 3847
f 3533 3538 3847
f 3830 3862 3863
f 3848 3830 3863
f 3851 3864 3862
f 3831 3865 3851
f 3831 3849 3865
f 3541 3537 3542
f 3854 3866 3867
f 3542 3867 3868
f 3542 3537 3867
f 3525 3852 3854
f 3854 3867 3526
f 3867 3537 3526
f 3861 3178 3176
f 3176 3869 3861
f 3862 3864 3863
f 3863 3864 3870
f 3851 3865 3864
f 3848 3871 3849
f 3542 3868 3543
f 3543 3868 3548
f 3872 3873 3869
f 3872 3869 3549
f 3869 3176 3549
f 3848 3870 3874
f 3848 3863 3870
f 3871 3848 3874
f 3875 3864 3876
f 3864 3877 3876
f 3875 3874 3870
f 3864 3865 3877
f 3865 3878 3877
f 3865 3849 3878
f 3878 3849 3871
f 3878 3871 3556
f 3556 3871 3874
f 3548 3868 3879
f 3548 3879 3188
f 3872 3554 3559
f 3554 3872 3551
f 3872 3549 3551
f 3559 3554 3553
f 3864 3875 3870
f 3874 3875 3557
f 3877 3880 3876
f 3557 3556 3874
f 3880 3877 3555
f 3555 3877 3878
f 3555 3878 3556
f 3879 3881 3558
f 3188 3879 3558
f 3876 3882 3875
f 3571 3883 3876
f 3876 3880 3571
f 3565 3571 3880
f 3880 3555 3565
f 3564 3884 3885
f 3564 3562 3560
f 3883 3587 3882
f 3876 3883 3882
f 3882 3557 3875
f 3882 3587 3566
f 3557 3882 3566
f 3886 3887 3591
f 3887 3886 3888
f 3202 3886 3591
f 3558 3886 3202
f 3563 3889 3884
f 3564 3563 3884
f 3563 3568 3889
f 3890 3889 3891
f 3889 3570 3891
f 3891 3570 3892
f 3570 3889 3568
f 3582 3570 3206
f 3892 3570 3582
f 3883 3572 3587
f 3572 3883 3571
f 3587 3572 3601
f 3572 3567 3590
f 3893 3894 3895
f 3893 3896 3897
f 3892 3897 3896
f 3894 3893 3577
f 3578 3893 3897
f 3578 3897 3581
f 3897 3892 3581
f 3892 3582 3581
f 3893 3578 3577
f 3588 3587 3601
f 3591 3887 3898
f 3592 3591 3898
f 3589 3572 3590
f 3899 3900 3894
f 3577 3899 3894
f 3899 3901 3900
f 3901 3899 3593
f 3593 3899 3577
f 3599 3598 3902
f 3592 3898 3598
f 3572 3589 3599
f 3572 3599 3601
f 3900 3903 3904
f 3604 3903 3900
f 3604 3905 3903
f 3604 3900 3901
f 3604 3597 3905
f 3597 3606 3905
f 3604 3901 3593
f 3599 3906 3607
f 3907 3908 3606
f 3609 3907 3606
f 3905 3606 3908
f 3613 3909 3910
f 3613 3906 3909
f 3906 3613 3607
f 3911 3912 3913
f 3608 3907 3609
f 3913 3622 3621
f 3624 3913 3621
f 3914 3911 3915
f 3914 3915 3916
f 3911 3624 3915
f 3911 3913 3624
f 3626 3916 3915
f 3915 3247 3626
f 3915 3624 3247
f 3612 3247 3624
f 3627 3910 3917
f 3917 3635 3634
f 3627 3917 3634
f 3613 3910 3627
f 3918 3618 3919
f 3920 3619 3919
f 3919 3618 3920
f 3629 3921 3619
f 3920 3617 3619
f 3618 3617 3920
f 3922 3923 3924
f 3618 3922 3616
f 3924 3616 3922
f 3631 3924 3925
f 3616 3631 3620
f 3631 3616 3924
f 3622 3912 3926
f 3927 3622 3926
f 3928 3622 3927
f 3928 3608 3623
f 3913 3912 3622
f 3928 3623 3622
f 3929 3632 3925
f 3925 3632 3631
f 3929 3633 3632
f 3930 3931 3929
f 3626 3931 3916
f 3931 3633 3929
f 3633 3931 3626
f 3635 3917 3932
f 3635 3932 3638
f 3636 3635 3638
f 3637 3921 3629
f 3637 3629 3630
f 3924 3923 3925
f 3644 3645 3642
f 3639 3933 3645
f 3645 3640 3639
f 3934 3935 3936
f 3642 3645 3937
f 3645 3933 3937
f 3638 3933 3639
f 3933 3638 3938
f 3938 3638 3932
f 3647 3934 3936
f 3935 3934 3642
f 3647 3643 3934
f 3934 3643 3642
f 3939 3940 3941
f 3941 3940 3641
f 3641 3940 3267
f 3940 3637 3267
f 3942 3647 3943
f 3944 3943 3936
f 3943 3944 3945
f 3943 3647 3936
f 3943 3945 3942
f 3647 3942 3648
f 3649 3941 3641
f 3946 3652 3947
f 3942 3652 3648
f 3948 3949 3945
f 3947 3652 3949
f 3949 3652 3942
f 3290 3950 3649
f 3657 3950 3290
f 3651 3951 3952
f 3659 3651 3952
f 3951 3651 3946
f 3651 3652 3946
f 3961 3666 3668
f 3962 3666 3961
f 3667 3666 3962
f 3963 3964 3661
f 3659 3968 3661
f 3964 3669 3661
f 3669 3668 3670
f 3970 3971 3665
f 3970 3665 3972
f 3972 3672 3973
f 3672 3972 3665
f 3974 3975 3971
f 3975 3974 3673
f 3975 3663 3971
f 3971 3663 3665
f 3663 3975 3307
f 3975 3673 3307
f 3962 3976 3667
f 3667 3976 3677
f 3677 3976 3977
f 3977 3678 3677
f 3668 3978 3961
f 3964 3978 3669
f 3669 3978 3668
f 3973 3672 3979
f 3672 3980 3979
f 3672 3680 3980
f 3673 3981 3674
f 3981 3681 3674
f 3981 3982 3681
f 3675 3686 3983
f 3300 3675 3983
f 3976 3984 3977
f 3984 3985 3977
f 3986 3678 3985
f 3678 3977 3985
f 3678 3986 3679
f 3680 3986 3980
f 3986 3680 3679
f 3684 3987 3988
f 3987 3684 3681
f 3687 3686 3316
f 3685 3690 3317
f 3684 3317 3314
f 3686 3687 3989
f 3317 3689 3318
f 3690 3990 3991
f 3319 3691 3688
f 3319 3687 3316
f 3691 3319 3111
f 3990 3692 3991
f 3991 3689 3690
f 3991 3692 3689
f 3322 3689 3692
f 3689 3322 3320
f 3693 3992 3993
f 3992 3693 3692
f 3329 3694 3691
f 3994 3695 3696
f 3695 3329 3696
f 3693 3993 3995
f 3996 3693 3995
f 3330 3693 3996
f 3997 3330 3996
f 3998 3994 3697
f 3994 3696 3697
f 3695 3994 3999
f 3997 4000 3698
f 3330 3997 3698
f 3699 3698 3702
f 3998 3701 3700
f 3998 3697 3701
f 3703 3702 3706
f 3337 3706 3338
f 3704 4001 4002
f 4001 3704 3705
f 3704 4002 3700
f 3335 3704 3700
f 3338 4003 3707
f 3707 3342 3338
f 4004 4005 3708
f 3708 3344 3130
f 3709 3708 4005
f 3708 3709 3344
f 3710 4006 4007
f 3345 3709 4006
f 3345 4006 3710
f 4007 4008 3710
f 4009 3710 4008
f 3710 4009 4010
f 3711 3710 4010
f 4010 4009 3712
f 3711 4010 3712
f 3705 3712 4001
f 4011 3716 4012
f 4012 3716 3720
f 3729 3362 3715
f 3716 3717 3720
f 4013 4014 4015
f 4013 4011 4012
f 4016 4014 4013
f 4012 4016 4013
f 4016 4012 3719
f 3722 4016 3719
f 4012 3720 3719
f 4014 3729 4015
f 3727 3362 3729
f 4017 3729 4014
f 4017 3728 3729
f 4016 4017 4014
f 3732 4017 3733
f 4017 4016 3733
f 3733 4016 3722
f 4018 4019 4020
f 4021 4022 4023
f 4022 4019 4023
f 4019 4022 4020
f 4024 4020 4022
f 4020 4024 3739
f 3737 4024 3735
f 4024 3737 3739
f 4018 4020 4025
f 4025 4020 4026
f 4025 4027 4028
f 4027 4025 4026
f 4020 3739 4026
f 3739 4027 4026
f 4029 4030 4031
f 4030 4029 4028
f 4032 4033 4031
f 4027 4030 4028
f 4031 4030 4032
f 4030 4033 4032
f 4027 4038 4030
f 4033 4038 3748
f 4033 4030 4038
f 3739 4038 4027
f 3747 3748 4038
f 3723 3747 4038
f 3723 4038 3739
f 4033 3748 4039
f 4033 4039 4031
f 4039 3748 3754
f 3746 3387 3748
f 4017 3732 3773
f 4017 3773 3728
f 3732 3775 3773
f 3773 3774 3728
f 4040 3760 4041
f 3764 3762 4042
f 4042 3762 4043
f 4043 3762 3761
f 3761 3760 4043
f 3735 4024 3760
f 4044 4041 4024
f 4045 4046 4044
f 4024 4045 4044
f 4021 4023 4044
f 3764 4046 4045
f 4021 4044 4046
f 4024 4021 4045
f 3760 4024 4041
f 3763 4046 3777
f 3763 3764 4045
f 4021 4046 3763
f 3763 4045 4021
f 4047 4021 4024
f 3777 4022 4021
f 4021 4047 3777
f 4024 4022 4047
f 4047 3765 3763
f 4047 3763 3777
f 3765 4022 3777
f 4047 4022 3765
f 4052 4053 3769
f 4054 3769 4053
f 4052 3769 3770
f 3755 3769 3754
f 3769 3751 3770
f 3772 3774 3773
f 4055 4056 4057
f 4056 4055 4046
f 4046 4055 3778
f 3777 4046 3778
f 4058 4052 4059
f 4059 4052 3799
f 4052 3781 3799
f 3781 4052 3770
f 4059 3799 4060
f 4061 4062 4063
f 4062 4064 4063
f 3787 4065 4066
f 3791 3787 4066
f 3788 3787 3791
f 4067 4068 4069
f 3820 4068 4067
f 3820 4067 3793
f 4065 3787 4069
f 4067 4069 3793
f 3820 3793 3794
f 3789 4069 3787
f 3796 3793 4069
f 4069 3789 3796
f 4070 4057 4071
f 3797 4057 4070
f 4070 3823 3797
f 4057 3797 4055
f 3778 4055 3797
f 4072 4060 3799
f 4072 3802 4073
f 4072 4073 4074
f 4060 4072 4074
f 3802 3801 4073
f 3800 4072 3799
f 3802 4072 3800
f 4073 3801 3804
f 3805 3804 3801
f 4073 3804 4075
f 4062 4075 3804
f 3804 4064 4062
f 3807 3810 4064
f 3807 4064 3803
f 3803 4064 3804
f 4061 4063 4076
f 4064 4077 4063
f 3810 4077 4064
f 3808 3810 3807
f 3809 4063 4077
f 3810 3809 4077
f 3812 4078 4076
f 4078 3812 3782
f 4076 4063 3812
f 4063 3809 3812
f 4079 4080 4078
f 4079 4078 3813
f 3813 3814 4079
f 4078 3782 3813
f 4081 4080 4079
f 4081 4079 4082
f 3814 4082 4079
f 4083 3791 4066
f 4083 3792 3791
f 4068 3820 4084
f 4084 4083 4066
f 3820 4083 4084
f 3820 3833 4083
f 3792 4083 3819
f 3833 3820 3821
f 4085 3824 4086
f 4086 3824 4070
f 3823 4070 3824
f 4082 3814 3828
f 3828 3814 3815
f 4087 4082 4088
f 4087 4081 4082
f 3827 4089 4088
f 3826 3827 4088
f 3826 4088 4082
f 3826 4082 3828
f 3500 3828 3815
f 3833 3850 4083
f 4090 3819 4083
f 4083 3850 4090
f 3819 4090 3830
f 3850 3833 3832
f 4091 3855 4092
f 3855 4093 4092
f 4093 4094 4092
f 4095 4092 4094
f 4093 4096 3859
f 3855 4096 4093
f 4094 4093 3859
f 4095 4097 4098
f 4094 4097 4095
f 4094 3845 4097
f 3841 4094 3859
f 3841 3842 4094
f 3845 4094 3842
f 4097 4085 4098
f 4097 3845 4085
f 3825 3824 4085
f 3845 3825 4085
f 3827 4099 4089
f 4099 3827 3829
f 3829 3860 4099
f 3860 3829 3178
f 3850 3851 4090
f 4100 4091 4101
f 3866 4102 4100
f 4102 3855 4091
f 3853 4102 3866
f 4096 3855 3857
f 4102 3853 3855
f 3839 3859 3858
f 3858 3859 4096
f 4096 3857 3858
f 4090 3851 3862
f 4090 3862 3830
f 4100 4103 3866
f 3866 3854 3853
f 3861 4104 3860
f 3868 4103 4105
f 3867 3866 4103
f 4103 3868 3867
f 3873 3861 3869
f 3861 3873 4106
f 4107 4108 3879
f 4107 3879 3868
f 3881 3879 4108
f 3873 3872 4109
f 3881 4108 4110
f 4111 4112 4113
f 4109 3872 4113
f 3562 4113 3559
f 3872 3559 4113
f 3881 4114 3888
f 3888 3886 3881
f 3558 3881 3886
f 4115 4111 3885
f 4111 4113 3562
f 4115 3885 4116
f 3885 4111 3564
f 3562 3564 4111
f 3884 4116 3885
f 4116 4117 4115
f 4118 4116 3890
f 4117 4116 4118
f 3884 3889 4116
f 3889 3890 4116
f 4119 4118 3890
f 4119 3890 4120
f 3895 4119 3896
f 4119 4120 3896
f 4120 3890 3891
f 3892 3896 4120
f 4120 3891 3892
f 3895 3896 3893
f 3887 4121 3898
f 3898 3902 3598
f 3902 3898 4121
f 4122 4123 4124
f 4122 3895 4123
f 4123 3895 3894
f 4124 4123 4125
f 4125 3900 4126
f 4125 4123 3894
f 3900 4125 3894
f 4121 4127 3902
f 4128 4129 4130
f 4131 4129 4128
f 4129 4131 4126
f 4124 4125 4131
f 4131 4125 4126
f 4126 4132 4129
f 3904 4132 4126
f 3900 3904 4126
f 3904 3903 4132
f 3906 4133 3909
f 3906 4134 4133
f 4134 3906 3902
f 3902 3906 3599
f 4135 4130 4129
f 4132 4135 4129
f 4132 4136 4135
f 4137 4138 4139
f 4138 4136 4139
f 4139 4140 4137
f 4139 4136 4132
f 3903 4140 4139
f 4132 3903 4139
f 4140 3903 3905
f 4137 4140 3908
f 3908 4140 3905
f 4133 4141 4142
f 4142 4141 3917
f 3909 4133 4142
f 3917 3910 4142
f 3909 4142 3910
f 4143 4144 3907
f 4144 3908 3907
f 4143 3907 4145
f 4143 4145 3928
f 3928 4145 3608
f 4145 3907 3608
f 3917 4146 3932
f 4147 4148 4149
f 4149 4148 3921
f 4150 3919 4148
f 4150 3918 3919
f 3919 3619 4148
f 3619 3921 4148
f 4151 3922 3918
f 3918 3922 3618
f 4152 3927 3926
f 4152 3926 3911
f 4153 4154 3927
f 3911 3926 3912
f 4154 4143 3928
f 3927 4154 3928
f 4155 4156 3914
f 4156 3911 3914
f 4155 3930 4157
f 3916 4155 3914
f 3930 4155 3916
f 3930 3916 3931
f 3938 3932 4158
f 3637 4149 3921
f 4149 3637 3940
f 4159 3923 4151
f 4160 3925 3923
f 4151 3923 3922
f 4161 4162 4160
f 4162 4161 4157
f 4162 3925 4160
f 4157 3930 4162
f 4162 3930 3929
f 4162 3929 3925
f 3938 4158 4163
f 3936 3935 4164
f 3935 3937 4164
f 3938 3937 3933
f 3937 3938 4163
f 3642 3937 3935
f 3939 4165 4149
f 4166 3939 3941
f 3939 4149 3940
f 4164 4167 3936
f 4168 3948 4169
f 4170 4171 4169
f 3948 4170 4169
f 3936 4167 4171
f 4171 4170 3945
f 4171 3944 3936
f 3944 4171 3945
f 3649 4172 3941
f 4173 3948 4168
f 3948 4173 4174
f 3949 3948 3947
f 3947 3948 4174
f 3948 3945 4170
f 3945 3949 3942
f 4175 4176 4172
f 3950 4175 4172
f 3950 4172 3649
f 4177 4178 4179
f 4178 4177 3951
f 3952 3951 4177
f 4173 4180 4174
f 4181 4179 4178
f 4180 4181 4178
f 3951 4174 4180
f 3951 4180 4178
f 4174 3946 3947
f 3946 4174 3951
f 3657 4175 3950
f 3657 3300 4175
f 4182 3963 3968
f 3952 4177 3968
f 3968 3659 3952
f 3661 3968 3963
f 4183 3970 4184
f 3970 3972 4184
f 3972 3973 4184
f 4185 3974 4186
f 4187 4185 4186
f 4183 4187 4186
f 4186 3974 3971
f 3971 3970 4186
f 3970 4183 4186
f 4188 3974 4185
f 3300 4189 4175
f 3300 3983 4189
f 3976 4190 4191
f 4190 3976 3962
f 4192 4190 3962
f 4192 3962 3961
f 4182 4193 3963
f 4193 4194 4195
f 4193 4195 3963
f 4195 4192 3978
f 3963 4195 3964
f 4195 3978 3964
f 4192 3961 3978
f 3973 3979 4184
f 3673 3974 3981
f 4196 4197 3982
f 4188 4196 3982
f 4198 3982 4197
f 4188 3981 3974
f 3981 4188 3982
f 4199 3983 3686
f 3984 3976 4191
f 4200 3984 4201
f 3984 4191 4201
f 4200 4202 3986
f 4200 3986 3985
f 3985 3984 4200
f 4202 3980 3986
f 4202 4203 4204
f 3980 4204 3979
f 4204 3980 4202
f 3982 4198 3988
f 3982 3988 3987
f 3982 3987 3681
f 4198 3685 3988
f 4205 3690 3685
f 3685 3684 3988
f 3989 3687 4206
f 4207 3990 3690
f 3687 3688 4206
f 3688 4208 4206
f 3694 3688 3691
f 4209 3990 4207
f 3692 3990 3992
f 3990 4209 3992
f 4210 3694 3695
f 3688 3694 4208
f 4211 3993 4209
f 4209 3993 3992
f 3695 4212 4210
f 4212 3695 3999
f 4211 4213 4214
f 3995 4211 4214
f 3995 3993 4211
f 4214 4213 3997
f 4214 3996 3995
f 4214 3997 3996
f 4215 3998 4216
f 3998 4215 3999
f 3999 3994 3998
f 4213 4217 4000
f 3997 4213 4000
f 3702 4218 4219
f 4000 3702 3698
f 4218 3702 4000
f 3998 4002 4220
f 4002 3998 3700
f 3706 4219 4221
f 4219 3706 3702
f 3338 3706 4222
f 3712 4009 4223
f 4001 4224 4225
f 3712 4224 4001
f 4224 3712 4223
f 4002 4225 4220
f 4002 4001 4225
f 4222 4226 4003
f 4222 4003 3338
f 4004 3707 4003
f 3707 4004 3708
f 4007 4227 4008
f 4006 4005 4227
f 4005 4006 3709
f 4006 4227 4007
f 4228 4229 4230
f 4231 4230 4013
f 4228 3716 4229
f 4230 4011 4013
f 4230 4229 3716
f 4011 4230 3716
f 3715 3716 4228
f 4232 4018 4233
f 4018 4232 4019
f 4018 4234 4233
f 4234 4018 4028
f 4018 4025 4028
f 4028 4029 4234
f 4230 4231 4228
f 4231 4015 4228
f 4231 4013 4015
f 4015 3729 4228
f 4228 3729 3715
f 4235 4236 4237
f 4023 4237 4236
f 4019 4237 4023
f 4237 4019 4232
f 4234 4029 4238
f 4239 4029 4031
f 4238 4239 4240
f 4238 4029 4239
f 4239 4039 4240
f 4031 4039 4239
f 4054 4039 3754
f 4241 4242 4040
f 4040 4242 4243
f 4040 4041 4241
f 4243 4043 4040
f 3760 4040 4043
f 4236 4241 4244
f 4242 4241 4236
f 4236 4244 4245
f 4042 4244 4241
f 4042 4241 4245
f 4041 4245 4241
f 4042 4245 3764
f 4044 4236 4245
f 4044 4245 4041
f 4023 4236 4044
f 4053 4058 4246
f 4052 4058 4053
f 4053 4240 4054
f 4039 4054 4240
f 3769 4054 3754
f 4243 4242 4042
f 4243 4042 4043
f 4244 4242 4247
f 4244 4042 4242
f 4247 4056 4244
f 3764 4245 4244
f 4244 4056 4046
f 4244 4046 3764
f 4248 4058 4249
f 4058 4074 4249
f 4058 4059 4074
f 4059 4060 4074
f 4249 4250 4248
f 4251 4252 4253
f 4252 4068 4253
f 4254 4251 4253
f 4065 4251 4254
f 4252 4069 4068
f 4065 4252 4251
f 4066 4065 4254
f 4252 4065 4069
f 4255 4071 4247
f 4071 4057 4247
f 4247 4057 4056
f 4249 4074 4250
f 4073 4075 4250
f 4250 4074 4073
f 4250 4256 4257
f 4256 4250 4075
f 4062 4256 4075
f 4258 4257 4256
f 4258 4256 4259
f 4256 4062 4061
f 4259 4256 4061
f 4080 4260 4258
f 4080 4258 4259
f 4080 4259 4076
f 4076 4259 4061
f 4078 4080 4076
f 4260 4080 4081
f 4260 4081 4261
f 4087 4262 4261
f 4261 4081 4087
f 4253 4068 4084
f 4254 4253 4084
f 4084 4066 4254
f 4255 4263 4264
f 4265 4263 4255
f 4255 4264 4098
f 4071 4255 4086
f 4098 4086 4255
f 4086 4070 4071
f 4087 4089 4262
f 4087 4088 4089
f 4089 4266 4262
f 4089 4099 4266
f 4101 4267 4268
f 4092 4267 4101
f 4267 4092 4095
f 4267 4269 4264
f 4264 4269 4098
f 4095 4269 4267
f 4098 4269 4095
f 4086 4098 4085
f 4270 4271 4099
f 4270 4099 3860
f 4272 4273 4274
f 4273 4272 4275
f 4275 4272 4100
f 4101 4275 4100
f 4091 4100 4102
f 4101 4091 4092
f 4104 4270 3860
f 4103 4276 4105
f 4100 4276 4103
f 4276 4100 4272
f 4104 4277 4270
f 4278 4277 4106
f 4106 4277 4104
f 3861 4106 4104
f 4279 4105 4276
f 4105 4107 3868
f 4107 4105 4279
f 4279 4108 4107
f 4109 4106 3873
f 4108 4280 4110
f 4112 4109 4113
f 3881 4110 4114
f 4281 4115 4282
f 4115 4112 4111
f 3888 4114 4283
f 3887 3888 4283
f 4117 4284 4115
f 4118 4284 4117
f 4121 4283 4127
f 4121 3887 4283
f 4285 4286 4287
f 4285 4287 4118
f 4284 4118 4287
f 4286 4285 4288
f 4122 4288 4119
f 4119 3895 4122
f 4285 4119 4288
f 4285 4118 4119
f 4289 4288 4122
f 4289 4122 4290
f 4127 4291 4134
f 3902 4127 4134
f 4122 4292 4290
f 4293 4292 4128
f 4292 4122 4128
f 4124 4128 4122
f 4131 4128 4124
f 4133 4291 4294
f 4134 4291 4133
f 4295 4292 4293
f 4296 4295 4293
f 4128 4296 4293
f 4130 4296 4128
f 4297 4298 4299
f 4136 4297 4299
f 4136 4299 4135
f 4296 4130 4135
f 4300 4301 4137
f 4298 4297 4302
f 4144 4300 4137
f 4302 4297 4138
f 4302 4138 4137
f 4297 4136 4138
f 4144 4137 3908
f 4133 4294 4141
f 4303 4304 4305
f 4304 4303 4306
f 4304 4296 4305
f 4299 4305 4135
f 4135 4305 4296
f 4307 4306 4303
f 4307 4303 4299
f 4298 4307 4299
f 4305 4299 4303
f 4312 4300 4144
f 4153 4312 4143
f 4154 4153 4143
f 4312 4144 4143
f 4294 4313 4146
f 4141 4294 4146
f 3917 4141 4146
f 4314 4315 4147
f 4148 4147 4315
f 4316 4151 4317
f 4148 4315 4150
f 4151 3918 4317
f 3918 4150 4317
f 4316 4159 4151
f 4318 4153 4152
f 4156 4319 4320
f 4321 4157 4322
f 4157 4321 4155
f 4155 4321 4156
f 4318 4152 4319
f 4320 4319 4152
f 4152 4153 3927
f 4152 3911 4320
f 4156 4320 3911
f 3932 4323 4158
f 4146 4323 3932
f 4315 4314 4324
f 4165 4324 4314
f 4314 4149 4165
f 4149 4314 4147
f 4325 4161 4160
f 4325 4160 4159
f 4159 4316 4325
f 4160 3923 4159
f 4322 4161 4325
f 4322 4157 4161
f 4326 4327 4328
f 4163 4328 4329
f 4328 4163 4326
f 3937 4163 4329
f 4158 4323 4326
f 4158 4326 4163
f 4326 4323 4327
f 4166 4330 4165
f 3939 4166 4165
f 4331 4329 4328
f 4329 4331 4164
f 4164 3937 4329
f 4169 4164 4332
f 4169 4332 4333
f 4334 4169 4333
f 4334 4333 4335
f 4167 4164 4169
f 4334 4168 4169
f 4167 4169 4171
f 4166 4336 4330
f 3941 4336 4166
f 4337 4335 4338
f 4337 4168 4335
f 4168 4334 4335
f 4173 4168 4337
f 4333 4338 4335
f 4337 4338 4339
f 4340 4336 4176
f 4176 4341 4340
f 4172 4336 3941
f 4176 4336 4172
f 4342 4179 4343
f 4344 4343 4181
f 4343 4179 4181
f 4345 4181 4180
f 4345 4180 4173
f 4344 4181 4345
f 4337 4339 4346
f 4337 4346 4345
f 4337 4345 4173
f 4338 4347 4339
f 4339 4347 4346
f 4348 4176 4175
f 4342 4349 4179
f 4350 4351 4349
f 4349 4177 4179
f 3968 4349 4351
f 4182 4351 4352
f 4351 4182 3968
f 4349 3968 4177
f 4353 4185 4187
f 4354 4355 4353
f 4355 4354 4356
f 4353 4355 4185
f 4355 4356 4196
f 4355 4188 4185
f 4196 4356 4197
f 4355 4196 4188
f 4348 4357 4341
f 4176 4348 4341
f 4358 4357 4348
f 4189 4358 4348
f 3983 4358 4189
f 4189 4348 4175
f 4190 4359 4194
f 4352 4194 4193
f 4352 4193 4182
f 4359 4195 4194
f 4190 4192 4359
f 4359 4192 4195
f 4364 3979 4365
f 4184 3979 4364
f 4204 4365 3979
f 4366 4187 4364
f 4183 4364 4187
f 4364 4183 4184
f 4367 4197 4356
f 3983 4199 4358
f 4368 4203 4200
f 4201 4368 4200
f 4203 4202 4200
f 4369 4365 4370
f 4203 4370 4204
f 4365 4204 4370
f 4197 4371 4198
f 4372 4373 4371
f 4371 4373 4198
f 4199 3989 4206
f 3686 3989 4199
f 4373 3685 4198
f 4374 4205 4373
f 3685 4373 4205
f 4208 4375 4206
f 4376 4205 4374
f 4376 4377 4205
f 4205 4377 3690
f 4207 3690 4377
f 4375 4208 4378
f 4207 4379 4209
f 4380 4209 4381
f 4209 4379 4381
f 4210 4212 4378
f 4378 4208 4210
f 3694 4210 4208
f 4211 4209 4380
f 4382 4383 4380
f 4380 4383 4211
f 3999 4384 4212
f 4383 4213 4211
f 4383 4385 4386
f 4213 4386 4217
f 4383 4386 4213
f 4215 4384 3999
f 4386 4387 4218
f 4218 4217 4386
f 4000 4217 4218
f 4219 4218 4387
f 4387 4388 4221
f 3998 4220 4216
f 4219 4387 4221
f 4388 4222 4221
f 3706 4221 4222
f 4389 4004 4226
f 4390 4005 4391
f 4390 4227 4005
f 4227 4390 4008
f 4392 4390 4391
f 4008 4390 4009
f 4390 4392 4223
f 4224 4223 4393
f 4223 4009 4390
f 4393 4225 4224
f 4226 4004 4003
f 4394 4005 4004
f 4395 4232 4396
f 4396 4232 4233
f 4397 4398 4399
f 4233 4397 4396
f 4234 4398 4397
f 4234 4397 4233
f 4234 4238 4398
f 4232 4400 4237
f 4236 4235 4401
f 4238 4402 4398
f 4238 4403 4402
f 4236 4401 4242
f 4246 4404 4403
f 4246 4403 4240
f 4240 4053 4246
f 4238 4240 4403
f 4246 4405 4404
f 4058 4405 4246
f 4247 4242 4401
f 4248 4406 4405
f 4058 4248 4405
f 4407 4408 4257
f 4248 4408 4406
f 4248 4250 4408
f 4250 4257 4408
f 4409 4257 4258
f 4410 4265 4411
f 4265 4247 4411
f 4265 4255 4247
f 4247 4401 4411
f 4412 4409 4260
f 4409 4258 4260
f 4412 4260 4261
f 4413 4261 4262
f 4414 4415 4410
f 4410 4415 4264
f 4263 4410 4264
f 4265 4410 4263
f 4262 4416 4413
f 4262 4266 4416
f 4417 4273 4268
f 4415 4417 4268
f 4268 4273 4101
f 4415 4268 4264
f 4267 4264 4268
f 4271 4418 4416
f 4416 4266 4271
f 4099 4271 4266
f 4419 4271 4270
f 4273 4275 4101
f 4420 4270 4277
f 4421 4272 4274
f 4422 4423 4424
f 4280 4279 4424
f 4279 4422 4424
f 4279 4276 4422
f 4425 4424 4423
f 4108 4279 4280
f 4426 4278 4427
f 4109 4278 4106
f 4278 4109 4427
f 4110 4280 4428
f 4281 4427 4109
f 4115 4281 4112
f 4112 4281 4109
f 4429 4110 4428
f 4114 4429 4430
f 4110 4429 4114
f 4114 4430 4283
f 4282 4115 4284
f 4431 4284 4287
f 4431 4287 4286
f 4432 4286 4288
f 4430 4433 4283
f 4127 4283 4433
f 4434 4435 4436
f 4289 4290 4435
f 4290 4436 4435
f 4289 4435 4432
f 4432 4288 4289
f 4291 4433 4437
f 4127 4433 4291
f 4438 4439 4440
f 4440 4439 4441
f 4441 4439 4442
f 4440 4441 4434
f 4436 4440 4434
f 4438 4440 4443
f 4440 4436 4443
f 4436 4444 4443
f 4436 4290 4444
f 4290 4292 4444
f 4445 4291 4437
f 4446 4447 4448
f 4447 4443 4448
f 4447 4438 4443
f 4448 4443 4444
f 4448 4444 4295
f 4295 4444 4292
f 4449 4450 4451
f 4450 4452 4453
f 4450 4302 4452
f 4450 4449 4302
f 4302 4449 4298
f 4454 4455 4456
f 4456 4452 4301
f 4301 4452 4302
f 4456 4301 4300
f 4312 4456 4300
f 4301 4302 4137
f 4291 4445 4294
f 4448 4304 4446
f 4446 4304 4306
f 4451 4306 4307
f 4304 4448 4296
f 4448 4295 4296
f 4307 4449 4451
f 4307 4298 4449
f 4457 4153 4458
f 4459 4457 4458
f 4312 4454 4456
f 4454 4312 4153
f 4460 4146 4313
f 4461 4462 4463
f 4461 4463 4468
f 4469 4315 4463
f 4468 4463 4470
f 4463 4315 4470
f 4470 4315 4468
f 4471 4317 4472
f 4472 4473 4471
f 4474 4473 4472
f 4474 4472 4469
f 4472 4315 4469
f 4471 4475 4316
f 4316 4317 4471
f 4472 4150 4315
f 4472 4317 4150
f 4476 4477 4322
f 4478 4479 4325
f 4479 4476 4322
f 4318 4458 4153
f 4459 4458 4319
f 4458 4318 4319
f 4321 4322 4477
f 4321 4477 4156
f 4319 4156 4459
f 4146 4460 4323
f 4323 4460 4327
f 4480 4462 4481
f 4481 4462 4461
f 4468 4481 4461
f 4481 4468 4324
f 4468 4315 4324
f 4325 4479 4322
f 4316 4475 4325
f 4482 4483 4484
f 4460 4485 4327
f 4327 4485 4484
f 4327 4484 4483
f 4328 4327 4483
f 4486 4487 4330
f 4487 4324 4165
f 4165 4330 4487
f 4328 4488 4331
f 4331 4489 4490
f 4488 4489 4331
f 4331 4490 4332
f 4332 4164 4331
f 4486 4491 4492
f 4340 4491 4336
f 4491 4330 4336
f 4493 4490 4494
f 4490 4333 4332
f 4493 4333 4490
f 4494 4495 4493
f 4494 4496 4495
f 4347 4493 4495
f 4493 4338 4333
f 4347 4338 4493
f 4491 4340 4497
f 4498 4350 4342
f 4499 4500 4501
f 4502 4342 4500
f 4498 4342 4502
f 4500 4343 4344
f 4500 4342 4343
f 4496 4503 4504
f 4501 4504 4503
f 4500 4344 4501
f 4504 4505 4346
f 4501 4505 4504
f 4505 4501 4344
f 4346 4505 4345
f 4345 4505 4344
f 4496 4504 4495
f 4495 4504 4347
f 4347 4504 4346
f 4340 4506 4497
f 4506 4340 4341
f 4350 4349 4342
f 4350 4507 4352
f 4350 4352 4351
f 4194 4507 4508
f 4194 4352 4507
f 4366 4353 4187
f 4366 4509 4354
f 4509 4510 4354
f 4366 4354 4353
f 4510 4356 4354
f 4510 4511 4356
f 4511 4367 4356
f 4357 4506 4341
f 4512 4513 4194
f 4513 4514 4191
f 4513 4190 4194
f 4190 4513 4191
f 4508 4512 4194
f 4366 4364 4369
f 4364 4365 4369
f 4367 4372 4371
f 4197 4367 4371
f 4515 4516 4517
f 4357 4515 4517
f 4515 4357 4199
f 4358 4199 4357
f 4514 4518 4191
f 4518 4368 4201
f 4201 4191 4518
f 4518 4519 4368
f 4519 4203 4368
f 4519 4369 4370
f 4519 4370 4203
f 4373 4372 4374
f 4199 4375 4516
f 4206 4375 4199
f 4515 4199 4516
f 4520 4375 4378
f 4521 4376 4374
f 4376 4521 4522
f 4376 4522 4377
f 4377 4379 4207
f 4523 4378 4384
f 4381 4522 4524
f 4379 4377 4522
f 4522 4381 4379
f 4380 4524 4382
f 4212 4384 4378
f 4524 4380 4381
f 4382 4525 4385
f 4525 4382 4524
f 4523 4526 4527
f 4215 4526 4384
f 4382 4385 4383
f 4385 4528 4386
f 4529 4216 4220
f 4216 4529 4530
f 4530 4526 4215
f 4216 4530 4215
f 4386 4531 4387
f 4531 4386 4528
f 4388 4532 4533
f 4532 4388 4387
f 4393 4534 4225
f 4534 4535 4529
f 4534 4529 4225
f 4529 4220 4225
f 4529 4536 4537
f 4530 4529 4537
f 4388 4538 4222
f 4226 4539 4389
f 4222 4538 4226
f 4539 4226 4538
f 4540 4394 4389
f 4004 4389 4394
f 4394 4391 4005
f 4391 4394 4541
f 4392 4542 4543
f 4544 4392 4391
f 4393 4392 4543
f 4392 4393 4223
f 4393 4543 4534
f 4399 4545 4546
f 4396 4547 4395
f 4232 4395 4400
f 4397 4399 4548
f 4396 4397 4548
f 4402 4549 4550
f 4398 4402 4545
f 4398 4545 4399
f 4400 4551 4235
f 4237 4400 4235
f 4403 4549 4402
f 4235 4551 4552
f 4403 4404 4553
f 4549 4403 4553
f 4553 4404 4554
f 4404 4405 4554
f 4401 4235 4552
f 4401 4552 4411
f 4554 4405 4555
f 4555 4405 4406
f 4406 4407 4556
f 4408 4407 4406
f 4557 4407 4409
f 4257 4409 4407
f 4558 4409 4412
f 4559 4414 4410
f 4560 4559 4552
f 4552 4559 4411
f 4559 4410 4411
f 4561 4412 4413
f 4413 4412 4261
f 4415 4562 4417
f 4562 4415 4414
f 4413 4416 4563
f 4416 4418 4563
f 4564 4417 4562
f 4273 4417 4565
f 4419 4418 4271
f 4565 4566 4274
f 4565 4274 4273
f 4420 4567 4419
f 4419 4270 4420
f 4272 4422 4276
f 4421 4568 4423
f 4566 4421 4274
f 4422 4272 4421
f 4426 4277 4278
f 4425 4423 4569
f 4422 4421 4423
f 4277 4426 4420
f 4280 4425 4428
f 4424 4425 4280
f 4570 4427 4571
f 4425 4572 4428
f 4281 4571 4427
f 4571 4281 4282
f 4429 4573 4430
f 4574 4575 4576
f 4576 4575 4282
f 4576 4282 4284
f 4433 4430 4577
f 4576 4431 4574
f 4431 4576 4284
f 4574 4431 4578
f 4286 4578 4431
f 4579 4580 4581
f 4578 4286 4582
f 4579 4581 4442
f 4580 4582 4581
f 4581 4441 4442
f 4581 4434 4441
f 4581 4435 4434
f 4582 4432 4581
f 4286 4432 4582
f 4432 4435 4581
f 4433 4583 4437
f 4583 4433 4577
f 4579 4584 4585
f 4586 4579 4585
f 4442 4584 4579
f 4584 4587 4585
f 4587 4584 4442
f 4439 4438 4587
f 4439 4587 4442
f 4588 4589 4590
f 4589 4588 4579
f 4589 4579 4586
f 4586 4591 4589
f 4589 4591 4590
f 4586 4585 4592
f 4586 4592 4591
f 4453 4591 4592
f 4590 4591 4453
f 4590 4453 4593
f 4445 4583 4594
f 4437 4583 4445
f 4595 4585 4596
f 4596 4585 4587
f 4447 4595 4596
f 4587 4438 4596
f 4595 4447 4446
f 4596 4438 4447
f 4585 4597 4592
f 4585 4595 4598
f 4598 4597 4585
f 4597 4598 4450
f 4450 4453 4597
f 4453 4592 4597
f 4599 4600 4455
f 4600 4593 4455
f 4599 4454 4601
f 4455 4454 4599
f 4456 4455 4593
f 4456 4593 4452
f 4593 4453 4452
f 4473 4474 4606
f 4595 4446 4607
f 4598 4595 4607
f 4446 4306 4607
f 4306 4451 4607
f 4451 4598 4607
f 4598 4451 4450
f 4601 4608 4609
f 4608 4610 4611
f 4608 4601 4457
f 4457 4459 4608
f 4459 4610 4608
f 4454 4457 4601
f 4457 4454 4153
f 4459 4611 4610
f 4612 4445 4613
f 4445 4612 4313
f 4313 4612 4614
f 4294 4445 4313
f 4615 4616 4617
f 4618 4480 4619
f 4480 4615 4619
f 4615 4617 4620
f 4617 4616 4469
f 4606 4474 4616
f 4621 4615 4620
f 4618 4621 4480
f 4618 4617 4621
f 4615 4621 4619
f 4617 4619 4621
f 4616 4474 4469
f 4617 4618 4620
f 4463 4619 4617
f 4463 4618 4619
f 4463 4617 4469
f 4620 4618 4462
f 4463 4462 4618
f 4626 4475 4473
f 4473 4606 4626
f 4471 4473 4475
f 4626 4478 4475
f 4476 4478 4627
f 4478 4476 4479
f 4611 4476 4627
f 4477 4476 4611
f 4478 4325 4475
f 4611 4156 4477
f 4156 4611 4459
f 4485 4614 4628
f 4460 4614 4485
f 4313 4614 4460
f 4629 4630 4480
f 4480 4621 4620
f 4487 4629 4481
f 4629 4480 4481
f 4480 4620 4462
f 4481 4324 4487
f 4485 4628 4484
f 4631 4632 4633
f 4482 4632 4631
f 4483 4482 4631
f 4328 4483 4631
f 4633 4634 4631
f 4629 4487 4635
f 4486 4635 4487
f 4631 4488 4328
f 4634 4636 4637
f 4638 4631 4634
f 4637 4636 4639
f 4637 4638 4634
f 4638 4488 4631
f 4640 4637 4639
f 4638 4637 4640
f 4488 4638 4640
f 4492 4635 4486
f 4491 4486 4330
f 4491 4497 4492
f 4641 4642 4643
f 4644 4642 4641
f 4643 4645 4646
f 4643 4642 4645
f 4647 4489 4640
f 4647 4648 4489
f 4489 4488 4640
f 4489 4648 4490
f 4490 4648 4494
f 4494 4648 4496
f 4639 4649 4650
f 4649 4639 4636
f 4639 4650 4651
f 4639 4651 4640
f 4640 4651 4647
f 4350 4498 4652
f 4653 4654 4652
f 4498 4653 4652
f 4498 4644 4653
f 4644 4502 4642
f 4502 4644 4498
f 4499 4642 4502
f 4500 4499 4502
f 4655 4645 4656
f 4499 4645 4642
f 4656 4645 4499
f 4496 4651 4503
f 4503 4651 4656
f 4648 4647 4496
f 4651 4496 4647
f 4656 4501 4503
f 4499 4501 4656
f 4507 4350 4652
f 4657 4513 4658
f 4654 4507 4652
f 4654 4659 4507
f 4507 4659 4508
f 4659 4658 4508
f 4658 4513 4512
f 4508 4658 4512
f 4660 4366 4661
f 4661 4366 4369
f 4662 4510 4663
f 4366 4660 4509
f 4663 4510 4509
f 4662 4511 4510
f 4517 4506 4357
f 4514 4513 4664
f 4518 4514 4665
f 4518 4665 4519
f 4665 4666 4519
f 4369 4666 4661
f 4666 4369 4519
f 4511 4667 4367
f 4668 4367 4667
f 4517 4669 4670
f 4506 4517 4670
f 4367 4668 4372
f 4671 4517 4516
f 4517 4671 4669
f 4375 4671 4516
f 4668 4672 4521
f 4372 4668 4521
f 4372 4521 4374
f 4673 4522 4521
f 4375 4520 4671
f 4524 4522 4673
f 4524 4674 4675
f 4524 4675 4525
f 4526 4523 4384
f 4378 4523 4520
f 4676 4525 4675
f 4525 4676 4528
f 4528 4385 4525
f 4527 4526 4677
f 4676 4678 4528
f 4528 4678 4531
f 4679 4537 4536
f 4537 4679 4677
f 4537 4526 4530
f 4526 4537 4677
f 4387 4531 4532
f 4532 4680 4533
f 4533 4538 4388
f 4538 4533 4539
f 4543 4542 4681
f 4543 4681 4535
f 4534 4543 4535
f 4682 4535 4681
f 4536 4529 4535
f 4683 4684 4685
f 4539 4683 4389
f 4683 4539 4684
f 4540 4683 4685
f 4540 4389 4683
f 4540 4541 4394
f 4686 4544 4541
f 4391 4541 4544
f 4392 4544 4542
f 4687 4547 4688
f 4688 4547 4689
f 4689 4547 4396
f 4548 4689 4396
f 4689 4548 4690
f 4691 4546 4692
f 4692 4690 4691
f 4399 4546 4691
f 4548 4399 4691
f 4690 4548 4691
f 4546 4545 4693
f 4694 4400 4695
f 4695 4547 4687
f 4395 4695 4400
f 4695 4395 4547
f 4693 4545 4550
f 4402 4550 4545
f 4400 4694 4551
f 4696 4550 4697
f 4697 4698 4699
f 4550 4698 4697
f 4698 4550 4549
f 4700 4552 4701
f 4552 4694 4701
f 4551 4694 4552
f 4698 4553 4699
f 4699 4553 4702
f 4553 4698 4549
f 4554 4555 4702
f 4553 4554 4702
f 4700 4703 4560
f 4552 4700 4560
f 4555 4704 4705
f 4556 4555 4406
f 4556 4557 4706
f 4704 4556 4706
f 4555 4556 4704
f 4557 4409 4558
f 4407 4557 4556
f 4707 4558 4561
f 4708 4557 4558
f 4709 4710 4711
f 4560 4703 4712
f 4711 4710 4414
f 4560 4712 4711
f 4414 4560 4711
f 4559 4560 4414
f 4412 4561 4558
f 4713 4561 4413
f 4563 4713 4413
f 4709 4714 4710
f 4562 4710 4714
f 4710 4562 4414
f 4715 4563 4716
f 4713 4563 4715
f 4565 4564 4717
f 4417 4564 4565
f 4419 4718 4418
f 4718 4419 4567
f 4563 4418 4718
f 4565 4717 4566
f 4719 4567 4720
f 4568 4721 4722
f 4566 4721 4568
f 4569 4568 4722
f 4421 4566 4568
f 4420 4723 4720
f 4567 4420 4720
f 4723 4420 4426
f 4568 4569 4423
f 4724 4425 4569
f 4427 4570 4426
f 4425 4724 4572
f 4428 4572 4429
f 4429 4572 4725
f 4429 4725 4573
f 4726 4725 4727
f 4577 4573 4726
f 4725 4726 4573
f 4575 4728 4571
f 4729 4575 4574
f 4728 4575 4729
f 4575 4571 4282
f 4573 4577 4430
f 4577 4726 4730
f 4731 4574 4578
f 4731 4578 4732
f 4732 4578 4582
f 4580 4732 4582
f 4580 4588 4732
f 4588 4580 4579
f 4730 4583 4577
f 4583 4730 4594
f 4731 4732 4733
f 4732 4734 4733
f 4735 4736 4737
f 4736 4734 4737
f 4734 4588 4737
f 4588 4734 4732
f 4590 4737 4588
f 4735 4737 4590
f 4600 4735 4590
f 4600 4590 4593
f 4738 4735 4599
f 4599 4735 4600
f 4613 4594 4739
f 4445 4594 4613
f 4740 4741 4742
f 4743 4744 4745
f 4745 4744 4746
f 4606 4746 4744
f 4746 4740 4742
f 4746 4606 4740
f 4740 4606 4616
f 4747 4748 4749
f 4748 4747 4738
f 4599 4609 4738
f 4601 4609 4599
f 4748 4738 4609
f 4748 4609 4611
f 4608 4611 4609
f 4614 4613 4750
f 4612 4613 4614
f 4751 4741 4752
f 4752 4741 4630
f 4753 4630 4741
f 4753 4741 4740
f 4630 4753 4616
f 4753 4740 4616
f 4744 4626 4606
f 4630 4616 4615
f 4754 4626 4744
f 4749 4748 4754
f 4754 4478 4626
f 4748 4627 4754
f 4754 4627 4478
f 4627 4748 4611
f 4614 4755 4628
f 4755 4614 4750
f 4756 4752 4630
f 4756 4630 4629
f 4630 4615 4480
f 4757 4758 4759
f 4760 4757 4628
f 4758 4761 4759
f 4757 4759 4762
f 4762 4763 4757
f 4628 4757 4763
f 4632 4763 4762
f 4633 4632 4762
f 4628 4763 4484
f 4632 4482 4763
f 4482 4484 4763
f 4764 4762 4759
f 4764 4633 4762
f 4634 4633 4764
f 4765 4766 4635
f 4766 4756 4635
f 4756 4629 4635
f 4767 4768 4769
f 4770 4767 4769
f 4770 4769 4771
f 4758 4767 4761
f 4767 4770 4761
f 4759 4772 4773
f 4772 4774 4773
f 4772 4759 4761
f 4770 4772 4761
f 4770 4775 4772
f 4646 4772 4775
f 4772 4646 4774
f 4771 4775 4770
f 4773 4764 4759
f 4774 4776 4773
f 4777 4764 4773
f 4649 4777 4773
f 4776 4649 4773
f 4649 4636 4777
f 4634 4764 4777
f 4777 4636 4634
f 4492 4765 4635
f 4768 4778 4769
f 4778 4641 4769
f 4778 4653 4641
f 4771 4769 4641
f 4643 4771 4641
f 4774 4646 4655
f 4771 4643 4775
f 4643 4646 4775
f 4646 4645 4655
f 4650 4649 4776
f 4650 4776 4655
f 4774 4655 4776
f 4651 4650 4655
f 4785 4765 4492
f 4497 4506 4785
f 4497 4785 4492
f 4644 4641 4653
f 4653 4786 4654
f 4786 4659 4654
f 4787 4786 4778
f 4786 4653 4778
f 4788 4786 4789
f 4655 4656 4651
f 4790 4663 4791
f 4790 4792 4663
f 4663 4509 4791
f 4791 4509 4660
f 4793 4663 4792
f 4662 4663 4793
f 4506 4794 4785
f 4788 4789 4657
f 4664 4657 4795
f 4788 4659 4786
f 4657 4658 4788
f 4659 4788 4658
f 4664 4513 4657
f 4796 4797 4666
f 4797 4661 4666
f 4791 4660 4798
f 4660 4661 4798
f 4799 4662 4793
f 4799 4667 4511
f 4662 4799 4511
f 4670 4669 4800
f 4670 4794 4506
f 4794 4670 4800
f 4801 4796 4665
f 4664 4801 4665
f 4664 4665 4514
f 4796 4666 4665
f 4802 4799 4803
f 4799 4802 4667
f 4802 4668 4667
f 4804 4672 4802
f 4671 4805 4669
f 4802 4672 4668
f 4806 4521 4672
f 4521 4806 4673
f 4671 4807 4805
f 4520 4807 4671
f 4673 4808 4809
f 4806 4808 4673
f 4523 4810 4811
f 4523 4811 4520
f 4811 4812 4807
f 4807 4520 4811
f 4674 4673 4809
f 4675 4809 4813
f 4809 4675 4674
f 4673 4674 4524
f 4676 4675 4813
f 4814 4676 4813
f 4814 4678 4676
f 4815 4679 4816
f 4679 4815 4677
f 4677 4815 4527
f 4680 4678 4817
f 4532 4531 4678
f 4678 4680 4532
f 4681 4818 4819
f 4682 4681 4819
f 4535 4682 4536
f 4682 4816 4679
f 4679 4536 4682
f 4680 4820 4533
f 4539 4820 4684
f 4820 4539 4533
f 4821 4686 4822
f 4823 4686 4821
f 4824 4821 4825
f 4542 4544 4823
f 4686 4823 4544
f 4542 4823 4826
f 4818 4542 4826
f 4542 4818 4681
f 4540 4686 4541
f 4540 4685 4822
f 4686 4540 4822
f 4827 4688 4828
f 4828 4829 4830
f 4828 4688 4829
f 4827 4687 4688
f 4688 4690 4829
f 4690 4688 4689
f 4829 4831 4830
f 4692 4832 4831
f 4829 4692 4831
f 4832 4692 4546
f 4829 4690 4692
f 4693 4832 4546
f 4833 4694 4695
f 4833 4695 4687
f 4687 4827 4833
f 4832 4693 4696
f 4550 4696 4693
f 4696 4834 4835
f 4696 4835 4832
f 4696 4697 4834
f 4836 4833 4837
f 4836 4701 4833
f 4701 4694 4833
f 4835 4838 4839
f 4834 4838 4835
f 4840 4838 4841
f 4841 4838 4834
f 4834 4697 4841
f 4841 4697 4699
f 4836 4842 4843
f 4836 4837 4842
f 4700 4836 4843
f 4700 4701 4836
f 4844 4840 4845
f 4838 4840 4844
f 4840 4702 4845
f 4699 4840 4841
f 4840 4699 4702
f 4700 4843 4703
f 4703 4843 4846
f 4705 4704 4847
f 4702 4705 4845
f 4555 4705 4702
f 4704 4706 4848
f 4708 4707 4849
f 4850 4703 4846
f 4709 4850 4851
f 4712 4703 4850
f 4850 4709 4711
f 4711 4712 4850
f 4715 4707 4713
f 4713 4707 4561
f 4558 4707 4708
f 4707 4852 4853
f 4854 4855 4714
f 4564 4714 4855
f 4855 4854 4856
f 4709 4854 4714
f 4715 4716 4857
f 4856 4717 4855
f 4855 4717 4564
f 4714 4564 4562
f 4858 4716 4718
f 4716 4858 4859
f 4858 4718 4567
f 4563 4718 4716
f 4860 4861 4717
f 4721 4566 4861
f 4717 4861 4566
f 4719 4858 4567
f 4722 4721 4862
f 4863 4861 4860
f 4864 4720 4723
f 4865 4719 4720
f 4569 4722 4866
f 4720 4864 4865
f 4866 4867 4868
f 4724 4866 4868
f 4569 4866 4724
f 4866 4722 4862
f 4864 4869 4870
f 4869 4864 4570
f 4570 4864 4426
f 4426 4864 4723
f 4724 4868 4572
f 4871 4869 4570
f 4725 4868 4872
f 4725 4872 4727
f 4868 4725 4572
f 4728 4871 4570
f 4570 4571 4728
f 4729 4873 4728
f 4726 4727 4874
f 4875 4873 4729
f 4876 4875 4729
f 4876 4729 4574
f 4730 4874 4877
f 4726 4874 4730
f 4731 4733 4878
f 4878 4876 4731
f 4731 4876 4574
f 4594 4877 4879
f 4877 4594 4730
f 4734 4880 4733
f 4880 4734 4736
f 4735 4881 4736
f 4594 4879 4739
f 4738 4881 4735
f 4882 4883 4884
f 4883 4882 4751
f 4882 4885 4886
f 4751 4882 4741
f 4886 4885 4887
f 4888 4886 4887
f 4882 4889 4741
f 4882 4886 4889
f 4888 4889 4886
f 4889 4888 4742
f 4741 4889 4742
f 4888 4746 4742
f 4743 4745 4887
f 4888 4887 4745
f 4746 4888 4745
f 4749 4743 4890
f 4890 4891 4749
f 4891 4747 4749
f 4747 4891 4738
f 4750 4739 4892
f 4739 4750 4613
f 4751 4752 4883
f 4743 4754 4744
f 4754 4743 4749
f 4755 4750 4893
f 4752 4894 4883
f 4752 4895 4894
f 4895 4752 4756
f 4896 4760 4897
f 4760 4893 4897
f 4755 4893 4760
f 4760 4758 4757
f 4758 4760 4896
f 4628 4755 4760
f 4766 4898 4895
f 4766 4895 4756
f 4896 4767 4758
f 4767 4896 4768
f 4899 4900 4896
f 4896 4900 4768
f 4900 4901 4768
f 4765 4902 4903
f 4765 4903 4766
f 4901 4778 4768
f 4901 4904 4787
f 4778 4901 4787
f 4907 4902 4785
f 4785 4902 4765
f 4904 4908 4789
f 4789 4787 4904
f 4787 4789 4786
f 4909 4910 4911
f 4910 4909 4798
f 4911 4790 4791
f 4911 4791 4909
f 4798 4909 4791
f 4912 4913 4914
f 4912 4914 4790
f 4913 4793 4914
f 4793 4792 4914
f 4914 4792 4790
f 4902 4907 4915
f 4907 4785 4794
f 4795 4657 4789
f 4801 4664 4795
f 4916 4917 4918
f 4801 4908 4916
f 4918 4801 4916
f 4789 4908 4795
f 4908 4801 4795
f 4918 4796 4801
f 4918 4798 4797
f 4797 4798 4661
f 4796 4918 4797
f 4918 4910 4798
f 4793 4803 4799
f 4919 4907 4800
f 4907 4794 4800
f 4805 4920 4669
f 4800 4669 4920
f 4804 4802 4803
f 4921 4672 4804
f 4920 4805 4922
f 4921 4806 4672
f 4805 4807 4812
f 4806 4923 4808
f 4923 4809 4808
f 4811 4810 4812
f 4924 4814 4809
f 4814 4813 4809
f 4810 4815 4925
f 4815 4810 4527
f 4523 4527 4810
f 4678 4814 4926
f 4817 4926 4927
f 4817 4678 4926
f 4925 4816 4928
f 4816 4925 4815
f 4680 4817 4927
f 4927 4820 4680
f 4820 4927 4929
f 4929 4930 4820
f 4818 4931 4932
f 4819 4818 4932
f 4816 4819 4933
f 4682 4819 4816
f 4934 4684 4930
f 4930 4684 4820
f 4684 4934 4685
f 4934 4822 4685
f 4821 4935 4825
f 4935 4822 4934
f 4821 4822 4935
f 4821 4824 4823
f 4824 4931 4823
f 4826 4931 4818
f 4826 4823 4931
f 4936 4937 4938
f 4939 4940 4941
f 4940 4937 4941
f 4942 4937 4940
f 4938 4942 4830
f 4943 4940 4939
f 4828 4940 4943
f 4942 4938 4937
f 4940 4828 4942
f 4827 4828 4943
f 4828 4830 4942
f 4944 4936 4945
f 4936 4946 4945
f 4938 4946 4936
f 4831 4946 4938
f 4831 4832 4946
f 4830 4831 4938
f 4946 4947 4945
f 4947 4946 4832
f 4837 4939 4948
f 4943 4939 4837
f 4827 4943 4833
f 4833 4943 4837
f 4949 4939 4941
f 4950 4951 4947
f 4944 4947 4951
f 4947 4944 4945
f 4947 4952 4950
f 4839 4953 4952
f 4952 4835 4839
f 4835 4952 4947
f 4832 4835 4947
f 4954 4837 4948
f 4955 4948 4956
f 4955 4957 4958
f 4958 4948 4955
f 4958 4954 4948
f 4959 4950 4960
f 4960 4950 4952
f 4959 4960 4961
f 4960 4953 4961
f 4953 4960 4952
f 4839 4962 4953
f 4962 4961 4953
f 4962 4963 4961
f 4964 4963 4962
f 4964 4839 4838
f 4839 4964 4962
f 4954 4965 4966
f 4965 4954 4958
f 4842 4954 4966
f 4954 4842 4837
f 4967 4968 4965
f 4967 4969 4968
f 4967 4957 4969
f 4967 4958 4957
f 4965 4958 4967
f 4961 4970 4971
f 4961 4971 4959
f 4964 4970 4963
f 4961 4963 4970
f 4970 4972 4973
f 4972 4970 4974
f 4970 4964 4974
f 4845 4972 4844
f 4974 4844 4972
f 4838 4844 4974
f 4838 4974 4964
f 4975 4976 4977
f 4965 4977 4966
f 4842 4977 4976
f 4976 4846 4842
f 4977 4842 4966
f 4843 4842 4846
f 4968 4977 4965
f 4705 4972 4845
f 4705 4847 4972
f 4848 4978 4847
f 4704 4848 4847
f 4978 4706 4979
f 4848 4706 4978
f 4706 4557 4979
f 4980 4849 4981
f 4849 4979 4708
f 4557 4708 4979
f 4976 4975 4982
f 4850 4976 4982
f 4846 4976 4850
f 4851 4850 4982
f 4849 4853 4981
f 4707 4853 4849
f 4857 4707 4715
f 4854 4983 4856
f 4854 4851 4983
f 4851 4854 4709
f 4982 4983 4851
f 4984 4857 4859
f 4707 4857 4852
f 4859 4857 4716
f 4717 4856 4985
f 4986 4859 4858
f 4985 4860 4717
f 4719 4986 4858
f 4863 4862 4721
f 4861 4863 4721
f 4862 4987 4867
f 4988 4865 4864
f 4870 4988 4864
f 4866 4862 4867
f 4989 4870 4869
f 4868 4990 4991
f 4867 4990 4868
f 4871 4989 4869
f 4991 4990 4992
f 4727 4991 4992
f 4868 4991 4872
f 4727 4992 4993
f 4991 4727 4872
f 4873 4871 4728
f 4727 4993 4874
f 4875 4994 4995
f 4875 4995 4873
f 4996 4994 4875
f 4878 4996 4876
f 4876 4996 4875
f 4997 4998 4996
f 4999 5000 5001
f 5000 5002 5001
f 5000 4999 5003
f 4997 4996 5000
f 5003 4997 5000
f 4878 5002 5000
f 5000 4996 4878
f 5004 5001 5002
f 4880 5002 4878
f 4880 5004 5002
f 5004 4880 4736
f 4733 4880 4878
f 5001 5004 5005
f 4881 5005 5004
f 4881 5004 4736
f 4998 4997 5006
f 5003 4999 5007
f 5006 4997 5003
f 4885 5006 5003
f 4882 5006 4885
f 5007 4885 5003
f 4887 4885 5007
f 5008 4999 5005
f 5008 5005 4891
f 4891 5005 4881
f 4891 4881 4738
f 5009 5010 5011
f 4739 5011 4892
f 4739 4879 5011
f 5012 5006 4884
f 4884 5006 4882
f 5013 4884 4883
f 5007 4999 4887
f 5008 4887 4999
f 5008 4743 4887
f 4743 5008 4890
f 5008 4891 4890
f 4892 5010 5014
f 4892 5011 5010
f 5012 5013 5015
f 4894 5016 4883
f 5013 5016 5015
f 4883 5016 5013
f 5017 5018 5014
f 4892 5014 5018
f 4750 5018 4893
f 4750 4892 5018
f 5016 4894 5019
f 5019 4894 4895
f 4895 4898 5019
f 4897 5017 5020
f 4897 5020 5021
f 4893 5017 4897
f 4893 5018 5017
f 4896 4897 4899
f 4898 4766 4903
f 5020 5022 5021
f 5021 5022 4900
f 5021 4900 4899
f 5021 4899 4897
f 5023 4913 4912
f 5023 4912 5024
f 4903 5025 5026
f 5022 5027 4904
f 5028 5029 5027
f 5029 4916 5027
f 4900 5022 4904
f 4900 4904 4901
f 5030 5024 4912
f 5030 4912 4911
f 4911 4912 4790
f 5031 5032 4913
f 4902 5025 4903
f 4915 5025 4902
f 4916 5029 4917
f 4904 5027 4908
f 5027 4916 4908
f 4917 5030 4910
f 5030 4911 4910
f 4917 4910 4918
f 4793 5033 4803
f 5033 4793 5032
f 5032 4793 4913
f 4915 4919 5025
f 4915 4907 4919
f 5033 5034 4803
f 4800 5035 4919
f 5035 4800 4920
f 4803 5034 4804
f 4804 5034 5036
f 4920 5037 5035
f 5037 4922 5038
f 4920 4922 5037
f 5039 4921 4804
f 5040 4921 5039
f 4922 5041 5038
f 5041 4922 4805
f 4921 5040 4806
f 5040 4923 4806
f 5042 5043 5044
f 4812 5043 5041
f 4812 5041 4805
f 5040 5045 4923
f 4923 5045 4924
f 4923 4924 4809
f 4812 4810 5043
f 4810 5044 5043
f 4924 5045 5046
f 5046 4814 4924
f 4925 5047 5044
f 4925 5044 4810
f 4814 5048 4926
f 5048 5049 4926
f 5048 4814 5046
f 4926 5049 4927
f 5050 5051 4933
f 5051 4928 4816
f 5051 4816 4933
f 4927 5052 5053
f 5049 5052 4927
f 4927 5053 4929
f 5053 5054 4929
f 5054 5055 4929
f 4929 5055 4930
f 5055 5054 5056
f 4932 4824 5057
f 4932 4931 4824
f 5058 4933 4932
f 4933 5058 5050
f 4933 4819 4932
f 5051 5050 5059
f 5056 4930 5055
f 4930 5056 4934
f 5056 4935 4934
f 4825 4935 5060
f 4936 4941 4937
f 4936 4944 4941
f 4939 4949 4948
f 5061 5062 4949
f 4941 5061 4949
f 5062 5061 4944
f 4941 4944 5061
f 4951 4950 4959
f 4949 5063 4956
f 5063 4955 4956
f 4949 4956 4948
f 5064 5063 5062
f 4949 5062 5063
f 4944 4951 5065
f 4944 5065 5062
f 5063 4957 4955
f 5062 5065 5066
f 5065 5067 5066
f 5067 5065 4951
f 5067 4951 4959
f 4968 4969 5068
f 5064 5069 5068
f 5063 5064 4969
f 5068 4969 5064
f 4957 5063 4969
f 5062 5066 5070
f 4971 5071 5066
f 5067 4971 5066
f 4971 5067 4959
f 5072 5071 5073
f 5074 5073 4973
f 4971 4973 5073
f 5073 5071 4971
f 4971 4970 4973
f 4973 5075 5074
f 5073 5074 5072
f 4975 5069 5076
f 4975 5068 5069
f 4968 5068 4975
f 4977 4968 4975
f 4972 5075 4973
f 5075 5077 5078
f 5075 4972 5077
f 4847 5077 4972
f 4847 4978 5079
f 5077 4847 5079
f 5079 4980 5080
f 4978 4979 4980
f 4849 4980 4979
f 5076 5069 5081
f 4975 5076 4982
f 4852 5082 4853
f 4983 5083 4856
f 5084 5083 4983
f 4982 5076 4983
f 5085 5086 4984
f 4984 5086 4852
f 5082 4852 5086
f 4857 4984 4852
f 5087 4985 5083
f 4860 4985 5088
f 5083 4985 4856
f 5085 4984 5089
f 4986 4984 4859
f 4986 5090 5089
f 4984 4986 5089
f 4860 5091 4863
f 4986 5092 5090
f 5092 4986 4719
f 4865 5092 4719
f 4863 4987 4862
f 4987 4863 5091
f 5093 4988 5094
f 5092 4865 4988
f 4989 4988 4870
f 4867 4987 5095
f 4867 5095 4990
f 4988 4989 5094
f 4992 5095 5096
f 5095 4992 4990
f 5097 4989 4871
f 5098 5097 5099
f 5100 5099 4995
f 5097 4871 5099
f 4871 4995 5099
f 4995 4871 4873
f 4993 5101 4874
f 5102 5100 4994
f 5099 5100 5098
f 5100 4995 4994
f 5100 5102 5098
f 4998 4994 4996
f 5103 4877 5104
f 4877 4874 5104
f 4998 5105 4994
f 4877 5103 4879
f 5009 4879 5103
f 5006 5106 4998
f 5106 5006 5012
f 5005 4999 5001
f 5103 5107 5009
f 5107 5103 5108
f 4879 5009 5011
f 5013 5012 4884
f 5010 5009 5109
f 5107 5109 5009
f 5110 5016 5019
f 5110 5111 5016
f 5111 5015 5016
f 5112 5113 5114
f 5112 5109 5113
f 5114 5115 5112
f 5115 5017 5014
f 5014 5112 5115
f 5109 5112 5010
f 5014 5010 5112
f 5114 5113 5116
f 5111 5110 5117
f 5110 5019 4898
f 5020 5017 5118
f 5118 5119 5120
f 5118 5017 5119
f 5120 5119 5121
f 5115 5121 5119
f 5114 5121 5115
f 5115 5119 5017
f 5114 5116 5122
f 5114 5122 5123
f 5031 5123 5122
f 5123 5121 5114
f 5124 5110 4898
f 5026 4898 4903
f 5125 5118 5126
f 5126 5127 5125
f 5125 5127 5128
f 5028 5125 5128
f 5125 5020 5118
f 5020 5125 5022
f 5125 5028 5022
f 5126 5120 5129
f 5118 5120 5126
f 5130 5126 5129
f 5126 5130 5127
f 5024 5129 5120
f 5130 5129 5024
f 5121 5023 5120
f 5023 5024 5120
f 5122 5131 5031
f 5123 5023 5121
f 5031 4913 5123
f 4913 5023 5123
f 5128 5029 5028
f 5027 5022 5028
f 5128 4917 5029
f 5130 5030 5127
f 5127 5030 5128
f 5030 5130 5024
f 5128 5030 4917
f 5131 5132 5032
f 5132 5131 5133
f 5031 5131 5032
f 5025 5134 5026
f 5025 5135 5134
f 5136 5137 5132
f 5132 5137 5033
f 5032 5132 5033
f 5138 5139 5135
f 5025 5138 5135
f 4919 5138 5025
f 5137 5034 5033
f 5035 5140 5138
f 5138 4919 5035
f 5141 5036 5142
f 5142 5036 5034
f 5140 5037 5143
f 5038 5143 5037
f 5140 5035 5037
f 5036 5141 5039
f 5036 5039 4804
f 5141 5144 5039
f 5143 5038 5145
f 5041 5146 5145
f 5038 5041 5145
f 5144 5147 5148
f 5148 5039 5144
f 5039 5148 5040
f 5148 5045 5040
f 5146 5042 5149
f 5043 5146 5041
f 5150 5045 5148
f 5150 5151 5045
f 5047 5042 5044
f 5043 5042 5146
f 5045 5151 5046
f 5152 5153 5151
f 5151 5153 5048
f 5151 5048 5046
f 5047 5154 5042
f 5047 5155 5154
f 5047 4928 5155
f 5047 4925 4928
f 5048 5153 5049
f 5049 5153 5052
f 5156 5153 5157
f 5052 5153 5156
f 5158 5059 5159
f 5158 5160 5155
f 5158 5155 4928
f 5158 4928 5059
f 5059 4928 5051
f 5161 5054 5156
f 5156 5053 5052
f 5156 5054 5053
f 5162 5161 5163
f 5161 5162 5054
f 5162 5056 5054
f 5164 5165 5166
f 5165 5057 5166
f 5057 5165 4932
f 5167 5050 5164
f 5058 5165 5164
f 5050 5058 5164
f 5058 4932 5165
f 5059 5050 5159
f 5159 5050 5167
f 5163 5168 5169
f 5163 5169 5162
f 5169 5056 5162
f 5169 5168 5060
f 4935 5056 5169
f 5060 4935 5169
f 5170 5060 5168
f 5171 5060 5170
f 4825 5060 5171
f 4824 4825 5171
f 5166 5171 5170
f 5057 5171 5166
f 5057 4824 5171
f 5069 5172 5173
f 5172 5069 5174
f 5064 5070 5175
f 5064 5175 5174
f 5069 5064 5174
f 5062 5070 5064
f 5175 5066 5176
f 5177 5175 5176
f 5070 5066 5175
f 5176 5066 5071
f 5072 5178 5179
f 5177 5072 5179
f 5176 5072 5177
f 5176 5071 5072
f 5180 5074 5181
f 5178 5072 5074
f 5074 5078 5181
f 5074 5075 5078
f 5069 5173 5081
f 5181 5078 5182
f 5183 5184 5182
f 5183 5080 5184
f 5078 5183 5182
f 5183 5079 5080
f 5077 5183 5078
f 5077 5079 5183
f 4980 5079 4978
f 5076 5081 5185
f 5080 4981 5186
f 5082 4981 4853
f 5080 4980 4981
f 4981 5187 5186
f 4981 5082 5187
f 4983 5076 5185
f 5084 4983 5185
f 5082 5086 5187
f 5087 5084 5188
f 5084 5087 5083
f 5087 5088 4985
f 5091 4860 5088
f 5089 5189 5085
f 5091 5190 4987
f 5092 5093 5090
f 4988 5093 5092
f 5095 5191 5192
f 4987 5191 5095
f 5193 5094 4989
f 5096 5192 5194
f 5096 5095 5192
f 5097 5193 4989
f 5096 5195 4993
f 4992 5096 4993
f 5097 5196 5193
f 4993 5195 5101
f 5197 5097 5098
f 5197 5098 5102
f 4874 5101 5104
f 5102 5198 5199
f 5198 5102 5105
f 5199 5197 5102
f 5105 5102 4994
f 5104 5200 5201
f 5104 5101 5200
f 5106 5202 4998
f 5202 5105 4998
f 5103 5201 5108
f 5104 5201 5103
f 5203 5204 5106
f 5204 5202 5106
f 5108 5205 5107
f 5206 5203 5015
f 5203 5106 5015
f 5012 5015 5106
f 5207 5113 5205
f 5109 5205 5113
f 5205 5109 5107
f 5111 5206 5015
f 5208 5206 5111
f 5207 5116 5113
f 5117 5110 5209
f 5110 5124 5209
f 5131 5210 5211
f 5116 5210 5131
f 5122 5116 5131
f 5026 5212 5124
f 4898 5026 5124
f 5211 5133 5131
f 5026 5134 5213
f 5135 5214 5134
f 5132 5133 5136
f 5135 5139 5214
f 5139 5140 5215
f 5138 5140 5139
f 5034 5137 5142
f 5216 5215 5140
f 5140 5143 5216
f 5142 5217 5141
f 5141 5217 5144
f 5145 5218 5216
f 5218 5145 5149
f 5216 5143 5145
f 5145 5146 5149
f 5150 5147 5219
f 5148 5147 5150
f 5220 5221 5154
f 5154 5221 5149
f 5154 5149 5042
f 5222 5223 5224
f 5222 5224 5225
f 5226 5227 5228
f 5223 5222 5228
f 5228 5222 5226
f 5229 5152 5219
f 5219 5152 5150
f 5152 5151 5150
f 5152 5157 5153
f 5154 5230 5220
f 5230 5154 5160
f 5154 5155 5160
f 5231 5232 5225
f 5233 5222 5225
f 5225 5234 5233
f 5226 5235 5236
f 5222 5233 5226
f 5233 5235 5226
f 5237 5235 5233
f 5238 5157 5152
f 5157 5239 5156
f 5239 5157 5240
f 5241 5230 5160
f 5241 5160 5242
f 5242 5160 5158
f 5159 5242 5158
f 5243 5232 5231
f 5244 5232 5243
f 5232 5244 5234
f 5225 5232 5234
f 5233 5245 5237
f 5234 5245 5233
f 5246 5161 5239
f 5239 5161 5156
f 5247 5161 5246
f 5248 5167 5164
f 5248 5249 5167
f 5242 5159 5167
f 5249 5242 5167
f 5250 5251 5252
f 5250 5252 5253
f 5254 5253 5252
f 5243 5255 5253
f 5250 5253 5255
f 5253 5254 5243
f 5244 5243 5254
f 5256 5244 5254
f 5256 5257 5258
f 5244 5256 5234
f 5237 5245 5258
f 5256 5258 5245
f 5234 5256 5245
f 5259 5168 5163
f 5260 5259 5261
f 5259 5260 5168
f 5260 5261 5262
f 5262 5170 5260
f 5170 5262 5263
f 5168 5260 5170
f 5264 5265 5266
f 5265 5267 5266
f 5263 5166 5170
f 5268 5269 5263
f 5267 5270 5266
f 5166 5263 5269
f 5269 5248 5164
f 5166 5269 5164
f 5271 5272 5273
f 5274 5271 5270
f 5271 5274 5272
f 5275 5273 5251
f 5272 5251 5273
f 5272 5276 5251
f 5277 5272 5274
f 5252 5251 5254
f 5251 5276 5254
f 5278 5254 5276
f 5279 5257 5278
f 5254 5278 5256
f 5279 5280 5258
f 5279 5258 5257
f 5256 5278 5257
f 5281 5282 5283
f 5281 5284 5282
f 5285 5286 5287
f 5285 5288 5286
f 5288 5285 5289
f 5285 5282 5289
f 5282 5284 5289
f 5290 5286 5288
f 5288 5291 5290
f 5291 5288 5289
f 5286 5290 5292
f 5292 5290 5293
f 5293 5264 5292
f 5265 5264 5293
f 5294 5265 5293
f 5295 5293 5290
f 5274 5270 5267
f 5267 5265 5274
f 5265 5294 5274
f 5294 5293 5295
f 5295 5277 5294
f 5272 5277 5276
f 5274 5294 5277
f 5277 5300 5301
f 5276 5277 5301
f 5302 5303 5304
f 5302 5304 5278
f 5276 5301 5278
f 5301 5302 5278
f 5304 5305 5279
f 5304 5279 5278
f 5306 5307 5308
f 5306 5284 5307
f 5306 5309 5310
f 5291 5289 5311
f 5289 5284 5311
f 5311 5284 5306
f 5311 5306 5310
f 5312 5309 5313
f 5309 5312 5310
f 5290 5291 5314
f 5311 5314 5291
f 5311 5310 5314
f 5312 5314 5310
f 5312 5315 5314
f 5312 5316 5315
f 5317 5316 5312
f 5290 5314 5295
f 5315 5295 5314
f 5316 5300 5315
f 5295 5315 5300
f 5312 5318 5317
f 5295 5300 5277
f 5316 5317 5319
f 5320 5316 5319
f 5301 5300 5316
f 5321 5316 5320
f 5320 5322 5321
f 5321 5322 5303
f 5303 5302 5321
f 5321 5302 5301
f 5321 5301 5316
f 5173 5172 5323
f 5324 5325 5172
f 5175 5172 5174
f 5175 5177 5324
f 5172 5175 5324
f 5178 5326 5179
f 5326 5180 5327
f 5074 5180 5178
f 5178 5180 5326
f 5181 5327 5180
f 5323 5081 5173
f 5081 5323 5328
f 5327 5329 5330
f 5182 5327 5181
f 5327 5182 5329
f 5184 5331 5329
f 5182 5184 5329
f 5332 5328 5323
f 5328 5332 5333
f 5333 5185 5328
f 5328 5185 5081
f 5186 5184 5080
f 5334 5186 5187
f 5188 5333 5335
f 5084 5185 5188
f 5188 5185 5333
f 5334 5187 5086
f 5086 5336 5334
f 5336 5086 5085
f 5188 5337 5087
f 5085 5189 5336
f 5087 5337 5338
f 5338 5088 5087
f 5339 5189 5089
f 5339 5089 5090
f 5190 5340 5341
f 5088 5190 5091
f 5190 5088 5340
f 5189 5339 5342
f 5190 5341 5191
f 4987 5190 5191
f 5339 5093 5343
f 5093 5339 5090
f 5344 5094 5345
f 5344 5093 5094
f 5345 5094 5193
f 5196 5346 5345
f 5196 5345 5193
f 5096 5194 5347
f 5347 5194 5348
f 5347 5348 5349
f 5195 5347 5349
f 5096 5347 5195
f 5097 5350 5196
f 5350 5097 5351
f 5195 5349 5101
f 5199 5351 5197
f 5197 5351 5097
f 5200 5352 5353
f 5200 5101 5352
f 5198 5354 5199
f 5354 5355 5199
f 5351 5199 5355
f 5200 5353 5201
f 5356 5354 5198
f 5204 5356 5202
f 5198 5202 5356
f 5198 5105 5202
f 5201 5353 5357
f 5358 5201 5357
f 5359 5360 5204
f 5204 5360 5356
f 5206 5359 5203
f 5203 5359 5204
f 5201 5358 5108
f 5108 5358 5205
f 5361 5207 5362
f 5358 5207 5205
f 5116 5207 5361
f 5363 5208 5364
f 5364 5208 5111
f 5361 5365 5210
f 5361 5210 5116
f 5209 5364 5117
f 5117 5364 5111
f 5210 5365 5366
f 5366 5365 5367
f 5210 5366 5211
f 5368 5369 5212
f 5369 5209 5212
f 5209 5124 5212
f 5211 5370 5133
f 5214 5368 5213
f 5212 5213 5368
f 5212 5026 5213
f 5136 5370 5371
f 5134 5214 5213
f 5136 5372 5137
f 5370 5136 5133
f 5372 5136 5371
f 5373 5374 5214
f 5139 5373 5214
f 5372 5375 5137
f 5376 5377 5378
f 5379 5374 5373
f 5215 5379 5373
f 5139 5215 5373
f 5377 5376 5380
f 5375 5217 5142
f 5375 5381 5217
f 5375 5142 5137
f 5378 5379 5382
f 5215 5216 5379
f 5382 5383 5378
f 5384 5380 5376
f 5385 5386 5387
f 5384 5387 5380
f 5384 5385 5387
f 5388 5383 5382
f 5379 5389 5382
f 5382 5389 5388
f 5216 5389 5379
f 5218 5389 5216
f 5389 5218 5388
f 5383 5223 5378
f 5376 5378 5223
f 5223 5390 5376
f 5376 5390 5384
f 5384 5390 5391
f 5223 5228 5390
f 5390 5228 5391
f 5391 5385 5384
f 5391 5227 5385
f 5392 5144 5217
f 5392 5147 5144
f 5393 5147 5392
f 5221 5218 5149
f 5383 5388 5394
f 5395 5383 5394
f 5395 5223 5383
f 5391 5228 5227
f 5396 5397 5398
f 5227 5398 5385
f 5393 5219 5147
f 5229 5219 5393
f 5394 5388 5399
f 5399 5400 5394
f 5218 5399 5388
f 5399 5218 5221
f 5399 5221 5220
f 5401 5395 5394
f 5401 5224 5395
f 5224 5223 5395
f 5401 5231 5224
f 5231 5225 5224
f 5226 5396 5227
f 5396 5226 5236
f 5396 5236 5402
f 5397 5396 5402
f 5227 5396 5398
f 5238 5403 5404
f 5403 5238 5229
f 5229 5238 5152
f 5401 5394 5400
f 5405 5400 5399
f 5400 5406 5401
f 5406 5400 5405
f 5220 5405 5399
f 5406 5231 5401
f 5220 5230 5405
f 5407 5236 5235
f 5238 5404 5240
f 5240 5157 5238
f 5404 5408 5240
f 5408 5239 5240
f 5409 5405 5230
f 5241 5409 5230
f 5406 5405 5255
f 5406 5243 5231
f 5243 5406 5255
f 5410 5235 5237
f 5411 5412 5413
f 5408 5404 5414
f 5415 5416 5413
f 5416 5246 5414
f 5246 5408 5414
f 5246 5416 5417
f 5408 5246 5239
f 5249 5418 5419
f 5419 5418 5275
f 5249 5248 5418
f 5409 5250 5405
f 5409 5241 5249
f 5249 5419 5409
f 5409 5419 5250
f 5275 5250 5419
f 5242 5249 5241
f 5250 5275 5251
f 5255 5405 5250
f 5420 5410 5280
f 5280 5410 5258
f 5235 5410 5421
f 5410 5237 5258
f 5422 5423 5424
f 5424 5281 5412
f 5417 5416 5415
f 5412 5415 5413
f 5412 5281 5415
f 5283 5415 5281
f 5415 5283 5417
f 5287 5417 5283
f 5247 5246 5417
f 5161 5247 5163
f 5282 5285 5283
f 5259 5163 5247
f 5287 5247 5417
f 5247 5287 5259
f 5285 5287 5283
f 5259 5287 5425
f 5425 5261 5259
f 5261 5425 5262
f 5425 5292 5262
f 5286 5292 5425
f 5264 5262 5292
f 5262 5264 5268
f 5268 5264 5266
f 5263 5262 5268
f 5268 5266 5271
f 5268 5248 5269
f 5270 5271 5266
f 5418 5271 5273
f 5268 5271 5418
f 5268 5418 5248
f 5275 5418 5273
f 5279 5426 5280
f 5427 5428 5423
f 5423 5428 5424
f 5281 5424 5429
f 5424 5428 5429
f 5307 5429 5428
f 5429 5284 5281
f 5429 5307 5284
f 5286 5425 5287
f 5430 5431 5303
f 5431 5304 5303
f 5305 5426 5279
f 5432 5431 5430
f 5426 5305 5432
f 5432 5305 5431
f 5305 5304 5431
f 5433 5307 5427
f 5307 5428 5427
f 5308 5307 5433
f 5433 5434 5308
f 5434 5306 5308
f 5435 5306 5434
f 5312 5313 5318
f 5318 5319 5317
f 5313 5435 5436
f 5309 5435 5313
f 5318 5313 5436
f 5319 5437 5438
f 5319 5318 5437
f 5439 5440 5441
f 5441 5442 5439
f 5440 5172 5441
f 5441 5325 5442
f 5441 5172 5325
f 5324 5442 5325
f 5439 5443 5444
f 5439 5442 5443
f 5442 5445 5443
f 5442 5177 5445
f 5442 5324 5177
f 5443 5446 5447
f 5445 5446 5443
f 5326 5445 5179
f 5177 5179 5445
f 5448 5446 5449
f 5445 5449 5446
f 5327 5449 5326
f 5445 5326 5449
f 5450 5440 5439
f 5440 5451 5452
f 5453 5440 5452
f 5323 5440 5453
f 5323 5172 5440
f 5454 5330 5455
f 5449 5455 5448
f 5449 5454 5455
f 5454 5327 5330
f 5449 5327 5454
f 5329 5456 5330
f 5456 5329 5331
f 5453 5452 5457
f 5458 5453 5457
f 5453 5458 5332
f 5323 5453 5332
f 5456 5331 5459
f 5460 5184 5186
f 5184 5460 5331
f 5331 5460 5459
f 5186 5461 5460
f 5458 5335 5333
f 5458 5333 5332
f 5462 5460 5461
f 5334 5462 5461
f 5186 5334 5461
f 5334 5336 5462
f 5335 5463 5188
f 5337 5188 5463
f 5458 5464 5335
f 5335 5464 5463
f 5465 5336 5466
f 5189 5466 5336
f 5467 5338 5337
f 5340 5338 5341
f 5340 5088 5338
f 5342 5468 5466
f 5466 5189 5342
f 5338 5467 5341
f 5469 5339 5343
f 5339 5470 5342
f 5191 5341 5471
f 5339 5469 5470
f 5344 5343 5093
f 5472 5471 5473
f 5191 5471 5472
f 5191 5472 5192
f 5469 5344 5474
f 5345 5474 5344
f 5192 5472 5194
f 5346 5474 5345
f 5475 5346 5476
f 5477 5476 5350
f 5346 5196 5476
f 5350 5476 5196
f 5478 5348 5479
f 5477 5350 5480
f 5480 5350 5351
f 5480 5481 5477
f 5482 5481 5480
f 5351 5355 5480
f 5352 5483 5353
f 5349 5483 5352
f 5101 5349 5352
f 5484 5480 5355
f 5354 5484 5355
f 5485 5357 5353
f 5356 5484 5354
f 5360 5486 5356
f 5357 5487 5488
f 5489 5486 5359
f 5359 5486 5360
f 5490 5488 5491
f 5358 5357 5488
f 5207 5358 5488
f 5492 5493 5208
f 5359 5208 5493
f 5206 5208 5359
f 5207 5488 5362
f 5494 5495 5365
f 5362 5490 5494
f 5361 5494 5365
f 5488 5490 5362
f 5494 5361 5362
f 5208 5363 5492
f 5365 5495 5367
f 5496 5363 5209
f 5363 5364 5209
f 5366 5497 5211
f 5366 5367 5497
f 5211 5497 5370
f 5498 5499 5369
f 5209 5369 5496
f 5369 5368 5498
f 5370 5500 5371
f 5374 5501 5498
f 5498 5214 5374
f 5214 5498 5368
f 5374 5502 5501
f 5377 5501 5502
f 5503 5501 5377
f 5504 5505 5506
f 5505 5504 5507
f 5506 5503 5377
f 5503 5506 5505
f 5500 5372 5371
f 5508 5509 5372
f 5372 5509 5375
f 5502 5378 5377
f 5374 5378 5502
f 5379 5378 5374
f 5506 5510 5504
f 5387 5506 5380
f 5377 5380 5506
f 5509 5381 5375
f 5510 5511 5512
f 5511 5510 5513
f 5513 5510 5506
f 5387 5513 5506
f 5387 5386 5513
f 5514 5515 5381
f 5515 5217 5381
f 5515 5392 5217
f 5513 5386 5511
f 5385 5516 5386
f 5398 5516 5385
f 5515 5517 5392
f 5517 5393 5392
f 5516 5398 5397
f 5402 5518 5397
f 5519 5403 5520
f 5520 5403 5393
f 5229 5393 5403
f 5407 5521 5402
f 5236 5407 5402
f 5522 5523 5524
f 5522 5524 5525
f 5524 5526 5525
f 5527 5526 5528
f 5528 5526 5524
f 5519 5404 5403
f 5528 5411 5527
f 5404 5519 5527
f 5421 5529 5407
f 5235 5421 5407
f 5523 5530 5531
f 5528 5524 5523
f 5411 5416 5527
f 5531 5528 5523
f 5528 5531 5412
f 5528 5412 5411
f 5527 5416 5414
f 5411 5413 5416
f 5404 5527 5414
f 5410 5420 5421
f 5529 5421 5420
f 5531 5530 5422
f 5422 5530 5532
f 5531 5424 5412
f 5424 5531 5422
f 5533 5426 5534
f 5426 5533 5280
f 5420 5280 5533
f 5423 5532 5535
f 5532 5423 5422
f 5432 5536 5534
f 5432 5430 5536
f 5432 5534 5426
f 5535 5427 5423
f 5427 5535 5537
f 5433 5427 5537
f 5434 5537 5538
f 5322 5438 5539
f 5322 5320 5438
f 5320 5319 5438
f 5539 5540 5322
f 5430 5322 5540
f 5536 5540 5541
f 5322 5430 5303
f 5540 5536 5430
f 5434 5538 5542
f 5537 5434 5433
f 5435 5542 5543
f 5435 5434 5542
f 5306 5435 5309
f 5437 5436 5544
f 5318 5436 5437
f 5444 5450 5439
f 5447 5444 5443
f 5444 5447 5545
f 5545 5546 5444
f 5547 5548 5447
f 5448 5547 5446
f 5547 5447 5446
f 5440 5450 5451
f 5451 5450 5549
f 5457 5549 5550
f 5551 5549 5450
f 5551 5450 5444
f 5448 5552 5547
f 5455 5552 5448
f 5553 5455 5554
f 5455 5553 5552
f 5330 5554 5455
f 5549 5452 5451
f 5452 5549 5457
f 5555 5457 5550
f 5330 5456 5556
f 5330 5556 5554
f 5459 5556 5456
f 5556 5459 5557
f 5459 5460 5558
f 5558 5557 5459
f 5464 5458 5457
f 5559 5464 5555
f 5555 5464 5457
f 5462 5558 5460
f 5560 5559 5561
f 5559 5463 5464
f 5462 5336 5465
f 5562 5465 5563
f 5465 5562 5462
f 5337 5463 5560
f 5559 5560 5463
f 5470 5468 5342
f 5468 5465 5466
f 5564 5468 5470
f 5341 5467 5471
f 5471 5467 5565
f 5337 5560 5467
f 5470 5469 5564
f 5473 5566 5472
f 5567 5473 5565
f 5344 5469 5343
f 5568 5469 5474
f 5194 5472 5566
f 5566 5479 5194
f 5566 5473 5569
f 5568 5474 5475
f 5570 5568 5475
f 5348 5194 5479
f 5571 5572 5477
f 5570 5475 5572
f 5572 5476 5477
f 5346 5475 5474
f 5475 5476 5572
f 5348 5478 5349
f 5571 5477 5481
f 5481 5573 5571
f 5483 5349 5478
f 5485 5478 5574
f 5575 5481 5482
f 5485 5353 5483
f 5478 5485 5483
f 5484 5356 5576
f 5577 5484 5576
f 5484 5577 5482
f 5480 5484 5482
f 5357 5485 5487
f 5485 5578 5487
f 5576 5356 5486
f 5486 5579 5576
f 5579 5486 5489
f 5487 5580 5490
f 5581 5489 5359
f 5487 5491 5488
f 5490 5491 5487
f 5582 5494 5490
f 5359 5493 5581
f 5583 5495 5494
f 5493 5492 5584
f 5585 5492 5363
f 5586 5492 5585
f 5367 5495 5587
f 5585 5496 5588
f 5496 5585 5363
f 5496 5369 5499
f 5588 5496 5499
f 5499 5589 5590
f 5591 5590 5589
f 5591 5592 5590
f 5590 5588 5499
f 5593 5591 5594
f 5591 5593 5595
f 5592 5591 5595
f 5370 5497 5596
f 5596 5497 5597
f 5501 5598 5589
f 5498 5589 5499
f 5598 5503 5594
f 5591 5589 5598
f 5594 5591 5598
f 5594 5507 5593
f 5596 5500 5370
f 5500 5596 5599
f 5498 5501 5589
f 5598 5501 5503
f 5505 5594 5503
f 5594 5505 5507
f 5372 5500 5508
f 5512 5504 5510
f 5504 5600 5507
f 5601 5514 5509
f 5509 5508 5601
f 5504 5512 5600
f 5381 5509 5514
f 5602 5603 5515
f 5511 5386 5516
f 5511 5516 5604
f 5603 5517 5515
f 5518 5516 5397
f 5516 5605 5604
f 5606 5393 5517
f 5393 5606 5607
f 5516 5518 5605
f 5608 5609 5610
f 5609 5611 5610
f 5525 5612 5613
f 5610 5525 5613
f 5613 5612 5614
f 5393 5607 5520
f 5612 5519 5520
f 5615 5612 5520
f 5607 5615 5520
f 5614 5612 5615
f 5521 5518 5402
f 5518 5521 5616
f 5522 5610 5611
f 5617 5618 5611
f 5617 5611 5609
f 5522 5525 5610
f 5618 5522 5611
f 5612 5527 5519
f 5612 5525 5526
f 5526 5527 5612
f 5521 5407 5529
f 5521 5529 5619
f 5618 5523 5522
f 5533 5620 5420
f 5619 5420 5621
f 5420 5620 5621
f 5523 5618 5530
f 5622 5618 5623
f 5618 5622 5530
f 5620 5533 5624
f 5530 5625 5532
f 5625 5626 5532
f 5535 5532 5626
f 5624 5533 5534
f 5536 5624 5534
f 5627 5624 5536
f 5535 5626 5628
f 5629 5537 5628
f 5628 5537 5535
f 5629 5538 5537
f 5540 5539 5630
f 5631 5542 5538
f 5632 5631 5538
f 5542 5631 5543
f 5543 5631 5633
f 5543 5436 5435
f 5436 5543 5633
f 5634 5544 5436
f 5635 5636 5637
f 5438 5437 5635
f 5539 5438 5635
f 5635 5437 5544
f 5638 5630 5539
f 5539 5635 5638
f 5447 5548 5545
f 5444 5546 5551
f 5639 5549 5551
f 5639 5551 5546
f 5639 5546 5640
f 5639 5640 5641
f 5546 5642 5640
f 5545 5643 5546
f 5546 5643 5642
f 5545 5548 5644
f 5643 5545 5644
f 5645 5644 5548
f 5547 5552 5645
f 5547 5645 5548
f 5552 5553 5645
f 5553 5646 5647
f 5645 5553 5647
f 5648 5550 5549
f 5639 5648 5549
f 5641 5648 5639
f 5648 5641 5649
f 5649 5550 5648
f 5553 5554 5646
f 5554 5650 5646
f 5650 5554 5556
f 5557 5650 5556
f 5651 5555 5550
f 5550 5649 5651
f 5558 5652 5557
f 5562 5558 5462
f 5562 5652 5558
f 5651 5559 5555
f 5653 5559 5651
f 5563 5465 5654
f 5653 5561 5559
f 5655 5653 5656
f 5468 5654 5465
f 5467 5655 5657
f 5467 5560 5655
f 5657 5565 5467
f 5561 5655 5560
f 5655 5656 5657
f 5653 5655 5561
f 5468 5564 5654
f 5469 5658 5564
f 5473 5471 5565
f 5567 5565 5659
f 5568 5658 5469
f 5569 5473 5567
f 5660 5568 5570
f 5568 5660 5661
f 5479 5569 5662
f 5479 5566 5569
f 5572 5571 5663
f 5572 5663 5570
f 5660 5570 5663
f 5478 5479 5664
f 5664 5479 5662
f 5573 5665 5663
f 5571 5573 5663
f 5574 5478 5664
f 5666 5664 5667
f 5668 5575 5577
f 5665 5573 5575
f 5575 5482 5577
f 5481 5575 5573
f 5485 5574 5578
f 5669 5578 5666
f 5666 5578 5574
f 5576 5670 5577
f 5671 5672 5670
f 5670 5668 5577
f 5671 5576 5579
f 5576 5671 5670
f 5673 5579 5489
f 5579 5673 5671
f 5578 5580 5487
f 5674 5580 5669
f 5580 5578 5669
f 5581 5673 5489
f 5490 5580 5582
f 5675 5583 5582
f 5675 5582 5676
f 5493 5584 5581
f 5581 5584 5677
f 5677 5584 5586
f 5582 5583 5494
f 5495 5583 5678
f 5678 5583 5675
f 5584 5492 5586
f 5585 5679 5586
f 5680 5586 5679
f 5587 5497 5367
f 5497 5587 5681
f 5682 5587 5495
f 5682 5495 5678
f 5679 5585 5588
f 5683 5592 5684
f 5683 5590 5592
f 5590 5683 5685
f 5685 5588 5590
f 5679 5588 5685
f 5592 5595 5684
f 5681 5597 5497
f 5681 5686 5597
f 5687 5593 5688
f 5593 5687 5595
f 5599 5596 5597
f 5689 5597 5690
f 5597 5689 5599
f 5593 5507 5691
f 5593 5691 5688
f 5507 5600 5691
f 5692 5508 5500
f 5692 5500 5599
f 5693 5508 5692
f 5694 5600 5512
f 5691 5600 5695
f 5600 5694 5695
f 5512 5696 5694
f 5602 5514 5601
f 5697 5602 5601
f 5697 5601 5698
f 5696 5512 5511
f 5515 5514 5602
f 5696 5604 5699
f 5604 5696 5511
f 5603 5606 5517
f 5697 5603 5602
f 5700 5604 5605
f 5701 5702 5608
f 5613 5614 5703
f 5608 5613 5701
f 5613 5703 5701
f 5704 5607 5606
f 5603 5704 5606
f 5703 5607 5704
f 5615 5607 5703
f 5615 5703 5614
f 5616 5605 5518
f 5605 5705 5700
f 5608 5610 5613
f 5608 5702 5609
f 5706 5609 5702
f 5609 5706 5617
f 5605 5616 5705
f 5616 5521 5707
f 5707 5521 5619
f 5618 5617 5623
f 5708 5623 5617
f 5708 5617 5709
f 5710 5622 5623
f 5708 5710 5623
f 5420 5619 5529
f 5619 5621 5711
f 5530 5622 5625
f 5622 5712 5625
f 5710 5712 5622
f 5713 5714 5624
f 5714 5620 5624
f 5714 5621 5620
f 5626 5625 5712
f 5624 5627 5715
f 5715 5713 5624
f 5716 5626 5712
f 5628 5626 5716
f 5628 5717 5629
f 5541 5540 5630
f 5627 5536 5541
f 5717 5538 5629
f 5717 5632 5538
f 5632 5717 5718
f 5631 5632 5633
f 5719 5633 5632
f 5436 5633 5634
f 5544 5634 5636
f 5636 5635 5544
f 5633 5720 5634
f 5721 5641 5640
f 5643 5722 5642
f 5640 5722 5721
f 5722 5640 5642
f 5723 5722 5643
f 5644 5724 5643
f 5724 5725 5643
f 5645 5726 5644
f 5726 5724 5644
f 5645 5647 5726
f 5727 5726 5647
f 5647 5728 5727
f 5646 5650 5729
f 5647 5646 5728
f 5730 5649 5641
f 5731 5650 5732
f 5732 5557 5652
f 5557 5732 5650
f 5732 5652 5733
f 5652 5734 5733
f 5653 5651 5735
f 5649 5735 5651
f 5652 5562 5734
f 5734 5562 5563
f 5736 5734 5563
f 5563 5654 5736
f 5737 5656 5653
f 5735 5737 5653
f 5738 5736 5654
f 5739 5736 5738
f 5564 5738 5654
f 5657 5656 5740
f 5741 5740 5656
f 5656 5737 5741
f 5564 5658 5738
f 5658 5742 5738
f 5657 5659 5565
f 5657 5740 5659
f 5569 5567 5743
f 5567 5659 5743
f 5743 5659 5744
f 5661 5745 5742
f 5661 5658 5568
f 5658 5661 5742
f 5569 5743 5662
f 5746 5661 5660
f 5747 5667 5662
f 5665 5660 5663
f 5746 5660 5748
f 5749 5746 5748
f 5664 5662 5667
f 5665 5750 5749
f 5749 5748 5665
f 5660 5665 5748
f 5666 5667 5751
f 5665 5575 5668
f 5752 5753 5668
f 5668 5750 5665
f 5668 5753 5750
f 5664 5666 5574
f 5666 5754 5669
f 5755 5666 5751
f 5666 5755 5754
f 5672 5752 5668
f 5668 5670 5672
f 5669 5756 5674
f 5756 5669 5754
f 5673 5672 5671
f 5673 5581 5757
f 5758 5672 5673
f 5757 5759 5673
f 5674 5676 5582
f 5580 5674 5582
f 5756 5760 5674
f 5761 5674 5760
f 5762 5676 5761
f 5674 5761 5676
f 5763 5757 5581
f 5676 5764 5675
f 5676 5762 5764
f 5677 5763 5581
f 5586 5680 5677
f 5677 5765 5763
f 5678 5675 5764
f 5682 5678 5764
f 5682 5764 5766
f 5685 5767 5679
f 5679 5767 5680
f 5767 5768 5680
f 5769 5768 5767
f 5683 5684 5769
f 5769 5684 5770
f 5683 5767 5685
f 5683 5769 5767
f 5771 5769 5770
f 5772 5771 5770
f 5681 5587 5682
f 5681 5682 5773
f 5682 5774 5773
f 5686 5773 5774
f 5775 5595 5687
f 5595 5775 5684
f 5684 5775 5770
f 5772 5770 5775
f 5597 5686 5690
f 5681 5773 5686
f 5776 5775 5687
f 5695 5777 5688
f 5776 5688 5777
f 5778 5692 5599
f 5778 5599 5689
f 5691 5695 5688
f 5777 5695 5779
f 5693 5692 5778
f 5780 5781 5695
f 5601 5508 5698
f 5782 5508 5693
f 5782 5783 5698
f 5698 5508 5782
f 5695 5694 5780
f 5784 5698 5783
f 5694 5696 5780
f 5785 5696 5699
f 5698 5784 5697
f 5603 5697 5786
f 5786 5697 5787
f 5784 5787 5697
f 5788 5789 5701
f 5788 5790 5789
f 5788 5701 5791
f 5792 5793 5791
f 5788 5791 5793
f 5786 5704 5603
f 5791 5703 5792
f 5794 5704 5786
f 5703 5704 5794
f 5794 5792 5703
f 5604 5700 5699
f 5700 5795 5699
f 5700 5796 5795
f 5789 5702 5701
f 5790 5702 5789
f 5790 5797 5702
f 5791 5701 5703
f 5700 5705 5796
f 5798 5706 5702
f 5797 5798 5702
f 5799 5798 5797
f 5705 5616 5707
f 5705 5707 5796
f 5798 5709 5706
f 5799 5709 5798
f 5709 5617 5706
f 5710 5708 5800
f 5800 5708 5709
f 5707 5619 5711
f 5711 5621 5801
f 5711 5801 5802
f 5802 5707 5711
f 5803 5710 5800
f 5710 5804 5712
f 5803 5804 5710
f 5805 5621 5714
f 5713 5805 5714
f 5621 5805 5801
f 5801 5805 5806
f 5804 5807 5712
f 5715 5808 5713
f 5809 5715 5627
f 5805 5713 5810
f 5808 5810 5713
f 5807 5716 5712
f 5716 5807 5811
f 5628 5716 5812
f 5813 5716 5811
f 5809 5627 5541
f 5715 5809 5808
f 5716 5813 5812
f 5717 5628 5812
f 5814 5717 5812
f 5718 5717 5814
f 5637 5638 5635
f 5630 5638 5815
f 5815 5638 5816
f 5815 5541 5630
f 5541 5815 5817
f 5541 5817 5809
f 5719 5632 5718
f 5818 5719 5718
f 5633 5719 5720
f 5634 5720 5636
f 5637 5636 5819
f 5638 5637 5820
f 5819 5820 5637
f 5638 5820 5816
f 5722 5821 5721
f 5723 5821 5722
f 5723 5643 5822
f 5643 5725 5822
f 5726 5823 5724
f 5726 5727 5823
f 5724 5823 5725
f 5824 5823 5727
f 5823 5825 5725
f 5641 5721 5730
f 5730 5826 5827
f 5826 5730 5721
f 5821 5826 5721
f 5728 5828 5727
f 5728 5646 5829
f 5829 5729 5830
f 5646 5729 5829
f 5728 5829 5828
f 5731 5729 5650
f 5830 5729 5731
f 5831 5649 5832
f 5833 5831 5827
f 5832 5827 5831
f 5649 5730 5832
f 5832 5730 5827
f 5834 5731 5732
f 5732 5733 5834
f 5834 5733 5835
f 5735 5649 5836
f 5836 5649 5831
f 5734 5736 5739
f 5739 5835 5734
f 5733 5734 5835
f 5837 5835 5739
f 5737 5735 5836
f 5838 5837 5739
f 5839 5739 5738
f 5838 5739 5839
f 5836 5741 5737
f 5744 5741 5840
f 5738 5841 5839
f 5842 5841 5843
f 5841 5842 5839
f 5841 5738 5742
f 5742 5843 5841
f 5740 5744 5659
f 5741 5744 5740
f 5844 5843 5745
f 5745 5843 5742
f 5744 5845 5743
f 5661 5846 5745
f 5745 5846 5844
f 5844 5846 5847
f 5661 5746 5846
f 5847 5846 5749
f 5747 5662 5743
f 5751 5747 5848
f 5846 5746 5749
f 5849 5749 5850
f 5751 5667 5747
f 5750 5753 5850
f 5850 5749 5750
f 5753 5851 5850
f 5852 5755 5751
f 5848 5852 5751
f 5853 5753 5854
f 5853 5851 5753
f 5755 5855 5754
f 5755 5856 5855
f 5852 5856 5755
f 5857 5855 5856
f 5752 5854 5753
f 5672 5758 5752
f 5758 5854 5752
f 5858 5854 5758
f 5854 5858 5853
f 5754 5855 5756
f 5760 5859 5761
f 5760 5756 5855
f 5760 5855 5859
f 5859 5855 5857
f 5673 5759 5758
f 5757 5860 5759
f 5759 5861 5758
f 5759 5860 5861
f 5859 5762 5761
f 5762 5859 5862
f 5757 5765 5863
f 5765 5757 5763
f 5863 5860 5757
f 5863 5765 5768
f 5771 5864 5865
f 5766 5764 5762
f 5766 5762 5866
f 5867 5766 5866
f 5677 5680 5765
f 5768 5765 5680
f 5865 5769 5771
f 5769 5865 5768
f 5682 5766 5774
f 5868 5774 5869
f 5775 5776 5772
f 5772 5776 5870
f 5871 5686 5868
f 5686 5774 5868
f 5688 5776 5687
f 5872 5776 5777
f 5870 5776 5872
f 5873 5690 5871
f 5872 5777 5779
f 5873 5778 5689
f 5690 5873 5689
f 5779 5695 5781
f 5873 5693 5778
f 5783 5874 5784
f 5696 5785 5780
f 5780 5785 5875
f 5793 5876 5877
f 5784 5874 5787
f 5794 5787 5874
f 5699 5878 5785
f 5879 5788 5877
f 5879 5790 5788
f 5879 5880 5790
f 5881 5790 5880
f 5788 5793 5877
f 5792 5876 5793
f 5794 5786 5787
f 5792 5794 5874
f 5878 5699 5795
f 5881 5797 5790
f 5795 5796 5882
f 5883 5799 5881
f 5881 5799 5797
f 5707 5884 5796
f 5885 5709 5799
f 5884 5707 5802
f 5886 5800 5709
f 5885 5886 5709
f 5887 5886 5885
f 5887 5800 5886
f 5802 5801 5806
f 5888 5802 5806
f 5884 5802 5888
f 5889 5803 5800
f 5805 5890 5806
f 5803 5891 5804
f 5892 5807 5804
f 5810 5890 5805
f 5811 5807 5892
f 5893 5811 5892
f 5898 5808 5899
f 5899 5808 5809
f 5808 5898 5810
f 5813 5811 5900
f 5901 5813 5900
f 5814 5812 5813
f 5814 5813 5901
f 5902 5903 5817
f 5809 5817 5899
f 5899 5817 5903
f 5718 5904 5818
f 5904 5718 5814
f 5905 5818 5906
f 5818 5720 5719
f 5720 5907 5636
f 5636 5907 5819
f 5720 5908 5907
f 5820 5819 5816
f 5817 5815 5902
f 5902 5815 5816
f 5818 5905 5720
f 5908 5720 5905
f 5909 5821 5723
f 5821 5909 5910
f 5822 5909 5723
f 5909 5822 5911
f 5725 5825 5912
f 5725 5912 5822
f 5823 5824 5825
f 5912 5825 5913
f 5727 5828 5824
f 5828 5914 5824
f 5910 5827 5826
f 5910 5826 5821
f 5915 5827 5910
f 5829 5916 5828
f 5830 5916 5829
f 5828 5916 5914
f 5917 5916 5830
f 5917 5914 5916
f 5827 5915 5833
f 5915 5918 5833
f 5731 5834 5830
f 5830 5834 5917
f 5919 5834 5920
f 5921 5831 5833
f 5835 5837 5920
f 5834 5835 5920
f 5919 5920 5837
f 5741 5922 5840
f 5836 5831 5921
f 5836 5921 5922
f 5923 5837 5838
f 5923 5838 5924
f 5842 5838 5839
f 5922 5741 5836
f 5838 5842 5925
f 5843 5924 5925
f 5924 5838 5925
f 5924 5843 5844
f 5842 5843 5925
f 5845 5744 5840
f 5840 5926 5845
f 5840 5927 5926
f 5928 5924 5844
f 5929 5743 5930
f 5930 5743 5845
f 5931 5930 5845
f 5845 5926 5931
f 5932 5933 5928
f 5928 5844 5847
f 5743 5929 5747
f 5934 5930 5931
f 5847 5932 5928
f 5929 5848 5747
f 5935 5929 5936
f 5929 5935 5848
f 5935 5936 5937
f 5849 5938 5932
f 5939 5849 5850
f 5849 5847 5749
f 5847 5849 5932
f 5938 5849 5939
f 5852 5848 5935
f 5940 5856 5852
f 5940 5852 5935
f 5940 5935 5937
f 5937 5856 5940
f 5850 5851 5941
f 5939 5850 5941
f 5942 5941 5851
f 5853 5942 5851
f 5943 5857 5856
f 5857 5944 5862
f 5858 5942 5853
f 5945 5942 5858
f 5946 5942 5945
f 5857 5862 5859
f 5944 5947 5862
f 5858 5758 5861
f 5861 5945 5858
f 5948 5861 5860
f 5949 5950 5951
f 5951 5952 5949
f 5866 5762 5947
f 5762 5862 5947
f 5866 5947 5953
f 5863 5948 5860
f 5863 5954 5955
f 5863 5955 5948
f 5863 5768 5954
f 5951 5954 5768
f 5951 5950 5954
f 5771 5956 5864
f 5865 5951 5768
f 5865 5864 5951
f 5952 5864 5956
f 5951 5864 5952
f 5952 5956 5957
f 5867 5866 5953
f 5771 5958 5956
f 5956 5958 5957
f 5766 5867 5774
f 5774 5867 5869
f 5771 5772 5958
f 5870 5959 5772
f 5772 5959 5958
f 5960 5868 5961
f 5869 5961 5868
f 5870 5872 5962
f 5963 5962 5872
f 5964 5870 5962
f 5965 5962 5963
f 5686 5871 5690
f 5868 5960 5871
f 5872 5779 5963
f 5966 5873 5871
f 5966 5967 5873
f 5963 5779 5968
f 5782 5873 5967
f 5873 5782 5693
f 5781 5969 5779
f 5969 5781 5875
f 5779 5969 5968
f 5967 5970 5782
f 5781 5780 5875
f 5969 5875 5971
f 5972 5875 5973
f 5974 5975 5976
f 5977 5877 5876
f 5877 5977 5978
f 5977 5975 5978
f 5977 5979 5980
f 5874 5783 5981
f 5982 5783 5970
f 5970 5783 5782
f 5982 5981 5783
f 5980 5981 5982
f 5785 5973 5875
f 5973 5785 5878
f 5975 5974 5880
f 5877 5978 5879
f 5978 5975 5879
f 5975 5880 5879
f 5792 5874 5981
f 5876 5792 5979
f 5792 5981 5979
f 5979 5977 5876
f 5979 5981 5980
f 5983 5974 5984
f 5983 5881 5880
f 5974 5983 5880
f 5795 5882 5878
f 5878 5882 5985
f 5878 5985 5973
f 5983 5883 5881
f 5985 5882 5986
f 5986 5796 5884
f 5796 5986 5882
f 5987 5988 5883
f 5883 5885 5799
f 5885 5883 5988
f 5989 5884 5888
f 5989 5986 5884
f 5888 5990 5989
f 5887 5885 5988
f 5991 5888 5806
f 5888 5991 5990
f 5887 5889 5800
f 5891 5889 5992
f 5890 5993 5806
f 5890 5994 5993
f 5806 5993 5991
f 5803 5889 5891
f 5892 5804 5891
f 5810 5995 5994
f 5994 5995 5996
f 5994 5890 5810
f 5893 5891 5997
f 5811 5893 5900
f 5891 5893 5892
f 5998 5898 5899
f 5810 5898 5995
f 5995 5898 5998
f 5999 5995 5998
f 6000 5995 5999
f 5995 6000 5996
f 6000 5999 6001
f 6002 5900 5893
f 6003 5903 5902
f 6004 6005 6003
f 5899 5903 5998
f 5903 6003 5998
f 5998 6001 5999
f 6005 5998 6003
f 5998 6005 6001
f 5814 5901 5904
f 6006 5901 5900
f 5901 6006 6007
f 6007 5904 5901
f 6007 6008 5904
f 5818 5904 6009
f 6009 5904 6008
f 5819 6010 6011
f 6011 6012 6013
f 5819 6011 5816
f 6014 5816 6011
f 6014 6011 6013
f 6015 6013 6012
f 6014 6003 5902
f 6014 5902 5816
f 6004 6003 6014
f 6004 6014 6013
f 6015 6004 6013
f 6008 6007 6016
f 6016 6009 6008
f 5818 6009 5906
f 6017 5906 6009
f 6018 6017 6009
f 6017 5905 5906
f 5905 6017 6019
f 6020 5908 6019
f 5908 5905 6019
f 6019 6021 6020
f 5907 5908 6020
f 5907 6020 6010
f 6020 6021 6022
f 6010 6020 6022
f 5907 6010 5819
f 6023 6011 6010
f 5911 6024 5909
f 6025 6026 5911
f 5912 6027 5822
f 5911 5822 6027
f 6025 5911 6027
f 5912 5913 6027
f 6028 6027 5913
f 5824 6029 5913
f 5825 5824 5913
f 6029 6030 6028
f 6028 5913 6029
f 5824 5914 6029
f 5914 6031 6029
f 5915 5910 6032
f 6032 5918 5915
f 6024 6032 5910
f 6032 6024 6033
f 5909 6024 5910
f 6026 6024 5911
f 5914 5917 6031
f 6031 5917 6034
f 5834 5919 5917
f 6035 5917 5919
f 5917 6035 6034
f 6036 6035 5919
f 5833 5918 5921
f 6037 5921 6038
f 5921 5918 6038
f 6038 5918 6039
f 6036 5919 6040
f 6041 5922 5921
f 5921 6037 6041
f 5919 5923 6040
f 5919 5837 5923
f 6040 5924 6042
f 6040 5923 5924
f 5922 5927 5840
f 5922 6041 5927
f 5927 6041 6043
f 6044 6045 6046
f 6045 6042 6046
f 6046 6042 5924
f 5931 5926 5927
f 5927 6043 6047
f 6044 6046 5933
f 6045 6044 6048
f 5933 5924 5928
f 5924 5933 6046
f 5934 5931 6047
f 6047 5931 5927
f 6049 6047 6050
f 6044 5933 6051
f 6052 6044 6051
f 6051 5933 5932
f 5930 5934 5929
f 5936 5929 5934
f 6049 5936 5934
f 6053 5936 6049
f 5934 6047 6049
f 6052 6054 6055
f 6054 6052 6051
f 6051 5938 6054
f 5938 6051 5932
f 5936 6053 5937
f 5937 6053 6056
f 6056 6053 6057
f 6058 6057 6053
f 6054 6059 6060
f 6059 6054 5938
f 6055 6054 6060
f 5938 5939 6059
f 6056 5856 5937
f 5939 5941 6059
f 6059 5941 6060
f 6061 5941 6062
f 6063 5943 6056
f 5943 5856 6056
f 5944 6063 6064
f 6063 6056 6064
f 6064 6056 6057
f 6065 5944 6064
f 6064 6057 6066
f 6067 6064 6066
f 6062 5941 5942
f 5857 5943 6063
f 5944 5857 6063
f 6068 5944 6069
f 6062 5942 5946
f 5946 6070 6071
f 6071 6062 5946
f 5945 6072 6070
f 5945 6070 5946
f 6070 6072 6073
f 6074 6075 6076
f 6077 6074 6076
f 6074 6077 6078
f 6079 6078 6077
f 5949 6080 6077
f 6068 6081 5947
f 5944 6068 5947
f 5945 5861 6072
f 6082 6072 5861
f 5948 6082 5861
f 5955 6083 5948
f 6083 6082 5948
f 5955 5950 6076
f 5949 6076 5950
f 5949 6077 6076
f 5955 6076 6075
f 6084 5955 6075
f 5955 6084 6083
f 6085 5957 6086
f 6081 6087 5953
f 5947 6081 5953
f 6088 6081 6068
f 5954 5950 5955
f 5867 5953 6089
f 6089 5953 6087
f 6089 6087 6090
f 5958 5959 6091
f 5957 5958 6091
f 5957 6091 6092
f 6091 5959 6093
f 5869 5867 6089
f 5869 6089 6094
f 5961 5869 6095
f 5869 6094 6095
f 5964 5959 5870
f 5959 5964 6096
f 6097 5960 5961
f 5961 6098 6097
f 5961 6095 6098
f 5965 5964 5962
f 6099 5964 5965
f 6099 5965 6100
f 5966 5871 5960
f 5965 5963 6100
f 5963 5968 6100
f 6100 5968 6101
f 6102 5967 5966
f 6101 5971 6103
f 6104 5970 5967
f 5967 6102 6104
f 6105 6104 6102
f 5968 5969 5971
f 6106 6107 6108
f 6109 5976 6107
f 5977 6110 6108
f 6106 6110 6111
f 6110 6106 6108
f 6104 5982 5970
f 6112 5982 6104
f 5980 6112 6110
f 5875 5972 5971
f 6108 6107 5975
f 6107 5976 5975
f 6113 5976 6109
f 5975 5977 6108
f 6110 5977 5980
f 5980 5982 6112
f 6113 5974 5976
f 6113 5984 5974
f 5973 5985 6114
f 6115 5983 5984
f 6116 5984 6113
f 6116 6115 5984
f 5985 5986 6117
f 5985 6117 6114
f 6115 5883 5983
f 6117 6118 6119
f 6120 5883 6115
f 6120 6121 5883
f 6122 6121 6120
f 5989 6123 6124
f 5989 6124 5986
f 5986 6124 6117
f 6117 6124 6118
f 6124 6123 6125
f 6124 6125 6126
f 6124 6126 6118
f 6126 6127 6118
f 6119 6118 6127
f 6126 6128 6127
f 6125 6128 6126
f 5987 5883 6121
f 6121 6122 5987
f 6129 6122 6130
f 5989 5990 6123
f 5990 6131 6123
f 6131 6125 6123
f 6131 6132 6133
f 6125 6131 6134
f 6134 6135 6125
f 6131 6133 6134
f 6136 5887 5988
f 5990 5991 6132
f 6137 6132 5991
f 6133 6137 6138
f 5990 6132 6131
f 6137 6133 6132
f 6139 5887 6136
f 6139 5889 5887
f 6129 6136 5988
f 6140 6136 6141
f 5889 6139 5992
f 5991 5993 6142
f 6137 5991 6142
f 6138 6137 6143
f 6137 6142 6143
f 5891 5992 6144
f 6145 5996 6146
f 5996 6145 5994
f 5993 5994 6147
f 6147 6142 5993
f 5994 6145 6147
f 6147 6148 6142
f 5891 6144 5997
f 6147 6145 6148
f 6145 6146 6148
f 6002 6149 5900
f 5997 6002 5893
f 6005 6150 6001
f 6000 6001 6151
f 5996 6000 6146
f 6001 6150 6151
f 6146 6000 6151
f 6149 6006 5900
f 6006 6149 6152
f 6153 6152 6149
f 6007 6006 6152
f 6154 6152 6153
f 6154 6155 6152
f 6152 6016 6007
f 6004 6015 6156
f 6005 6004 6156
f 6156 6157 6005
f 6150 6005 6157
f 6156 6158 6157
f 6152 6155 6016
f 6159 6016 6155
f 6016 6018 6009
f 6016 6160 6018
f 6160 6016 6159
f 6161 6017 6018
f 6161 6018 6160
f 6160 6162 6161
f 6161 6163 6017
f 6019 6017 6021
f 6021 6017 6163
f 6164 6021 6163
f 6164 6022 6021
f 6011 6023 6012
f 6022 6023 6010
f 6165 6012 6023
f 6165 6015 6012
f 6156 6015 6166
f 6158 6156 6166
f 6167 6164 6163
f 6168 6022 6164
f 6023 6022 6168
f 6169 6026 6025
f 6169 6027 6028
f 6028 6030 6170
f 6171 6029 6031
f 6029 6171 6030
f 5918 6032 6033
f 6172 6033 6024
f 6024 6026 6172
f 6026 6173 6172
f 6033 6172 6173
f 6174 6173 6026
f 6033 6173 6175
f 6026 6169 6174
f 6176 6169 6028
f 6027 6169 6025
f 6170 6176 6028
f 6171 6177 6178
f 6178 6030 6171
f 6030 6178 6170
f 6035 6177 6034
f 6034 6177 6031
f 6177 6171 6031
f 6175 5918 6033
f 6179 6039 6175
f 5918 6175 6039
f 6180 6035 6036
f 6036 6181 6180
f 6035 6180 6177
f 6038 6179 6037
f 6038 6039 6179
f 6037 6179 6182
f 6183 6179 6175
f 6179 6184 6182
f 6183 6184 6179
f 6036 6185 6181
f 6186 6181 6185
f 6040 6185 6036
f 6182 6041 6037
f 6187 6182 6188
f 6185 6189 6186
f 6186 6189 6190
f 6185 6045 6191
f 6189 6185 6191
f 6185 6040 6042
f 6182 6043 6041
f 6187 6043 6182
f 6192 6043 6187
f 6187 6188 6192
f 6193 6194 6188
f 6192 6188 6194
f 6195 6189 6191
f 6191 6045 6048
f 6042 6045 6185
f 6195 6191 6048
f 6047 6196 6050
f 6043 6196 6047
f 6196 6192 6197
f 6043 6192 6196
f 6198 6197 6194
f 6194 6197 6192
f 6199 6195 6200
f 6201 6044 6052
f 6196 6197 6050
f 6050 6197 6202
f 6197 6198 6202
f 6203 6198 6204
f 6198 6194 6204
f 6199 6200 6205
f 6200 6048 6201
f 6195 6048 6200
f 6206 6200 6201
f 6206 6205 6200
f 6044 6201 6048
f 6202 6053 6050
f 6049 6050 6053
f 6053 6202 6058
f 6207 6058 6202
f 6058 6207 6208
f 6202 6198 6207
f 6203 6207 6198
f 6207 6203 6209
f 6205 6206 6210
f 6052 6206 6201
f 6206 6052 6055
f 6058 6208 6066
f 6057 6058 6066
f 6211 6208 6207
f 6209 6211 6207
f 6212 6213 6214
f 6212 6210 6213
f 6210 6206 6213
f 6206 6055 6215
f 6213 6206 6215
f 6055 6060 6215
f 6067 6208 6216
f 6067 6066 6208
f 6211 6216 6208
f 6214 6213 6217
f 6213 6215 6217
f 6218 6217 6060
f 6217 6215 6060
f 6067 6065 6064
f 6219 6220 6065
f 6067 6219 6065
f 6067 6216 6221
f 6219 6067 6221
f 6216 6222 6221
f 6217 6218 6223
f 6217 6223 6224
f 6218 6060 6061
f 6225 6218 6061
f 6218 6225 6226
f 5941 6061 6060
f 6078 6227 6228
f 6229 6227 6078
f 6229 6078 6079
f 6080 6230 6079
f 6220 6069 5944
f 5944 6065 6220
f 6231 6069 6220
f 6219 6231 6220
f 6225 6232 6226
f 6225 6062 6071
f 6062 6225 6061
f 6233 6232 6071
f 6225 6071 6232
f 6073 6071 6070
f 6073 6233 6071
f 6234 6073 6072
f 6074 6235 6075
f 6228 6235 6074
f 6228 6074 6078
f 6084 6235 6236
f 6077 6080 6079
f 6085 6080 5949
f 6237 6068 6069
f 6068 6237 6088
f 6069 6231 6237
f 6082 6234 6072
f 6234 6082 6083
f 6235 6084 6075
f 6236 6083 6084
f 5952 6085 5949
f 5957 6085 5952
f 6081 6088 6087
f 6088 6090 6087
f 6088 6238 6090
f 6088 6237 6238
f 6092 6086 5957
f 6094 6090 6239
f 6091 6240 6092
f 6240 6091 6093
f 6093 6241 6240
f 6090 6094 6089
f 6096 6093 5959
f 6098 6095 6242
f 6243 6096 5964
f 6243 6244 6096
f 6245 6246 6097
f 6245 6098 6242
f 6243 5964 6099
f 6247 6243 6099
f 6248 5966 5960
f 6097 6248 5960
f 6246 6248 6097
f 6100 6101 6099
f 6099 6101 6249
f 6101 6103 6249
f 6248 6102 5966
f 5971 6101 5968
f 6250 6251 6252
f 6252 6253 6250
f 6106 6251 6250
f 6111 6254 6106
f 6106 6254 6251
f 5971 5972 6255
f 6103 5971 6255
f 6103 6255 6256
f 6257 6109 6253
f 6258 6109 6257
f 6107 6106 6250
f 6250 6253 6107
f 6253 6109 6107
f 6111 6110 6112
f 6112 6259 6111
f 6112 6104 6105
f 6112 6105 6259
f 6255 5972 6256
f 5972 6260 6256
f 6260 6261 6256
f 6262 6263 6261
f 6258 6113 6109
f 6264 6113 6258
f 5972 5973 6260
f 6260 5973 6114
f 6262 6261 6260
f 6262 6260 6265
f 6265 6266 6262
f 6266 6265 6267
f 6266 6268 6262
f 6116 6113 6264
f 6260 6114 6269
f 6265 6260 6269
f 6267 6265 6269
f 6270 6116 6271
f 6116 6270 6115
f 6114 6117 6269
f 6117 6119 6269
f 6272 6273 6269
f 6119 6272 6269
f 6273 6267 6269
f 6274 6273 6272
f 6275 6273 6274
f 6127 6272 6119
f 6274 6272 6127
f 6274 6127 6276
f 6270 6122 6120
f 6125 6135 6128
f 6128 6135 6127
f 6135 6277 6127
f 6277 6276 6127
f 6277 6135 6278
f 6279 6122 6270
f 6122 6129 5987
f 6278 6135 6134
f 6134 6280 6278
f 5987 6129 5988
f 6280 6133 6281
f 6133 6280 6134
f 6136 6129 6141
f 6129 6282 6141
f 6136 6140 6139
f 6133 6138 6281
f 6138 6143 6281
f 5992 6139 6140
f 6142 6148 6143
f 6143 6148 6283
f 6281 6143 6283
f 6284 5992 6140
f 6284 6144 5992
f 6144 6285 6286
f 6144 6284 6285
f 6287 6284 6288
f 6286 5997 6144
f 6148 6146 6289
f 6289 6283 6148
f 6285 6290 6286
f 6286 6002 5997
f 6291 6002 6286
f 6290 6291 6286
f 6292 6291 6290
f 6292 6290 6293
f 6291 6292 6294
f 6295 6151 6296
f 6151 6295 6146
f 6291 6149 6002
f 6297 6294 6292
f 6297 6292 6293
f 6153 6149 6291
f 6291 6294 6153
f 6298 6294 6297
f 6153 6294 6154
f 6154 6294 6299
f 6150 6157 6300
f 6301 6296 6300
f 6151 6150 6296
f 6296 6150 6300
f 6302 6297 6293
f 6294 6298 6303
f 6297 6302 6298
f 6304 6303 6298
f 6294 6303 6299
f 6155 6154 6299
f 6155 6299 6305
f 6299 6303 6305
f 6305 6159 6155
f 6166 6015 6165
f 6158 6166 6306
f 6307 6157 6158
f 6307 6158 6306
f 6157 6307 6300
f 6305 6303 6308
f 6309 6159 6305
f 6162 6160 6159
f 6310 6162 6159
f 6311 6162 6310
f 6161 6167 6163
f 6162 6312 6161
f 6167 6161 6312
f 6162 6311 6312
f 6164 6167 6312
f 6313 6168 6164
f 6314 6168 6313
f 6168 6165 6023
f 6165 6168 6314
f 6165 6314 6306
f 6306 6166 6165
f 6159 6315 6310
f 6313 6164 6312
f 6312 6311 6316
f 6317 6174 6169
f 6176 6317 6169
f 6318 6317 6176
f 6174 6317 6173
f 6317 6318 6319
f 6318 6170 6178
f 6170 6318 6176
f 6318 6178 6319
f 6320 6178 6177
f 6320 6319 6178
f 6321 6175 6173
f 6321 6183 6175
f 6183 6321 6322
f 6321 6323 6322
f 6321 6173 6323
f 6323 6173 6317
f 6323 6317 6319
f 6324 6319 6320
f 6319 6324 6323
f 6324 6320 6325
f 6177 6180 6320
f 6186 6180 6181
f 6320 6180 6325
f 6188 6182 6184
f 6184 6183 6326
f 6326 6322 6327
f 6183 6322 6326
f 6323 6327 6322
f 6327 6323 6328
f 6329 6328 6330
f 6330 6328 6324
f 6328 6323 6324
f 6330 6325 6190
f 6186 6190 6325
f 6330 6324 6325
f 6180 6186 6325
f 6326 6193 6188
f 6188 6184 6326
f 6326 6327 6193
f 6193 6327 6331
f 6329 6330 6332
f 6327 6329 6331
f 6328 6329 6327
f 6332 6190 6189
f 6330 6190 6332
f 6193 6204 6194
f 6204 6193 6331
f 6199 6333 6195
f 6333 6332 6195
f 6195 6332 6189
f 6331 6329 6333
f 6329 6332 6333
f 6204 6331 6334
f 6331 6333 6334
f 6334 6333 6199
f 6335 6334 6205
f 6203 6204 6335
f 6204 6334 6335
f 6199 6205 6334
f 6209 6336 6337
f 6209 6203 6336
f 6336 6335 6205
f 6203 6335 6336
f 6337 6336 6210
f 6210 6336 6205
f 6216 6211 6338
f 6338 6209 6337
f 6211 6209 6338
f 6337 6210 6212
f 6338 6337 6339
f 6338 6340 6222
f 6216 6338 6222
f 6339 6341 6342
f 6340 6339 6342
f 6338 6339 6340
f 6337 6212 6339
f 6224 6214 6217
f 6339 6212 6214
f 6341 6214 6224
f 6339 6214 6341
f 6227 6343 6344
f 6343 6227 6345
f 6345 6227 6229
f 6346 6229 6347
f 6345 6229 6346
f 6340 6221 6222
f 6342 6221 6340
f 6221 6342 6348
f 6348 6342 6349
f 6341 6349 6342
f 6349 6341 6350
f 6341 6224 6350
f 6224 6223 6351
f 6223 6352 6351
f 6224 6351 6350
f 6352 6350 6351
f 6223 6218 6226
f 6353 6344 6354
f 6344 6228 6227
f 6355 6228 6353
f 6235 6228 6355
f 6353 6228 6344
f 6229 6079 6347
f 6079 6230 6347
f 6085 6230 6080
f 6219 6221 6348
f 6219 6356 6231
f 6356 6219 6348
f 6357 6356 6348
f 6357 6358 6356
f 6357 6348 6349
f 6350 6359 6349
f 6360 6352 6223
f 6232 6361 6226
f 6362 6361 6363
f 6364 6226 6361
f 6363 6232 6233
f 6365 6363 6233
f 6232 6363 6361
f 6365 6233 6073
f 6366 6365 6073
f 6367 6365 6366
f 6366 6073 6234
f 6368 6366 6234
f 6368 6369 6370
f 6371 6370 6369
f 6236 6235 6369
f 6369 6235 6355
f 6355 6371 6369
f 6355 6353 6371
f 6230 6085 6372
f 6237 6231 6373
f 6373 6231 6356
f 6368 6234 6369
f 6369 6234 6083
f 6369 6083 6236
f 6086 6374 6085
f 6085 6374 6372
f 6237 6373 6238
f 6092 6240 6086
f 6375 6086 6240
f 6376 6375 6240
f 6090 6238 6239
f 6240 6241 6376
f 6239 6377 6094
f 6093 6096 6378
f 6241 6093 6378
f 6379 6241 6378
f 6094 6377 6095
f 6380 6242 6095
f 6095 6377 6380
f 6242 6380 6381
f 6244 6378 6096
f 6098 6245 6097
f 6243 6247 6244
f 6382 6247 6099
f 6249 6383 6247
f 6247 6382 6249
f 6384 6385 6386
f 6387 6247 6383
f 6388 6389 6390
f 6099 6249 6382
f 6383 6249 6391
f 6384 6383 6391
f 6392 6385 6384
f 6384 6391 6392
f 6384 6387 6383
f 6393 6385 6392
f 6388 6390 6251
f 6252 6251 6394
f 6395 6251 6254
f 6388 6251 6395
f 6388 6396 6389
f 6395 6396 6388
f 6395 6254 6397
f 6259 6398 6397
f 6395 6397 6399
f 6395 6399 6396
f 6105 6248 6400
f 6248 6105 6102
f 6246 6400 6248
f 6249 6103 6391
f 6103 6256 6391
f 6391 6256 6401
f 6392 6391 6402
f 6402 6391 6401
f 6402 6401 6403
f 6253 6404 6257
f 6111 6397 6254
f 6259 6397 6111
f 6259 6105 6405
f 6405 6105 6400
f 6398 6259 6405
f 6401 6256 6261
f 6263 6401 6261
f 6263 6403 6401
f 6406 6403 6263
f 6407 6406 6263
f 6406 6402 6403
f 6404 6258 6257
f 6262 6268 6263
f 6407 6263 6268
f 6408 6407 6268
f 6409 6407 6408
f 6410 6258 6404
f 6411 6258 6410
f 6412 6266 6267
f 6266 6412 6413
f 6268 6266 6413
f 6268 6413 6408
f 6414 6409 6408
f 6408 6413 6414
f 6414 6413 6415
f 6271 6264 6416
f 6273 6275 6267
f 6275 6412 6267
f 6413 6412 6417
f 6264 6271 6116
f 6416 6418 6271
f 6412 6275 6417
f 6419 6417 6275
f 6419 6275 6420
f 6419 6420 6421
f 6271 6418 6270
f 6418 6279 6270
f 6115 6270 6120
f 6275 6274 6420
f 6421 6420 6422
f 6276 6277 6423
f 6423 6422 6276
f 6422 6274 6276
f 6274 6422 6420
f 6422 6423 6424
f 6122 6279 6130
f 6130 6279 6425
f 6277 6278 6423
f 6426 6423 6278
f 6423 6426 6427
f 6425 6282 6130
f 6278 6280 6426
f 6280 6281 6426
f 6428 6282 6429
f 6282 6129 6130
f 6428 6141 6282
f 6430 6426 6281
f 6426 6430 6431
f 6430 6432 6431
f 6284 6141 6428
f 6141 6284 6140
f 6283 6430 6281
f 6430 6283 6433
f 6434 6430 6433
f 6430 6434 6432
f 6428 6288 6284
f 6435 6287 6288
f 6284 6287 6285
f 6283 6289 6436
f 6433 6283 6436
f 6437 6433 6436
f 6433 6437 6434
f 6438 6287 6435
f 6439 6438 6435
f 6290 6440 6293
f 6287 6438 6290
f 6287 6290 6285
f 6290 6438 6440
f 6289 6295 6441
f 6146 6295 6289
f 6289 6442 6436
f 6437 6436 6442
f 6438 6443 6444
f 6443 6438 6439
f 6444 6293 6440
f 6440 6438 6444
f 6441 6296 6301
f 6301 6445 6441
f 6441 6295 6296
f 6444 6443 6446
f 6446 6293 6444
f 6302 6293 6446
f 6302 6304 6298
f 6303 6304 6308
f 6301 6300 6307
f 6307 6306 6447
f 6447 6301 6307
f 6448 6447 6449
f 6447 6450 6301
f 6445 6301 6450
f 6446 6451 6452
f 6302 6453 6304
f 6453 6302 6446
f 6453 6446 6452
f 6306 6314 6454
f 6449 6306 6454
f 6306 6449 6447
f 6452 6451 6455
f 6456 6453 6452
f 6456 6457 6453
f 6308 6304 6458
f 6457 6304 6453
f 6304 6457 6458
f 6459 6308 6458
f 6460 6309 6305
f 6460 6305 6308
f 6459 6460 6308
f 6315 6159 6309
f 6461 6310 6315
f 6462 6311 6310
f 6462 6316 6311
f 6316 6313 6312
f 6313 6316 6463
f 6463 6314 6313
f 6463 6464 6314
f 6464 6454 6314
f 6465 6459 6458
f 6465 6466 6459
f 6466 6460 6459
f 6467 6460 6466
f 6460 6467 6309
f 6315 6467 6461
f 6315 6309 6467
f 6461 6462 6310
f 6468 6462 6461
f 6316 6462 6469
f 6463 6316 6469
f 6470 6464 6463
f 6470 6463 6469
f 6471 6472 6473
f 6474 6473 6472
f 6473 6475 6471
f 6473 6474 6476
f 6471 6475 6477
f 6344 6472 6471
f 6472 6344 6343
f 6472 6343 6474
f 6474 6343 6478
f 6478 6343 6345
f 6345 6479 6478
f 6480 6471 6477
f 6481 6480 6477
f 6354 6344 6480
f 6480 6344 6471
f 6479 6345 6346
f 6346 6347 6482
f 6482 6483 6346
f 6354 6481 6484
f 6353 6354 6371
f 6354 6480 6481
f 6485 6354 6484
f 6230 6482 6347
f 6372 6486 6230
f 6230 6486 6482
f 6487 6358 6357
f 6357 6349 6487
f 6358 6487 6488
f 6359 6487 6349
f 6352 6359 6350
f 6352 6489 6359
f 6489 6352 6360
f 6223 6226 6360
f 6226 6364 6360
f 6489 6360 6364
f 6362 6364 6361
f 6490 6491 6362
f 6492 6362 6363
f 6492 6363 6365
f 6492 6490 6362
f 6366 6368 6367
f 6367 6492 6365
f 6367 6368 6493
f 6367 6494 6492
f 6354 6485 6370
f 6367 6493 6495
f 6354 6370 6371
f 6493 6368 6370
f 6370 6485 6493
f 6373 6356 6496
f 6358 6496 6356
f 6488 6497 6358
f 6375 6374 6086
f 6238 6373 6498
f 6498 6499 6238
f 6373 6496 6498
f 6375 6500 6501
f 6500 6375 6376
f 6238 6499 6239
f 6241 6379 6376
f 6376 6379 6500
f 6239 6499 6377
f 6377 6502 6503
f 6378 6504 6379
f 6504 6505 6379
f 6503 6380 6377
f 6380 6503 6381
f 6506 6381 6503
f 6378 6244 6504
f 6504 6244 6247
f 6387 6504 6247
f 6387 6507 6504
f 6508 6507 6387
f 6509 6508 6387
f 6510 6387 6386
f 6510 6511 6509
f 6510 6509 6387
f 6509 6511 6512
f 6508 6509 6512
f 6513 6514 6510
f 6510 6514 6511
f 6515 6514 6513
f 6516 6517 6394
f 6518 6519 6396
f 6245 6242 6381
f 6245 6381 6520
f 6520 6381 6506
f 6384 6386 6387
f 6393 6386 6385
f 6513 6386 6393
f 6386 6513 6510
f 6515 6513 6521
f 6521 6522 6515
f 6523 6524 6525
f 6394 6517 6526
f 6390 6394 6251
f 6394 6526 6252
f 6526 6253 6252
f 6394 6390 6516
f 6389 6516 6390
f 6516 6389 6519
f 6389 6396 6519
f 6397 6527 6399
f 6396 6399 6518
f 6520 6246 6245
f 6520 6405 6246
f 6405 6520 6528
f 6529 6393 6392
f 6521 6513 6393
f 6529 6521 6393
f 6530 6521 6529
f 6531 6521 6523
f 6523 6521 6530
f 6522 6521 6531
f 6525 6531 6523
f 6524 6523 6530
f 6532 6525 6524
f 6253 6526 6533
f 6400 6246 6405
f 6397 6398 6527
f 6398 6405 6528
f 6398 6528 6527
f 6529 6392 6402
f 6534 6529 6402
f 6529 6534 6530
f 6530 6535 6524
f 6535 6530 6536
f 6532 6524 6535
f 6404 6253 6533
f 6534 6402 6406
f 6530 6534 6536
f 6536 6534 6537
f 6538 6535 6536
f 6537 6538 6536
f 6538 6537 6539
f 6409 6406 6407
f 6409 6534 6406
f 6414 6537 6409
f 6537 6534 6409
f 6258 6411 6264
f 6537 6414 6415
f 6537 6415 6540
f 6539 6537 6540
f 6539 6540 6541
f 6541 6540 6542
f 6543 6416 6411
f 6411 6416 6264
f 6415 6417 6544
f 6417 6415 6413
f 6540 6415 6544
f 6545 6540 6544
f 6418 6416 6543
f 6421 6417 6419
f 6545 6417 6421
f 6417 6545 6544
f 6546 6279 6418
f 6545 6421 6547
f 6548 6279 6546
f 6424 6421 6422
f 6549 6424 6550
f 6424 6549 6421
f 6551 6425 6548
f 6548 6425 6279
f 6423 6427 6424
f 6427 6550 6424
f 6552 6549 6550
f 6553 6425 6551
f 6282 6425 6429
f 6553 6429 6425
f 6554 6550 6427
f 6426 6554 6427
f 6554 6426 6555
f 6550 6554 6552
f 6552 6554 6556
f 6554 6555 6556
f 6429 6557 6558
f 6431 6432 6559
f 6431 6555 6426
f 6555 6431 6559
f 6560 6555 6559
f 6560 6556 6555
f 6428 6429 6558
f 6561 6558 6562
f 6288 6428 6558
f 6558 6563 6288
f 6564 6432 6434
f 6432 6565 6559
f 6432 6564 6565
f 6560 6559 6566
f 6559 6565 6566
f 6567 6561 6568
f 6569 6435 6563
f 6439 6435 6569
f 6567 6569 6563
f 6563 6558 6561
f 6567 6563 6561
f 6288 6563 6435
f 6434 6437 6570
f 6564 6434 6570
f 6571 6439 6569
f 6572 6571 6573
f 6571 6569 6567
f 6573 6571 6567
f 6442 6289 6441
f 6442 6441 6574
f 6574 6437 6442
f 6437 6574 6570
f 6575 6570 6574
f 6573 6576 6572
f 6567 6577 6573
f 6573 6577 6576
f 6572 6439 6571
f 6439 6572 6443
f 6574 6441 6445
f 6578 6576 6579
f 6576 6578 6572
f 6578 6580 6572
f 6580 6443 6572
f 6443 6580 6451
f 6447 6448 6450
f 6448 6445 6450
f 6581 6582 6578
f 6583 6451 6580
f 6583 6580 6582
f 6582 6580 6578
f 6451 6446 6443
f 6448 6449 6584
f 6582 6581 6585
f 6583 6582 6586
f 6582 6585 6586
f 6455 6451 6586
f 6586 6451 6583
f 6454 6464 6587
f 6587 6464 6588
f 6587 6588 6589
f 6449 6454 6587
f 6585 6590 6586
f 6591 6586 6590
f 6592 6455 6593
f 6593 6455 6586
f 6455 6592 6594
f 6593 6591 6592
f 6586 6591 6593
f 6456 6455 6594
f 6455 6456 6452
f 6594 6595 6456
f 6595 6457 6456
f 6465 6457 6595
f 6457 6465 6458
f 6466 6596 6467
f 6462 6468 6469
f 6470 6469 6597
f 6470 6588 6464
f 6588 6470 6598
f 6599 6592 6591
f 6600 6592 6599
f 6600 6595 6594
f 6594 6592 6600
f 6601 6602 6595
f 6466 6465 6595
f 6466 6602 6596
f 6466 6595 6602
f 6603 6596 6602
f 6604 6467 6605
f 6596 6605 6467
f 6606 6604 6605
f 6467 6468 6461
f 6468 6467 6604
f 6604 6607 6468
f 6468 6597 6469
f 6607 6597 6468
f 6597 6607 6608
f 6597 6598 6470
f 6609 6610 6611
f 6612 6609 6613
f 6614 6609 6611
f 6614 6613 6609
f 6615 6613 6614
f 6613 6615 6616
f 6613 6616 6617
f 6473 6615 6614
f 6473 6476 6615
f 6618 6615 6476
f 6619 6615 6618
f 6615 6619 6616
f 6474 6478 6620
f 6621 6620 6478
f 6620 6476 6474
f 6622 6620 6621
f 6476 6620 6622
f 6618 6476 6622
f 6614 6611 6623
f 6614 6475 6473
f 6478 6479 6621
f 6479 6483 6624
f 6625 6623 6626
f 6623 6625 6475
f 6614 6623 6475
f 6475 6625 6477
f 6477 6625 6481
f 6479 6346 6483
f 6627 6483 6628
f 6483 6627 6624
f 6628 6483 6482
f 6625 6629 6481
f 6625 6630 6629
f 6625 6626 6630
f 6629 6630 6631
f 6481 6629 6484
f 6494 6490 6492
f 6632 6490 6494
f 6495 6632 6494
f 6632 6495 6631
f 6495 6494 6367
f 6485 6495 6493
f 6485 6629 6495
f 6484 6629 6485
f 6629 6631 6495
f 6633 6486 6372
f 6634 6496 6497
f 6496 6358 6497
f 6497 6488 6635
f 6635 6636 6497
f 6359 6637 6487
f 6487 6637 6488
f 6637 6635 6488
f 6489 6638 6637
f 6359 6489 6637
f 6638 6639 6637
f 6640 6637 6639
f 6639 6638 6641
f 6641 6642 6639
f 6364 6638 6489
f 6362 6641 6364
f 6364 6641 6638
f 6491 6641 6362
f 6633 6372 6374
f 6374 6375 6633
f 6633 6375 6501
f 6643 6633 6644
f 6498 6496 6645
f 6496 6634 6645
f 6646 6498 6645
f 6645 6634 6647
f 6634 6497 6636
f 6634 6636 6647
f 6500 6379 6648
f 6501 6500 6648
f 6648 6649 6501
f 6498 6646 6499
f 6499 6646 6650
f 6651 6646 6645
f 6645 6647 6651
f 6648 6379 6505
f 6507 6648 6505
f 6377 6650 6502
f 6499 6650 6377
f 6652 6502 6650
f 6653 6508 6512
f 6507 6505 6504
f 6654 6507 6508
f 6654 6508 6653
f 6653 6655 6654
f 6656 6654 6655
f 6511 6657 6512
f 6653 6512 6657
f 6511 6658 6657
f 6659 6657 6658
f 6660 6659 6658
f 6659 6660 6661
f 6660 6662 6663
f 6664 6660 6663
f 6660 6664 6661
f 6663 6665 6666
f 6665 6667 6666
f 6666 6664 6663
f 6668 6669 6670
f 6671 6672 6517
f 6672 6669 6517
f 6672 6670 6669
f 6673 6519 6674
f 6519 6673 6671
f 6672 6671 6673
f 6675 6674 6519
f 6676 6673 6674
f 6675 6677 6674
f 6677 6678 6674
f 6679 6674 6678
f 6677 6680 6678
f 6677 6681 6680
f 6682 6506 6503
f 6683 6503 6502
f 6515 6684 6514
f 6684 6658 6514
f 6514 6658 6511
f 6662 6684 6522
f 6684 6660 6658
f 6525 6662 6531
f 6662 6525 6665
f 6684 6662 6660
f 6663 6662 6665
f 6685 6665 6525
f 6686 6667 6685
f 6687 6688 6669
f 6526 6517 6688
f 6669 6688 6517
f 6671 6517 6516
f 6671 6516 6519
f 6675 6519 6518
f 6518 6681 6675
f 6675 6681 6677
f 6506 6528 6520
f 6528 6506 6689
f 6528 6689 6690
f 6518 6691 6681
f 6690 6689 6691
f 6690 6691 6518
f 6681 6691 6680
f 6506 6682 6689
f 6522 6684 6515
f 6662 6522 6531
f 6665 6685 6667
f 6685 6692 6693
f 6686 6685 6693
f 6693 6694 6686
f 6533 6526 6688
f 6690 6399 6527
f 6399 6690 6518
f 6528 6690 6527
f 6685 6525 6532
f 6692 6685 6532
f 6692 6532 6695
f 6696 6695 6532
f 6693 6692 6695
f 6697 6693 6695
f 6698 6533 6688
f 6699 6698 6688
f 6700 6698 6699
f 6535 6696 6532
f 6695 6696 6701
f 6698 6404 6533
f 6698 6410 6404
f 6410 6698 6702
f 6700 6702 6698
f 6696 6535 6538
f 6696 6538 6703
f 6701 6696 6703
f 6704 6410 6702
f 6705 6704 6702
f 6706 6538 6541
f 6703 6538 6706
f 6703 6706 6707
f 6704 6411 6410
f 6708 6704 6709
f 6705 6709 6704
f 6541 6538 6539
f 6710 6711 6541
f 6711 6706 6541
f 6706 6711 6712
f 6708 6543 6411
f 6545 6542 6540
f 6542 6545 6713
f 6541 6542 6710
f 6542 6713 6710
f 6546 6543 6714
f 6708 6714 6543
f 6547 6713 6545
f 6547 6715 6713
f 6710 6713 6711
f 6715 6711 6713
f 6546 6714 6716
f 6543 6546 6418
f 6547 6549 6715
f 6546 6717 6548
f 6716 6717 6546
f 6551 6548 6717
f 6718 6551 6717
f 6549 6547 6421
f 6715 6549 6719
f 6720 6719 6549
f 6721 6719 6720
f 6722 6719 6721
f 6552 6720 6549
f 6720 6552 6721
f 6723 6552 6724
f 6725 6553 6551
f 6556 6724 6552
f 6552 6723 6721
f 6553 6725 6726
f 6726 6557 6553
f 6726 6727 6557
f 6727 6558 6557
f 6562 6727 6728
f 6553 6557 6429
f 6560 6729 6556
f 6556 6729 6724
f 6730 6724 6729
f 6730 6731 6732
f 6731 6730 6729
f 6727 6562 6558
f 6728 6733 6562
f 6565 6734 6566
f 6729 6560 6731
f 6560 6566 6731
f 6566 6735 6731
f 6562 6568 6561
f 6568 6562 6736
f 6733 6736 6562
f 6565 6564 6737
f 6737 6734 6565
f 6738 6737 6739
f 6734 6735 6566
f 6740 6568 6741
f 6736 6733 6741
f 6741 6733 6742
f 6577 6567 6568
f 6741 6568 6736
f 6570 6575 6743
f 6570 6737 6564
f 6570 6743 6737
f 6737 6743 6739
f 6737 6738 6734
f 6740 6744 6577
f 6744 6740 6745
f 6740 6741 6745
f 6577 6568 6740
f 6574 6445 6746
f 6746 6747 6574
f 6574 6747 6575
f 6743 6575 6748
f 6749 6744 6750
f 6750 6744 6745
f 6579 6576 6744
f 6577 6744 6576
f 6746 6445 6448
f 6746 6448 6751
f 6752 6746 6751
f 6753 6579 6749
f 6753 6754 6579
f 6744 6749 6579
f 6578 6579 6754
f 6581 6578 6754
f 6584 6751 6448
f 6753 6749 6755
f 6756 6754 6753
f 6754 6756 6757
f 6755 6756 6753
f 6758 6581 6757
f 6757 6581 6754
f 6758 6585 6581
f 6587 6759 6449
f 6587 6760 6759
f 6760 6587 6589
f 6584 6449 6759
f 6761 6757 6756
f 6761 6756 6762
f 6763 6757 6761
f 6763 6758 6757
f 6590 6585 6758
f 6598 6764 6588
f 6765 6588 6764
f 6588 6765 6589
f 6765 6760 6589
f 6766 6761 6762
f 6767 6758 6763
f 6591 6590 6768
f 6768 6590 6758
f 6767 6768 6758
f 6599 6591 6768
f 6769 6607 6604
f 6769 6604 6606
f 6608 6607 6769
f 6770 6597 6608
f 6597 6770 6598
f 6770 6771 6598
f 6764 6598 6771
f 6772 6599 6768
f 6773 6768 6767
f 6772 6774 6775
f 6775 6600 6599
f 6599 6772 6775
f 6600 6601 6595
f 6600 6775 6601
f 6776 6601 6777
f 6602 6776 6603
f 6596 6603 6605
f 6776 6602 6601
f 6776 6778 6603
f 6778 6776 6779
f 6780 6603 6778
f 6780 6778 6781
f 6603 6780 6605
f 6605 6780 6606
f 6782 6606 6780
f 6781 6782 6780
f 6782 6769 6606
f 6769 6782 6783
f 6783 6782 6784
f 6769 6785 6608
f 6785 6769 6783
f 6786 6608 6785
f 6608 6786 6770
f 6770 6786 6771
f 6777 6601 6775
f 6779 6776 6787
f 6778 6788 6781
f 6788 6778 6779
f 6789 6782 6781
f 6784 6782 6789
f 6790 6789 6781
f 6783 6784 6791
f 6789 6791 6784
f 6792 6783 6791
f 6793 6612 6794
f 6793 6794 6795
f 6617 6612 6613
f 6794 6612 6617
f 6794 6617 6796
f 6797 6610 6798
f 6610 6612 6793
f 6610 6793 6798
f 6793 6795 6798
f 6609 6612 6610
f 6796 6617 6799
f 6800 6796 6799
f 6800 6794 6796
f 6616 6799 6617
f 6616 6619 6801
f 6619 6802 6801
f 6803 6619 6618
f 6804 6618 6622
f 6804 6803 6618
f 6803 6802 6619
f 6803 6805 6802
f 6806 6622 6621
f 6622 6806 6804
f 6611 6797 6807
f 6798 6808 6797
f 6808 6809 6797
f 6797 6611 6610
f 6810 6800 6811
f 6800 6799 6811
f 6611 6807 6623
f 6812 6799 6616
f 6813 6799 6812
f 6811 6799 6813
f 6814 6801 6802
f 6814 6812 6801
f 6812 6616 6801
f 6815 6812 6814
f 6815 6813 6812
f 6813 6815 6816
f 6814 6802 6821
f 6805 6821 6802
f 6822 6814 6821
f 6624 6621 6479
f 6624 6806 6621
f 6827 6828 6807
f 6797 6827 6807
f 6807 6829 6623
f 6807 6828 6829
f 6623 6829 6626
f 6815 6814 6850
f 6850 6814 6851
f 6814 6822 6851
f 6852 6851 6822
f 6853 6815 6850
f 6628 6854 6627
f 6828 6855 6829
f 6626 6829 6855
f 6626 6855 6856
f 6856 6855 6857
f 6630 6856 6631
f 6626 6856 6630
f 6862 6851 6852
f 6851 6862 6850
f 6486 6643 6482
f 6628 6482 6643
f 6863 6854 6643
f 6643 6854 6628
f 6864 6490 6632
f 6865 6490 6864
f 6490 6865 6491
f 6864 6866 6865
f 6856 6867 6631
f 6857 6867 6856
f 6864 6632 6631
f 6867 6864 6631
f 6633 6643 6486
f 6643 6644 6863
f 6868 6640 6639
f 6639 6642 6868
f 6869 6868 6642
f 6865 6642 6641
f 6865 6641 6491
f 6870 6642 6865
f 6501 6644 6633
f 6501 6871 6644
f 6649 6871 6501
f 6872 6636 6635
f 6647 6636 6873
f 6873 6636 6872
f 6635 6637 6872
f 6872 6637 6640
f 6649 6874 6871
f 6649 6648 6874
f 6875 6648 6876
f 6875 6874 6648
f 6877 6878 6879
f 6879 6880 6881
f 6880 6882 6881
f 6883 6884 6885
f 6886 6884 6883
f 6887 6885 6888
f 6889 6887 6888
f 6889 6890 6887
f 6887 6890 6891
f 6887 6891 6885
f 6646 6651 6650
f 6876 6648 6507
f 6876 6507 6654
f 6876 6654 6656
f 6892 6656 6655
f 6876 6656 6892
f 6893 6876 6892
f 6876 6893 6875
f 6892 6655 6653
f 6892 6653 6894
f 6653 6657 6894
f 6894 6657 6659
f 6894 6659 6878
f 6892 6894 6895
f 6894 6896 6895
f 6897 6659 6661
f 6659 6897 6878
f 6896 6894 6878
f 6897 6661 6664
f 6898 6897 6664
f 6878 6897 6879
f 6897 6880 6879
f 6880 6898 6899
f 6897 6898 6880
f 6880 6899 6882
f 6899 6898 6900
f 6899 6900 6901
f 6902 6901 6903
f 6903 6901 6904
f 6905 6903 6906
f 6670 6672 6907
f 6907 6672 6885
f 6908 6907 6884
f 6907 6885 6884
f 6884 6909 6908
f 6908 6909 6910
f 6672 6673 6888
f 6672 6888 6885
f 6673 6676 6911
f 6888 6673 6911
f 6889 6676 6679
f 6889 6679 6912
f 6676 6889 6911
f 6889 6888 6911
f 6912 6890 6889
f 6679 6676 6674
f 6912 6678 6913
f 6678 6912 6679
f 6914 6915 6916
f 6915 6914 6913
f 6913 6678 6915
f 6917 6916 6918
f 6650 6919 6652
f 6651 6919 6650
f 6920 6652 6919
f 6898 6664 6666
f 6900 6666 6667
f 6898 6666 6900
f 6900 6921 6901
f 6901 6921 6904
f 6922 6904 6923
f 6903 6904 6906
f 6904 6922 6906
f 6924 6922 6925
f 6922 6924 6906
f 6670 6926 6668
f 6908 6670 6907
f 6670 6908 6926
f 6926 6910 6927
f 6910 6926 6908
f 6668 6926 6687
f 6687 6926 6927
f 6916 6915 6678
f 6916 6680 6928
f 6689 6929 6691
f 6680 6691 6929
f 6928 6680 6929
f 6918 6916 6928
f 6680 6916 6678
f 6503 6683 6682
f 6689 6682 6930
f 6931 6682 6683
f 6928 6932 6918
f 6652 6683 6502
f 6683 6920 6931
f 6652 6920 6683
f 6921 6686 6694
f 6686 6921 6667
f 6667 6921 6900
f 6921 6923 6904
f 6923 6921 6694
f 6922 6923 6933
f 6922 6934 6925
f 6934 6922 6933
f 6925 6934 6935
f 6687 6669 6668
f 6929 6689 6930
f 6694 6693 6697
f 6694 6697 6923
f 6697 6933 6923
f 6933 6697 6936
f 6933 6936 6934
f 6935 6934 6937
f 6699 6688 6687
f 6695 6942 6697
f 6936 6697 6942
f 6936 6943 6944
f 6936 6937 6934
f 6944 6937 6936
f 6945 6695 6701
f 6695 6945 6942
f 6943 6942 6945
f 6936 6942 6943
f 6946 6945 6947
f 6944 6943 6946
f 6945 6701 6707
f 6707 6701 6703
f 6945 6707 6947
f 6945 6946 6943
f 6946 6947 6948
f 6948 6949 6946
f 6700 6705 6702
f 6705 6700 6950
f 6706 6712 6707
f 6948 6707 6712
f 6947 6707 6948
f 6951 6952 6712
f 6952 6948 6712
f 6704 6708 6411
f 6953 6708 6709
f 6708 6953 6714
f 6951 6712 6711
f 6954 6951 6711
f 6955 6954 6711
f 6954 6952 6951
f 6956 6714 6953
f 6957 6714 6956
f 6715 6955 6711
f 6719 6955 6715
f 6954 6955 6958
f 6957 6716 6714
f 6955 6719 6722
f 6959 6955 6722
f 6955 6959 6958
f 6718 6716 6957
f 6716 6718 6717
f 6960 6718 6957
f 6722 6721 6961
f 6962 6722 6961
f 6722 6962 6959
f 6963 6718 6964
f 6963 6964 6965
f 6718 6725 6551
f 6966 6961 6967
f 6725 6718 6963
f 6965 6968 6969
f 6970 6968 6965
f 6726 6725 6963
f 6963 6965 6969
f 6721 6723 6961
f 6724 6730 6723
f 6723 6967 6961
f 6971 6723 6730
f 6972 6968 6973
f 6969 6968 6972
f 6727 6969 6728
f 6727 6726 6969
f 6963 6969 6726
f 6972 6973 6974
f 6974 6973 6975
f 6976 6975 6977
f 6978 6975 6973
f 6733 6728 6972
f 6974 6733 6972
f 6972 6728 6969
f 6979 6731 6735
f 6731 6979 6732
f 6971 6979 6980
f 6730 6732 6971
f 6979 6971 6732
f 6975 6976 6981
f 6976 6982 6981
f 6733 6974 6742
f 6742 6974 6981
f 6974 6975 6981
f 6738 6983 6734
f 6983 6735 6734
f 6983 6979 6735
f 6984 6982 6976
f 6985 6742 6982
f 6981 6982 6742
f 6738 6739 6986
f 6987 6738 6986
f 6738 6987 6983
f 6988 6985 6984
f 6988 6984 6989
f 6990 6988 6989
f 6745 6741 6988
f 6988 6741 6985
f 6985 6982 6984
f 6741 6742 6985
f 6752 6575 6747
f 6739 6743 6748
f 6748 6991 6739
f 6748 6992 6991
f 6990 6993 6988
f 6750 6988 6994
f 6994 6988 6993
f 6988 6750 6745
f 6746 6752 6747
f 6575 6752 6748
f 6992 6752 6995
f 6996 6997 6993
f 6998 6997 6996
f 6996 6993 6990
f 6994 6997 6755
f 6997 6994 6993
f 6994 6749 6750
f 6994 6755 6749
f 6751 6584 6999
f 7000 6751 6999
f 6751 7000 6752
f 7000 6995 6752
f 7001 6997 6998
f 7002 7001 6998
f 6760 7003 6759
f 6759 7004 6584
f 7005 6759 7003
f 6759 7005 7004
f 6584 7004 6999
f 7001 7002 7006
f 7007 6997 7001
f 7008 7009 7007
f 7008 7007 7006
f 7001 7006 7007
f 7009 6755 7007
f 6755 6997 7007
f 6755 7009 6756
f 6756 7009 6762
f 6760 6765 7010
f 7003 6760 7010
f 7006 7011 7008
f 7008 6762 7009
f 6761 6766 6763
f 7012 7013 6764
f 7013 6765 6764
f 6765 7013 7010
f 6766 6762 7014
f 6762 7015 7014
f 6762 7008 7016
f 7017 6763 6766
f 6763 7017 6767
f 6766 7014 7017
f 6773 6767 7017
f 6768 6773 6772
f 6786 7018 6771
f 6786 7019 7018
f 6771 7018 6764
f 7018 7012 6764
f 7012 7018 7019
f 7020 7017 7014
f 7020 7014 7021
f 7017 7020 6773
f 6772 6773 6774
f 6774 6773 7022
f 7023 6775 6774
f 7022 7023 6774
f 6775 7023 6777
f 7024 6777 7023
f 7024 6787 6777
f 6777 6787 6776
f 7025 6787 7024
f 7026 6787 7025
f 6788 6779 7026
f 6788 6790 6781
f 6783 6792 6785
f 6786 6785 6792
f 6786 6792 7027
f 7027 7019 6786
f 7028 7022 6773
f 7022 7028 7029
f 7029 7023 7022
f 7029 7024 7023
f 7030 7024 7029
f 6787 7026 6779
f 7031 7026 7025
f 7031 7032 7026
f 7032 6790 6788
f 6788 7026 7032
f 6790 7032 6789
f 7031 7033 7032
f 7034 6791 6789
f 7034 6789 7032
f 6791 7034 7035
f 7035 7034 7036
f 7035 6792 6791
f 6792 7035 7027
f 7037 6808 6798
f 6798 7038 7037
f 7039 6794 6800
f 6794 7038 6795
f 6798 6795 7038
f 7039 7038 6794
f 6805 7040 7041
f 6805 6803 7040
f 6804 7040 6803
f 7041 7040 7042
f 7043 6806 6624
f 6804 6806 7044
f 7045 7046 6809
f 6809 6808 7037
f 7045 6809 7037
f 7046 7047 6809
f 7039 7048 7049
f 7048 7039 6810
f 7048 7050 7051
f 7050 7048 6810
f 6811 7052 6810
f 7039 6800 6810
f 6810 7053 7050
f 7052 7053 6810
f 7054 7055 7050
f 7050 7053 7054
f 7056 6811 6813
f 6811 7056 7052
f 6813 7057 7056
f 7054 7052 7056
f 7054 7056 7057
f 7052 7054 7053
f 6821 6805 7041
f 7058 6821 7041
f 7059 7041 7042
f 6821 7058 6822
f 7059 7063 7058
f 6806 7043 7044
f 6624 6627 7069
f 7043 6624 7069
f 6809 7047 6827
f 6827 7070 6828
f 6827 6797 6809
f 7050 7055 7051
f 7055 7054 7071
f 7072 7055 7071
f 7051 7055 7072
f 7057 6813 6816
f 7071 7057 6816
f 7073 7071 6816
f 7071 7054 7057
f 7072 7073 7074
f 7072 7071 7073
f 7075 6815 6853
f 7073 6815 7075
f 6815 7073 6816
f 7058 7076 6822
f 7076 7058 7063
f 6627 6854 7069
f 6828 7070 6855
f 6855 7070 7077
f 7078 7070 7079
f 7070 6827 7079
f 6827 7047 7079
f 6857 6855 7077
f 7074 7073 7075
f 7120 6853 7121
f 7120 7075 6853
f 7121 6850 6862
f 7121 6853 6850
f 6822 7076 6852
f 7076 7122 6852
f 7122 7123 6852
f 6863 7124 6854
f 7077 6867 6857
f 7077 7125 6867
f 6867 6866 6864
f 6866 6867 7125
f 7121 6862 7137
f 7138 7121 7137
f 7139 7140 7137
f 7138 7120 7121
f 7138 7137 7140
f 7137 6862 7139
f 6852 7139 6862
f 6852 7123 7139
f 7141 7140 7139
f 6644 6871 7142
f 6863 6644 7142
f 7143 7144 6874
f 7145 7146 7147
f 7145 7147 7148
f 7149 7146 7150
f 7147 7146 7149
f 7151 7150 7152
f 7153 7154 7151
f 6868 6869 7155
f 6642 6870 6869
f 6866 6869 6870
f 6866 6870 6865
f 7156 6869 6866
f 6874 7144 6871
f 7144 7142 6871
f 6893 7157 7158
f 7157 7159 7158
f 7160 7161 7162
f 7160 7162 7159
f 7163 7162 7161
f 7164 7161 7165
f 6877 7165 7161
f 7166 7165 6877
f 7167 7165 7166
f 7145 7167 7166
f 7145 7166 7168
f 7146 7168 7169
f 7145 7168 7146
f 7146 7169 7152
f 7146 7152 7150
f 6902 7170 7153
f 6902 7153 7152
f 7153 7151 7152
f 7171 7154 7170
f 7153 7170 7154
f 7171 7172 7173
f 7171 7170 7172
f 7171 7173 7174
f 6885 6891 7175
f 7176 7177 7175
f 7177 7176 7178
f 6891 7179 7175
f 7179 7180 7175
f 7175 7180 7181
f 7176 7175 7181
f 7182 7180 7183
f 6640 7184 6872
f 6873 6872 7184
f 6868 7155 6640
f 6640 7155 7184
f 7143 6874 6875
f 7158 7143 6875
f 6875 6893 7158
f 6895 7157 6893
f 6895 7160 7157
f 7160 7159 7157
f 6896 7160 6895
f 7161 6896 6877
f 6896 7161 7160
f 6878 6877 6896
f 6881 6877 6879
f 7169 6881 6882
f 6877 6881 7166
f 7168 7166 6881
f 7168 6881 7169
f 6902 7169 6882
f 7152 7169 6902
f 6902 6882 6899
f 7170 6902 7172
f 6901 6902 6899
f 6902 6903 7172
f 6903 6905 7172
f 7173 7172 6905
f 7173 6905 7174
f 6905 7185 7174
f 7186 7174 7185
f 7186 7185 7187
f 7185 7188 7187
f 6909 6884 6886
f 6883 6885 7175
f 6883 7177 6886
f 7175 7177 6883
f 6886 7177 7189
f 7189 7177 7178
f 6890 6912 7190
f 6890 7179 6891
f 6890 7190 7179
f 7190 7191 7180
f 7190 7180 7179
f 7192 6886 7189
f 7191 6912 6913
f 6912 7191 7190
f 7193 7191 6913
f 7193 7183 7191
f 7191 7183 7180
f 7194 7193 6913
f 7195 7193 7194
f 7196 7195 7194
f 6651 7197 7198
f 6651 6647 7197
f 6647 6873 7197
f 6873 7184 7197
f 7184 7199 7197
f 6892 6895 6893
f 6905 6906 6924
f 7200 6905 6924
f 7185 6905 7200
f 7200 7188 7185
f 7187 7188 7201
f 7202 6910 6909
f 6909 6886 7202
f 7202 6886 7192
f 7192 7189 7203
f 7189 7204 7203
f 6917 7196 6914
f 6914 7196 7194
f 6913 6914 7194
f 6916 6917 6914
f 7209 6917 6918
f 6917 7210 7195
f 7196 6917 7195
f 6918 6932 7209
f 6917 7209 7210
f 7211 7212 6932
f 7209 6932 7212
f 7211 7213 7212
f 7209 7212 7214
f 7209 7214 7210
f 7215 6919 7216
f 6651 7198 6919
f 7216 6919 7198
f 6924 6925 7217
f 7200 6924 7217
f 7188 7200 7217
f 7217 7201 7188
f 7201 7217 7218
f 7218 7219 7201
f 7220 7221 7222
f 7220 6927 7221
f 6927 6910 7221
f 6910 7202 7221
f 7202 7203 7221
f 7192 7203 7202
f 7223 7221 7224
f 7224 7221 7203
f 7224 7225 7226
f 7224 7203 7225
f 6929 6930 7211
f 6928 6929 7211
f 6932 6928 7211
f 6682 7227 6930
f 6682 6931 7227
f 7211 6930 7227
f 7213 7211 7227
f 7228 7227 6931
f 6931 6920 7228
f 7227 7228 7229
f 7230 7217 6925
f 7217 7230 7218
f 6687 6927 7231
f 7232 6687 7231
f 7220 7231 6927
f 7222 7223 7233
f 7221 7223 7222
f 7231 7220 7222
f 7231 7222 7233
f 7233 7234 7231
f 7235 7233 7223
f 7223 7226 7235
f 7223 7224 7226
f 7236 7226 7237
f 6925 6935 7230
f 7230 6935 7238
f 7239 7238 6935
f 7238 7218 7230
f 7232 7240 6687
f 7241 7235 7242
f 7235 7241 7233
f 7241 7234 7233
f 7243 7234 7241
f 7236 7242 7235
f 7226 7236 7235
f 7244 7236 7237
f 7244 7245 7236
f 6935 6937 7239
f 6944 7239 6937
f 7246 7238 7239
f 7240 7247 6699
f 7248 7247 7249
f 7248 6700 6699
f 7240 6699 6687
f 7247 7248 6699
f 7245 7242 7236
f 7242 7245 7258
f 7259 7258 7245
f 7260 7242 7258
f 7260 7241 7242
f 7260 7258 7259
f 7244 7261 7245
f 7261 7262 7245
f 7245 7262 7259
f 6944 6946 7263
f 7239 6944 7263
f 7263 7264 7239
f 7239 7264 7246
f 6700 7248 7249
f 7263 6946 6949
f 7265 7263 6949
f 7264 7263 7265
f 6700 7249 6950
f 6948 6952 6949
f 6952 7266 6949
f 7266 6952 7267
f 6949 7266 7265
f 7266 7267 7268
f 7269 6705 6950
f 6705 7269 6709
f 6954 7267 6952
f 6709 7269 6953
f 6953 7269 6956
f 7270 6956 7269
f 7267 6954 7271
f 7272 7271 6954
f 7270 6957 6956
f 6958 7272 6954
f 7271 7272 7273
f 7274 6960 6957
f 7270 7274 6957
f 7272 6958 7275
f 7275 7276 7272
f 7276 7275 7277
f 7272 7276 7273
f 7278 6960 7279
f 7280 6958 6959
f 6962 7280 6959
f 7280 7275 6958
f 7277 7280 7281
f 7282 7283 6970
f 6964 6970 6965
f 6964 6718 6960
f 6964 6960 7278
f 7278 6970 6964
f 7278 7282 6970
f 6961 6966 6962
f 6962 6966 7284
f 7280 6962 7281
f 7284 7281 6962
f 7280 7277 7275
f 6970 7285 6968
f 7283 7285 6970
f 6978 7285 7283
f 7286 7284 6966
f 7287 6978 7288
f 7285 6973 6968
f 6978 6973 7285
f 6975 6978 6977
f 6723 6971 6967
f 6971 7286 6967
f 6967 7286 6966
f 6978 7287 6977
f 7287 7288 7289
f 7290 7286 6971
f 6971 6980 7290
f 7287 7291 7292
f 7293 7292 7291
f 7291 7294 7295
f 7291 7295 7293
f 7291 7289 7296
f 6976 7287 7292
f 7291 7287 7289
f 6977 7287 6976
f 7297 6979 6983
f 6980 6979 7297
f 7298 6980 7297
f 7299 7295 7300
f 6984 7292 7293
f 6984 6976 7292
f 7301 6986 7302
f 6983 6987 7297
f 7299 6989 7293
f 7293 7295 7299
f 6989 6984 7293
f 7302 6739 6991
f 6739 7302 6986
f 7303 7299 7304
f 7305 7303 7304
f 7306 7303 7305
f 7303 6989 7299
f 7307 6989 7303
f 7306 7307 7303
f 7307 6990 6989
f 6990 7307 6996
f 6991 7308 7302
f 7308 6991 6992
f 7309 7310 7306
f 7306 7305 7311
f 7306 7311 7309
f 7310 7307 7306
f 7312 7307 7310
f 7313 6995 7314
f 6752 6992 6748
f 7315 6992 7313
f 7309 7316 7317
f 7309 7312 7310
f 7309 7318 7312
f 6998 6996 7312
f 7002 6998 7312
f 7307 7312 6996
f 7005 6999 7004
f 6999 7319 7000
f 6995 7000 7314
f 7314 7000 7319
f 7317 7318 7309
f 7320 7317 7316
f 7321 7318 7317
f 7318 7321 7322
f 7312 7322 7002
f 7322 7312 7318
f 7002 7011 7006
f 7323 7005 7003
f 7324 7005 7323
f 7319 7005 7324
f 7005 7319 6999
f 7321 7317 7325
f 7326 7322 7321
f 7327 7326 7321
f 7002 7322 7011
f 7322 7326 7011
f 7016 7008 7011
f 7013 7328 7010
f 7003 7010 7323
f 7328 7323 7010
f 7329 7326 7327
f 7321 7325 7327
f 7330 7329 7327
f 7329 7011 7326
f 7329 7330 7331
f 7331 7011 7329
f 7016 7011 7331
f 7331 7015 7016
f 6762 7016 7015
f 7019 7332 7012
f 7333 7012 7332
f 7012 7333 7013
f 7328 7013 7333
f 7334 7331 7330
f 7331 7335 7336
f 7331 7334 7335
f 7015 7331 7336
f 7337 7336 7335
f 7014 7015 7338
f 7021 7014 7338
f 7015 7336 7338
f 7027 7339 7019
f 7340 7019 7339
f 7332 7019 7340
f 7337 7341 7336
f 7341 7338 7336
f 7342 7338 7341
f 7338 7342 7021
f 7021 7342 7343
f 7344 7343 7342
f 7021 7343 7020
f 7020 7343 7345
f 7343 7344 7345
f 6773 7020 7345
f 7028 6773 7345
f 7346 7028 7345
f 7347 7028 7346
f 7347 7029 7028
f 7347 7030 7029
f 7348 7025 7024
f 7348 7024 7030
f 7031 7025 7348
f 7027 7035 7349
f 7339 7027 7349
f 7340 7339 7350
f 7351 7342 7341
f 7346 7344 7352
f 7352 7344 7342
f 7346 7345 7344
f 7353 7347 7346
f 7354 7355 7347
f 7355 7030 7347
f 7355 7356 7030
f 7348 7030 7356
f 7357 7348 7356
f 7358 7031 7357
f 7357 7031 7348
f 7031 7358 7033
f 7032 7033 7034
f 7034 7033 7036
f 7359 7036 7033
f 7360 7359 7361
f 7359 7033 7362
f 7359 7360 7036
f 7036 7360 7035
f 7360 7349 7035
f 7350 7349 7363
f 6804 7044 7364
f 7040 7365 7042
f 6804 7365 7040
f 7364 7365 6804
f 7366 7045 7037
f 7038 7367 7037
f 7368 7045 7366
f 7037 7367 7366
f 7367 7038 7049
f 7369 7367 7049
f 7366 7367 7370
f 7367 7369 7370
f 7368 7366 7371
f 7366 7370 7371
f 7369 7372 7370
f 7048 7373 7049
f 7039 7049 7038
f 7373 7374 7369
f 7373 7369 7049
f 7373 7051 7375
f 7373 7048 7051
f 7041 7059 7058
f 7059 7042 7376
f 7376 7042 7377
f 7390 7043 7069
f 7069 7391 7390
f 7045 7368 7046
f 7392 7046 7368
f 7079 7047 7392
f 7047 7046 7392
f 7375 7374 7373
f 7393 7374 7375
f 7374 7372 7369
f 7375 7051 7072
f 7393 7375 7072
f 7393 7072 7394
f 7063 7395 7076
f 7376 7395 7063
f 7376 7063 7059
f 7396 7395 7376
f 7397 6854 7124
f 6854 7391 7069
f 6854 7397 7391
f 7397 7124 7398
f 7399 7400 7401
f 7399 7402 7400
f 7401 7403 7399
f 7404 7403 7401
f 7403 7404 7405
f 7403 7405 7406
f 7407 7408 7409
f 7410 7392 7368
f 7410 7079 7392
f 7079 7410 7411
f 7411 7410 7412
f 7078 7079 7411
f 7394 7072 7074
f 7394 7413 7393
f 7414 7413 7394
f 7415 7074 7075
f 7394 7074 7415
f 7415 7414 7394
f 7416 7075 7120
f 7075 7416 7415
f 7122 7417 7123
f 7076 7395 7122
f 7122 7396 7417
f 7122 7395 7396
f 7417 7396 7418
f 7124 6863 7398
f 7419 7420 7421
f 7420 7398 7421
f 7164 7422 7423
f 7422 7164 7424
f 7425 7423 7426
f 7427 7424 7164
f 7428 7422 7424
f 7429 7148 7430
f 7148 7429 7427
f 7430 7148 7147
f 7431 7430 7400
f 7147 7149 7430
f 7400 7430 7149
f 7400 7149 7401
f 7401 7149 7150
f 7432 7401 7150
f 7405 7432 7433
f 7401 7432 7404
f 7405 7433 7407
f 7432 7405 7404
f 7409 7405 7407
f 7408 7407 7434
f 7408 7434 7435
f 7408 7435 7436
f 7070 7078 7077
f 7077 7078 7437
f 7437 7125 7077
f 7125 7437 7156
f 7120 7451 7416
f 7416 7451 7452
f 7416 7452 7415
f 7138 7140 7451
f 7138 7451 7120
f 7141 7453 7140
f 7454 7451 7140
f 7455 7453 7141
f 7453 7454 7140
f 7453 7456 7454
f 7123 7141 7139
f 7123 7417 7141
f 7417 7455 7141
f 7417 7457 7455
f 7421 7142 7144
f 6863 7142 7398
f 7142 7421 7398
f 7419 7421 7458
f 7144 7143 7458
f 7144 7458 7421
f 7459 7458 7460
f 7458 7459 7419
f 7419 7459 7461
f 7462 7463 7159
f 7459 7460 7463
f 7461 7459 7463
f 7462 7461 7463
f 7464 7461 7462
f 7462 7159 7465
f 7465 7464 7462
f 7163 7465 7162
f 7425 7465 7163
f 7425 7464 7465
f 7163 7423 7425
f 7164 7423 7163
f 7164 7163 7161
f 7164 7165 7167
f 7427 7164 7167
f 7145 7148 7167
f 7427 7167 7148
f 7151 7432 7150
f 7154 7433 7151
f 7432 7151 7433
f 7154 7171 7466
f 7407 7466 7434
f 7433 7154 7407
f 7407 7154 7466
f 7186 7467 7434
f 7467 7186 7468
f 7435 7434 7467
f 7469 7435 7467
f 7469 7468 7470
f 7467 7468 7469
f 7471 7182 7472
f 7182 7471 7473
f 7182 7473 7181
f 7178 7474 7475
f 7474 7176 7181
f 7181 7473 7474
f 6869 7476 7155
f 7156 7476 6869
f 7155 7476 7477
f 7156 7478 7476
f 7125 7156 6866
f 7460 7143 7158
f 7458 7143 7460
f 7463 7460 7158
f 7159 7463 7158
f 7465 7159 7162
f 7171 7174 7466
f 7466 7174 7186
f 7466 7186 7434
f 7468 7186 7187
f 7470 7187 7479
f 7468 7187 7470
f 7474 7178 7176
f 7480 7193 7472
f 7193 7480 7183
f 7183 7480 7182
f 7182 7181 7180
f 7480 7472 7182
f 7481 7178 7482
f 7482 7178 7475
f 7483 7481 7484
f 7481 7482 7484
f 7485 7484 7482
f 7475 7485 7482
f 7193 7489 7472
f 7489 7471 7472
f 7495 7184 7155
f 7184 7495 7199
f 7496 7495 7155
f 7496 7155 7477
f 7187 7497 7479
f 7498 7479 7497
f 7189 7178 7204
f 7481 7204 7178
f 7483 7204 7481
f 7195 7489 7193
f 7204 7483 7499
f 7195 7210 7500
f 7195 7500 7501
f 7195 7501 7489
f 7210 7214 7500
f 7216 7198 7197
f 7199 7216 7197
f 7187 7201 7497
f 7502 7497 7201
f 7502 7503 7497
f 7204 7225 7203
f 7225 7204 7504
f 7204 7499 7504
f 7499 7505 7504
f 7506 7507 7505
f 7213 7508 7212
f 7508 7509 7212
f 7214 7212 7509
f 6919 7215 6920
f 7215 7510 6920
f 7502 7201 7219
f 7219 7511 7502
f 7502 7511 7503
f 7226 7225 7512
f 7512 7225 7504
f 7505 7512 7504
f 7512 7505 7513
f 7513 7505 7507
f 7513 7507 7514
f 7213 7227 7229
f 7229 7508 7213
f 6920 7510 7228
f 7228 7510 7229
f 7218 7515 7219
f 7515 7511 7219
f 7513 7237 7512
f 7237 7226 7512
f 7237 7513 7244
f 7516 7244 7517
f 7244 7513 7517
f 7518 7517 7514
f 7513 7514 7517
f 7246 7519 7238
f 7218 7238 7519
f 7519 7515 7218
f 7520 7519 7521
f 7519 7520 7515
f 7232 7522 7240
f 7231 7522 7232
f 7231 7523 7522
f 7243 7231 7234
f 7231 7243 7523
f 7516 7261 7244
f 7524 7516 7517
f 7525 7516 7524
f 7526 7525 7524
f 7526 7524 7518
f 7518 7524 7517
f 7246 7527 7519
f 7519 7527 7521
f 7527 7246 7528
f 7247 7240 7522
f 7243 7241 7529
f 7530 7523 7243
f 7530 7243 7529
f 7260 7529 7241
f 7516 7525 7261
f 7262 7261 7525
f 7531 7262 7525
f 7246 7264 7528
f 7528 7264 7532
f 7533 7528 7534
f 7532 7534 7528
f 7535 7247 7536
f 7247 7535 7249
f 7530 7529 7541
f 7542 7529 7260
f 7260 7543 7542
f 7543 7260 7259
f 7542 7541 7529
f 7544 7543 7259
f 7262 7544 7259
f 7531 7544 7262
f 7265 7532 7264
f 7535 6950 7249
f 6950 7535 7545
f 7266 7268 7265
f 7268 7532 7265
f 7546 7268 7547
f 7548 7532 7268
f 7545 7549 6950
f 7268 7267 7547
f 7267 7271 7547
f 7550 7547 7271
f 7268 7546 7548
f 7548 7546 7551
f 7269 7549 7270
f 7549 7269 6950
f 7547 7550 7546
f 7552 7546 7550
f 7553 7270 7549
f 7554 7271 7273
f 7271 7554 7550
f 7553 7274 7270
f 7555 7274 7553
f 7276 7554 7273
f 7554 7276 7556
f 7557 7558 7559
f 6960 7555 7279
f 6960 7274 7555
f 7560 7279 7555
f 7279 7560 7558
f 7276 7277 7556
f 7277 7561 7556
f 7554 7556 7562
f 7556 7561 7562
f 7557 7563 7558
f 7279 7282 7278
f 7282 7563 7283
f 7558 7282 7279
f 7282 7558 7563
f 7277 7281 7564
f 7561 7564 7565
f 7564 7561 7277
f 7557 7566 7288
f 7559 7566 7557
f 7283 7563 6978
f 7288 7563 7557
f 7563 7288 6978
f 7284 7564 7281
f 7564 7284 7565
f 7567 7566 7568
f 7566 7567 7289
f 7289 7288 7566
f 7284 7286 7569
f 7284 7569 7565
f 7289 7567 7296
f 7567 7294 7296
f 7286 7290 7570
f 7569 7286 7570
f 7570 7290 7571
f 7569 7570 7572
f 7573 7295 7294
f 7574 7294 7567
f 7296 7294 7291
f 7290 7298 7575
f 6980 7298 7290
f 7576 7300 7577
f 7573 7577 7300
f 7300 7295 7573
f 7297 6987 7578
f 7298 7297 7578
f 7298 7578 7579
f 7576 7580 7300
f 7299 7300 7304
f 7300 7580 7304
f 6986 7301 6987
f 6987 7301 7578
f 7580 7581 7582
f 7581 7580 7583
f 7305 7304 7582
f 7580 7582 7304
f 7302 7308 7584
f 7301 7302 7584
f 7311 7581 7585
f 7581 7311 7582
f 7311 7305 7582
f 6995 7313 6992
f 6992 7315 7308
f 7585 7586 7311
f 7586 7585 7587
f 7586 7316 7309
f 7311 7586 7309
f 7588 7314 7319
f 7588 7313 7314
f 7587 7585 7589
f 7590 7586 7587
f 7590 7587 7591
f 7586 7590 7316
f 7320 7316 7590
f 7324 7592 7319
f 7592 7324 7593
f 7594 7319 7592
f 7595 7590 7591
f 7596 7320 7590
f 7596 7590 7595
f 7317 7320 7325
f 7597 7323 7328
f 7323 7597 7324
f 7593 7324 7597
f 7598 7328 7599
f 7600 7596 7595
f 7596 7601 7320
f 7325 7320 7601
f 7327 7325 7601
f 7602 7333 7332
f 7328 7333 7599
f 7599 7333 7603
f 7330 7601 7604
f 7601 7330 7327
f 7332 7340 7602
f 7333 7602 7603
f 7605 7604 7601
f 7606 7330 7604
f 7607 7334 7606
f 7334 7330 7606
f 7334 7607 7335
f 7337 7335 7607
f 7340 7350 7608
f 7609 7340 7608
f 7340 7609 7602
f 7607 7610 7337
f 7351 7341 7337
f 7610 7351 7337
f 7342 7351 7352
f 7346 7352 7353
f 7347 7353 7354
f 7363 7349 7360
f 7611 7360 7361
f 7363 7360 7611
f 7349 7350 7339
f 7608 7363 7612
f 7363 7608 7350
f 7613 7353 7352
f 7613 7614 7353
f 7353 7614 7615
f 7354 7353 7615
f 7355 7354 7616
f 7617 7616 7354
f 7356 7355 7616
f 7618 7357 7356
f 7618 7356 7616
f 7618 7358 7357
f 7619 7358 7618
f 7619 7620 7362
f 7619 7362 7358
f 7621 7362 7620
f 7358 7362 7033
f 7359 7622 7623
f 7622 7359 7362
f 7359 7623 7361
f 7365 7377 7042
f 7044 7043 7624
f 7624 7364 7044
f 7365 7364 7625
f 7624 7625 7364
f 7626 7377 7365
f 7625 7626 7365
f 7390 7624 7043
f 7627 7624 7390
f 7628 7627 7390
f 7629 7630 7631
f 7632 7630 7629
f 7633 7632 7634
f 7634 7635 7633
f 7636 7634 7637
f 7634 7636 7635
f 7638 7639 7635
f 7370 7372 7640
f 7641 7371 7370
f 7641 7370 7642
f 7370 7640 7642
f 7643 7644 7376
f 7376 7377 7643
f 7626 7643 7377
f 7390 7391 7628
f 7643 7652 7644
f 7391 7654 7628
f 7654 7391 7397
f 7431 7631 7658
f 7431 7402 7631
f 7402 7399 7659
f 7629 7402 7659
f 7632 7629 7659
f 7402 7629 7631
f 7403 7632 7659
f 7406 7405 7409
f 7632 7403 7406
f 7634 7406 7637
f 7634 7632 7406
f 7406 7409 7637
f 7409 7636 7637
f 7638 7635 7636
f 7660 7638 7636
f 7638 7661 7639
f 7638 7662 7661
f 7661 7662 7663
f 7368 7371 7664
f 7664 7371 7641
f 7410 7664 7665
f 7664 7666 7665
f 7374 7667 7372
f 7667 7668 7372
f 7372 7668 7640
f 7393 7413 7667
f 7374 7393 7667
f 7644 7396 7376
f 7396 7644 7669
f 7669 7670 7396
f 7669 7671 7670
f 7397 7398 7420
f 7672 7397 7420
f 7673 7674 7426
f 7422 7673 7426
f 7422 7675 7673
f 7422 7428 7676
f 7676 7428 7424
f 7427 7676 7424
f 7676 7427 7429
f 7429 7677 7676
f 7676 7675 7422
f 7678 7676 7677
f 7679 7429 7431
f 7431 7429 7430
f 7402 7431 7400
f 7659 7399 7403
f 7409 7408 7660
f 7638 7660 7662
f 7409 7660 7636
f 7408 7436 7662
f 7662 7660 7408
f 7662 7436 7663
f 7680 7681 7682
f 7661 7663 7680
f 7681 7680 7663
f 7664 7410 7368
f 7412 7410 7665
f 7414 7683 7413
f 7683 7667 7413
f 7684 7667 7683
f 7414 7685 7683
f 7396 7670 7418
f 7418 7670 7686
f 7670 7687 7686
f 7420 7419 7688
f 7461 7464 7689
f 7689 7419 7461
f 7419 7689 7690
f 7425 7689 7464
f 7426 7689 7425
f 7689 7426 7674
f 7423 7422 7426
f 7469 7681 7435
f 7469 7691 7681
f 7681 7436 7435
f 7681 7663 7436
f 7682 7681 7691
f 7692 7691 7693
f 7693 7694 7692
f 7691 7692 7682
f 7078 7412 7695
f 7412 7696 7695
f 7412 7078 7411
f 7078 7695 7437
f 7452 7414 7415
f 7697 7698 7452
f 7697 7452 7451
f 7414 7452 7698
f 7698 7685 7414
f 7697 7451 7454
f 7699 7454 7456
f 7454 7699 7697
f 7456 7700 7701
f 7701 7699 7456
f 7700 7453 7455
f 7453 7700 7456
f 7702 7455 7457
f 7702 7700 7455
f 7703 7701 7700
f 7703 7700 7702
f 7704 7701 7703
f 7418 7457 7417
f 7457 7418 7686
f 7686 7702 7457
f 7469 7470 7691
f 7479 7693 7470
f 7691 7470 7693
f 7693 7479 7705
f 7706 7693 7705
f 7475 7474 7707
f 7473 7708 7474
f 7474 7708 7707
f 7709 7473 7471
f 7708 7473 7709
f 7710 7471 7711
f 7710 7709 7471
f 7712 7475 7707
f 7713 7712 7707
f 7707 7708 7713
f 7477 7476 7478
f 7478 7156 7437
f 7478 7437 7714
f 7714 7437 7695
f 7715 7477 7478
f 7478 7716 7715
f 7714 7716 7478
f 7716 7714 7717
f 7696 7714 7695
f 7498 7705 7479
f 7483 7484 7485
f 7718 7485 7712
f 7712 7485 7475
f 7712 7719 7718
f 7485 7718 7483
f 7711 7489 7501
f 7489 7711 7471
f 7711 7501 7720
f 7711 7720 7721
f 7477 7715 7496
f 7499 7483 7718
f 7718 7722 7499
f 7718 7719 7722
f 7506 7722 7723
f 7719 7723 7722
f 7501 7500 7720
f 7500 7214 7720
f 7214 7509 7724
f 7720 7214 7724
f 7725 7216 7199
f 7495 7726 7199
f 7726 7725 7199
f 7727 7495 7496
f 7498 7497 7503
f 7503 7728 7498
f 7498 7728 7729
f 7498 7729 7705
f 7729 7730 7705
f 7731 7732 7729
f 7722 7506 7499
f 7506 7505 7499
f 7733 7509 7508
f 7734 7508 7229
f 7734 7229 7735
f 7508 7734 7733
f 7736 7510 7737
f 7510 7215 7737
f 7216 7725 7215
f 7215 7725 7737
f 7725 7738 7737
f 7511 7728 7503
f 7728 7511 7731
f 7729 7728 7731
f 7506 7514 7507
f 7514 7506 7739
f 7514 7739 7740
f 7229 7510 7735
f 7515 7741 7511
f 7731 7511 7741
f 7742 7731 7741
f 7743 7526 7518
f 7514 7740 7518
f 7518 7740 7743
f 7741 7515 7520
f 7742 7741 7520
f 7525 7526 7744
f 7526 7743 7744
f 7533 7745 7521
f 7520 7521 7745
f 7745 7746 7520
f 7522 7747 7247
f 7522 7523 7748
f 7522 7748 7747
f 7749 7750 7744
f 7525 7744 7531
f 7744 7750 7531
f 7521 7527 7533
f 7528 7533 7527
f 7745 7533 7751
f 7534 7751 7533
f 7751 7752 7745
f 7752 7751 7753
f 7747 7536 7247
f 7748 7523 7754
f 7523 7530 7754
f 7754 7530 7541
f 7754 7541 7755
f 7543 7756 7542
f 7542 7756 7541
f 7757 7758 7544
f 7531 7750 7544
f 7544 7758 7543
f 7749 7757 7750
f 7757 7544 7750
f 7532 7548 7534
f 7759 7534 7760
f 7534 7548 7760
f 7534 7759 7751
f 7535 7536 7545
f 7755 7761 7754
f 7543 7758 7756
f 7755 7541 7756
f 7758 7762 7756
f 7548 7551 7760
f 7763 7760 7551
f 7545 7764 7765
f 7766 7545 7536
f 7765 7549 7545
f 7552 7551 7546
f 7767 7763 7551
f 7551 7552 7767
f 7768 7549 7765
f 7768 7553 7549
f 7769 7550 7554
f 7550 7769 7552
f 7769 7554 7770
f 7769 7771 7552
f 7769 7770 7771
f 7772 7773 7774
f 7553 7560 7555
f 7560 7553 7775
f 7560 7775 7558
f 7775 7774 7558
f 7775 7772 7774
f 7554 7776 7770
f 7770 7776 7777
f 7559 7773 7778
f 7773 7559 7774
f 7558 7774 7559
f 7562 7561 7779
f 7562 7776 7554
f 7779 7776 7562
f 7566 7778 7568
f 7780 7568 7778
f 7778 7566 7559
f 7561 7565 7781
f 7781 7779 7561
f 7776 7779 7782
f 7780 7783 7784
f 7780 7784 7568
f 7565 7785 7781
f 7786 7781 7785
f 7574 7567 7787
f 7784 7567 7568
f 7787 7567 7784
f 7565 7569 7788
f 7565 7788 7785
f 7294 7574 7573
f 7572 7570 7571
f 7569 7572 7788
f 7788 7572 7789
f 7790 7791 7792
f 7790 7792 7793
f 7574 7577 7573
f 7577 7791 7790
f 7577 7574 7791
f 7290 7575 7571
f 7794 7575 7795
f 7572 7571 7794
f 7575 7794 7571
f 7794 7789 7572
f 7790 7793 7796
f 7796 7793 7797
f 7576 7790 7796
f 7790 7576 7577
f 7575 7298 7579
f 7795 7579 7798
f 7795 7575 7579
f 7583 7799 7800
f 7580 7576 7796
f 7796 7583 7580
f 7796 7797 7583
f 7578 7301 7801
f 7801 7301 7802
f 7579 7578 7801
f 7800 7803 7804
f 7804 7581 7583
f 7799 7583 7797
f 7583 7800 7804
f 7584 7805 7802
f 7805 7584 7308
f 7584 7802 7301
f 7806 7804 7803
f 7807 7803 7808
f 7806 7581 7804
f 7805 7308 7315
f 7809 7810 7315
f 7803 7807 7806
f 7811 7807 7808
f 7812 7585 7806
f 7806 7585 7581
f 7589 7812 7806
f 7589 7806 7807
f 7812 7589 7585
f 7809 7588 7594
f 7588 7809 7313
f 7313 7809 7315
f 7810 7809 7813
f 7811 7814 7815
f 7811 7816 7589
f 7816 7811 7815
f 7589 7807 7811
f 7587 7589 7816
f 7591 7587 7816
f 7817 7592 7593
f 7319 7594 7588
f 7815 7818 7819
f 7819 7820 7815
f 7591 7816 7821
f 7820 7816 7815
f 7816 7820 7821
f 7822 7595 7591
f 7591 7821 7822
f 7823 7597 7598
f 7328 7598 7597
f 7592 7817 7594
f 7597 7823 7593
f 7823 7817 7593
f 7824 7822 7821
f 7821 7820 7824
f 7819 7825 7820
f 7595 7822 7600
f 7822 7824 7600
f 7824 7826 7600
f 7825 7824 7820
f 7826 7824 7827
f 7828 7596 7600
f 7828 7600 7829
f 7600 7826 7829
f 7830 7601 7596
f 7596 7828 7830
f 7829 7830 7828
f 7831 7603 7602
f 7832 7831 7602
f 7599 7603 7833
f 7826 7834 7829
f 7829 7835 7605
f 7605 7601 7830
f 7605 7830 7829
f 7836 7605 7835
f 7604 7605 7836
f 7836 7606 7604
f 7602 7609 7832
f 7837 7829 7834
f 7829 7837 7835
f 7836 7835 7837
f 7607 7606 7836
f 7838 7607 7836
f 7839 7838 7836
f 7840 7607 7838
f 7838 7839 7840
f 7607 7840 7610
f 7612 7363 7611
f 7841 7608 7612
f 7841 7612 7842
f 7841 7609 7608
f 7843 7840 7839
f 7840 7844 7610
f 7840 7843 7844
f 7845 7610 7844
f 7610 7845 7351
f 7844 7846 7845
f 7846 7847 7845
f 7848 7849 7352
f 7351 7848 7352
f 7848 7351 7845
f 7613 7849 7850
f 7851 7852 7623
f 7851 7623 7622
f 7623 7852 7361
f 7611 7361 7852
f 7853 7852 7854
f 7612 7611 7853
f 7848 7845 7847
f 7849 7848 7850
f 7849 7613 7352
f 7613 7850 7614
f 7614 7855 7856
f 7617 7615 7856
f 7856 7615 7614
f 7615 7617 7354
f 7617 7857 7616
f 7618 7616 7857
f 7858 7618 7857
f 7859 7858 7860
f 7619 7618 7858
f 7620 7619 7858
f 7621 7620 7861
f 7362 7621 7622
f 7862 7617 7856
f 7862 7856 7863
f 7617 7860 7857
f 7860 7617 7862
f 7860 7858 7857
f 7858 7859 7620
f 7633 7864 7865
f 7866 7867 7868
f 7867 7632 7868
f 7868 7632 7633
f 7868 7633 7865
f 7633 7869 7870
f 7864 7633 7870
f 7869 7871 7872
f 7872 7871 7873
f 7873 7871 7874
f 7627 7625 7624
f 7626 7875 7876
f 7627 7628 7877
f 7875 7625 7627
f 7875 7626 7625
f 7875 7878 7876
f 7877 7628 7879
f 7880 7658 7881
f 7882 7658 7631
f 7883 7658 7882
f 7883 7881 7658
f 7882 7631 7630
f 7630 7867 7882
f 7630 7632 7867
f 7869 7633 7635
f 7869 7639 7871
f 7639 7869 7635
f 7661 7874 7639
f 7871 7639 7874
f 7884 7885 7886
f 7885 7884 7874
f 7641 7642 7887
f 7888 7642 7640
f 7887 7642 7888
f 7876 7643 7626
f 7643 7876 7652
f 7876 7889 7652
f 7889 7671 7652
f 7654 7879 7628
f 7879 7654 7895
f 7896 7895 7672
f 7897 7898 7899
f 7675 7900 7897
f 7675 7678 7900
f 7880 7677 7679
f 7677 7901 7678
f 7679 7677 7429
f 7880 7679 7658
f 7431 7658 7679
f 7874 7661 7885
f 7680 7885 7661
f 7902 7885 7682
f 7682 7885 7680
f 7886 7885 7903
f 7886 7903 7902
f 7904 7664 7641
f 7666 7664 7904
f 7668 7905 7640
f 7652 7669 7644
f 7669 7652 7671
f 7671 7687 7670
f 7687 7906 7907
f 7908 7907 7906
f 7687 7671 7906
f 7672 7420 7688
f 7654 7397 7672
f 7654 7672 7895
f 7896 7672 7688
f 7895 7896 7909
f 7689 7674 7690
f 7674 7910 7690
f 7688 7690 7896
f 7910 7896 7690
f 7910 7674 7899
f 7899 7674 7673
f 7897 7899 7673
f 7897 7673 7675
f 7676 7678 7675
f 7902 7682 7692
f 7885 7902 7903
f 7911 7886 7902
f 7692 7912 7902
f 7911 7902 7912
f 7913 7665 7666
f 7913 7666 7914
f 7914 7666 7915
f 7913 7412 7665
f 7667 7684 7668
f 7668 7684 7920
f 7683 7685 7684
f 7921 7703 7922
f 7703 7921 7704
f 7703 7702 7922
f 7702 7686 7922
f 7686 7687 7922
f 7921 7687 7907
f 7687 7921 7922
f 7419 7690 7688
f 7912 7692 7694
f 7708 7709 7923
f 7923 7709 7710
f 7923 7710 7924
f 7923 7925 7708
f 7708 7925 7713
f 7923 7926 7927
f 7923 7924 7926
f 7928 7412 7913
f 7412 7928 7696
f 7928 7913 7914
f 7929 7930 7685
f 7929 7698 7697
f 7929 7685 7698
f 7697 7699 7929
f 7701 7929 7699
f 7701 7931 7929
f 7932 7931 7701
f 7693 7706 7694
f 7719 7712 7933
f 7712 7713 7933
f 7711 7924 7710
f 7721 7934 7711
f 7711 7934 7924
f 7935 7934 7936
f 7926 7934 7937
f 7716 7938 7715
f 7714 7696 7717
f 7717 7696 7939
f 7928 7939 7696
f 7705 7730 7706
f 7706 7940 7694
f 7941 7694 7940
f 7942 7719 7933
f 7721 7720 7936
f 7720 7724 7936
f 7934 7721 7936
f 7936 7724 7946
f 7496 7715 7727
f 7495 7727 7947
f 7715 7938 7727
f 7948 7730 7732
f 7730 7940 7706
f 7730 7948 7940
f 7723 7739 7506
f 7739 7723 7949
f 7719 7949 7723
f 7949 7719 7942
f 7946 7724 7509
f 7946 7509 7733
f 7733 7951 7946
f 7952 7738 7953
f 7947 7726 7495
f 7726 7947 7953
f 7729 7732 7730
f 7732 7954 7948
f 7740 7739 7955
f 7949 7955 7739
f 7956 7740 7955
f 7735 7957 7734
f 7733 7734 7957
f 7957 7735 7736
f 7510 7736 7735
f 7737 7958 7736
f 7957 7736 7958
f 7725 7726 7738
f 7726 7953 7738
f 7731 7959 7732
f 7954 7732 7959
f 7959 7960 7954
f 7740 7961 7743
f 7740 7956 7961
f 7742 7959 7731
f 7959 7742 7962
f 7962 7960 7959
f 7961 7963 7743
f 7746 7742 7520
f 7746 7962 7742
f 7746 7964 7962
f 7965 7962 7964
f 7962 7965 7960
f 7743 7963 7744
f 7963 7966 7744
f 7964 7746 7752
f 7749 7744 7966
f 7752 7746 7745
f 7753 7967 7752
f 7752 7967 7964
f 7968 7747 7748
f 7766 7536 7747
f 7766 7747 7969
f 7968 7969 7747
f 7761 7748 7754
f 7748 7761 7968
f 7757 7749 7970
f 7971 7762 7757
f 7759 7753 7751
f 7972 7968 7761
f 7973 7761 7756
f 7972 7761 7973
f 7762 7974 7973
f 7973 7974 7972
f 7755 7756 7761
f 7756 7762 7973
f 7757 7762 7758
f 7975 7759 7760
f 7763 7975 7760
f 7976 7759 7975
f 7977 7753 7759
f 7759 7976 7977
f 7545 7766 7764
f 7978 7764 7766
f 7766 7969 7978
f 7763 7767 7979
f 7763 7979 7975
f 7975 7979 7980
f 7765 7981 7768
f 7765 7764 7981
f 7764 7978 7981
f 7982 7768 7981
f 7983 7979 7767
f 7768 7775 7553
f 7772 7775 7982
f 7775 7768 7982
f 7982 7984 7772
f 7552 7771 7767
f 7767 7771 7983
f 7983 7771 7985
f 7771 7986 7985
f 7983 7980 7979
f 7985 7980 7983
f 7984 7773 7772
f 7771 7770 7986
f 7770 7777 7986
f 7986 7777 7987
f 7988 7778 7773
f 7777 7776 7782
f 7777 7782 7989
f 7987 7777 7989
f 7780 7990 7783
f 7988 7991 7780
f 7988 7780 7778
f 7779 7992 7782
f 7782 7992 7993
f 7782 7993 7989
f 7787 7990 7994
f 7990 7780 7991
f 7787 7783 7990
f 7783 7787 7784
f 7779 7781 7992
f 7781 7786 7992
f 7787 7994 7791
f 7994 7995 7791
f 7791 7574 7787
f 7785 7788 7996
f 7786 7785 7996
f 7786 7996 7997
f 7992 7786 7998
f 7999 7792 8000
f 8001 7999 8000
f 7995 7792 7791
f 8000 7792 7995
f 8002 7789 8003
f 7996 7788 8002
f 7789 8002 7788
f 7996 8002 7997
f 8004 7999 8005
f 7793 7792 7999
f 7794 7795 8006
f 7794 8006 7789
f 7789 8006 8003
f 7797 7793 8004
f 7799 8004 8007
f 7793 7999 8004
f 8008 8007 8009
f 7800 7799 8008
f 7799 8007 8008
f 8004 7799 7797
f 7801 8010 8011
f 8011 7579 7801
f 8010 7801 7802
f 7798 7579 8011
f 7800 8008 7803
f 7802 7805 8012
f 8013 7802 8012
f 8010 7802 8013
f 8014 8015 8016
f 7803 8008 8014
f 7808 7803 8014
f 7315 7810 7805
f 8012 7805 7810
f 8017 8018 8016
f 8016 7808 8014
f 7808 8016 8019
f 7594 8020 7809
f 7809 8020 7813
f 8018 8019 8016
f 7811 7808 7814
f 7808 8019 7814
f 8019 8021 7814
f 8018 8021 8019
f 8020 7594 7817
f 7818 7815 7814
f 7814 8021 7818
f 7818 8021 8022
f 7823 8023 7817
f 7819 7818 7825
f 8024 7825 7818
f 7598 7599 7833
f 7598 7833 8025
f 8025 7823 7598
f 8023 7823 8025
f 7825 8024 8026
f 7824 7825 7827
f 7825 8027 7827
f 8027 7825 8026
f 8026 8028 8027
f 7833 7603 7831
f 8029 7831 7832
f 7831 8030 7833
f 8025 7833 8031
f 7826 7827 7834
f 8027 8028 8032
f 8033 7609 7841
f 7827 8034 7834
f 7827 8027 8034
f 8034 8027 8032
f 8035 8034 8032
f 7834 8034 8036
f 7834 8036 7837
f 8035 8037 8034
f 8034 8037 8036
f 8038 7836 7837
f 8039 7841 7842
f 7609 8033 7832
f 7841 8039 8033
f 8036 8037 8040
f 8036 8038 7837
f 8038 8036 8040
f 8038 8040 8041
f 8041 7839 8038
f 7839 7836 8038
f 8042 7839 8041
f 7839 8042 8043
f 7839 8043 7843
f 7846 7844 7843
f 8044 7854 7852
f 7852 7853 7611
f 7842 7612 7853
f 8045 7853 7854
f 7853 8045 7842
f 7842 8045 8046
f 8046 8039 7842
f 8047 7843 8043
f 7843 8047 7846
f 7847 7846 8047
f 8048 8047 8049
f 8050 7848 7847
f 7848 8050 7850
f 7621 7861 8051
f 8051 7851 7621
f 7621 7851 7622
f 8052 7851 8051
f 7851 8044 7852
f 7851 8052 8044
f 8044 8045 7854
f 7847 8048 8050
f 8053 8050 8048
f 7850 8050 8054
f 7614 7850 7855
f 7850 8054 7855
f 7856 7855 7863
f 7862 7863 8055
f 7860 8055 8056
f 7862 8055 7860
f 7860 8056 8057
f 8058 8055 8059
f 8057 7859 7860
f 7859 8057 8060
f 8056 8061 8057
f 7859 8060 7861
f 7861 7620 7859
f 8054 8062 7855
f 8063 7863 7855
f 8064 7866 8065
f 8065 7868 7865
f 7864 8065 7865
f 8065 8066 8064
f 7870 8067 7864
f 7869 7872 7870
f 7870 7872 8068
f 8067 7870 8068
f 8069 8068 7872
f 8069 8070 8068
f 8069 7872 7873
f 8071 8072 7873
f 8073 8074 7883
f 7866 7882 7867
f 7883 7882 8075
f 8073 8075 8076
f 7882 7866 8075
f 7868 8065 7866
f 7873 7874 7884
f 7873 7884 8071
f 7877 7875 7627
f 7877 8077 7875
f 8077 7878 7875
f 8078 8077 7877
f 8078 7877 7879
f 7879 7895 8079
f 7901 8080 8081
f 8081 8080 8082
f 7677 7880 7901
f 7901 7880 8080
f 7880 8083 8080
f 7881 8083 7880
f 8074 8083 7881
f 7883 8074 7881
f 8084 8071 7884
f 8084 7884 7886
f 7904 7641 8085
f 7641 7887 8085
f 8085 8086 7904
f 8086 8085 8087
f 8085 7887 8088
f 8088 8087 8085
f 8089 7887 7888
f 8089 7888 8090
f 7887 8089 8091
f 7915 8087 8092
f 8090 8093 8089
f 8090 7888 7905
f 7876 7878 7889
f 7889 8094 7671
f 8094 8095 7671
f 7878 8094 7889
f 8079 7895 7909
f 8096 7909 7896
f 8096 7910 8097
f 7910 8098 8097
f 7898 8097 8098
f 7899 8098 7910
f 7899 7898 8098
f 8097 7898 8099
f 8100 7898 7897
f 7898 8100 8101
f 8100 7897 7900
f 8100 7900 8081
f 7678 8081 7900
f 7678 7901 8081
f 7911 8084 7886
f 8102 7911 8103
f 7666 7904 7915
f 7915 7904 8086
f 8087 7915 8086
f 7640 7905 7888
f 8104 8090 7905
f 7905 7668 7920
f 8104 7920 8108
f 7920 8104 7905
f 7907 7908 8109
f 7908 8110 8109
f 8109 8111 8112
f 7906 8113 7908
f 8113 7906 8114
f 8115 8113 8114
f 8114 7906 7671
f 8114 7671 8095
f 8095 8115 8114
f 7910 8096 7896
f 7925 7927 8116
f 8116 7927 8117
f 7926 8118 8119
f 7926 8119 7927
f 8120 7914 7915
f 8092 8120 7915
f 7930 7684 7685
f 7684 7930 8122
f 8108 8122 8123
f 8122 8108 7684
f 7684 8108 7920
f 7701 8124 7932
f 8125 7932 8124
f 7704 8124 7701
f 8124 7704 8112
f 8111 8124 8112
f 8112 7704 7921
f 7907 8109 7921
f 8109 8112 7921
f 8126 8103 7911
f 8126 7912 8127
f 7925 7923 7927
f 7713 7925 8116
f 7933 7713 8116
f 8117 8128 8116
f 7926 7937 8118
f 7934 7926 7924
f 7937 8129 8118
f 8120 7939 7928
f 7928 7914 8120
f 7939 8120 8130
f 7929 8131 7930
f 8131 8132 7930
f 8122 7930 8132
f 7929 7931 8131
f 7932 8131 7931
f 7694 8127 7912
f 7933 8133 7942
f 8128 7933 8116
f 7933 8128 8133
f 8133 8128 8134
f 7934 7935 7937
f 7935 8135 7937
f 8136 7935 7936
f 8137 7938 7716
f 8138 7938 8137
f 8138 8137 8139
f 8137 7717 7939
f 7717 8137 7716
f 7939 8139 8137
f 8127 7941 8140
f 7941 8127 7694
f 8145 7942 8133
f 8145 8133 8134
f 8146 7938 8147
f 8148 7938 8146
f 7948 7941 7940
f 8140 7941 7948
f 8140 7948 8149
f 8149 8150 8140
f 8140 8150 8151
f 8145 7949 7942
f 8152 7949 8145
f 7955 8152 8153
f 7949 8152 7955
f 7951 8154 7946
f 7936 7946 8154
f 8155 8154 7951
f 8154 8156 7936
f 7958 8157 8158
f 8159 7952 7953
f 7952 8159 8157
f 8148 8159 7953
f 8157 8159 8160
f 7953 7947 8148
f 7938 7947 7727
f 7938 8148 7947
f 7948 8161 8149
f 7955 8153 7956
f 8162 7956 8163
f 8163 7956 8153
f 8164 7956 8162
f 7951 7733 7957
f 8158 7957 7958
f 7958 7737 7952
f 7952 8157 7958
f 7737 7738 7952
f 7954 8165 8166
f 7954 8166 7948
f 8166 8161 7948
f 8167 8166 8168
f 8167 8161 8166
f 8164 8169 7961
f 7956 8164 7961
f 7954 7960 8165
f 8170 8166 8165
f 8166 8170 8168
f 8171 7963 8169
f 7961 8169 7963
f 8165 7960 7965
f 8172 8170 7965
f 8170 8165 7965
f 8168 8170 8172
f 8173 7970 7966
f 8171 8173 7966
f 8174 7970 8173
f 8171 7966 7963
f 8175 7965 7964
f 7965 8175 8172
f 7966 7970 7749
f 7964 7967 8175
f 7967 8172 8175
f 8176 7971 8177
f 7971 7757 7970
f 8177 7971 7970
f 7977 7967 7753
f 8178 7967 7977
f 7967 8178 8179
f 8180 7974 7762
f 8176 8181 8180
f 8180 7762 7971
f 8178 7977 7976
f 8178 7976 8182
f 8178 8182 8183
f 8184 7978 7969
f 8185 7978 8184
f 7968 8186 7969
f 7969 8186 8184
f 8185 8184 8187
f 8187 8184 8186
f 8188 7972 7974
f 8186 7968 7972
f 8181 8188 7974
f 8188 8186 7972
f 8181 7974 8180
f 7975 7980 8189
f 7975 8189 7976
f 8189 8190 7976
f 8187 8191 7984
f 8185 7981 7978
f 7981 8185 8187
f 8187 7982 7981
f 8192 8189 7980
f 8191 8193 7984
f 7773 7984 7988
f 7982 8187 7984
f 7980 7985 8194
f 7980 8194 8192
f 8195 8196 8197
f 7984 8193 7988
f 8193 8196 7988
f 8194 7986 8198
f 7986 7987 8198
f 7986 8194 7985
f 8195 7991 8196
f 7991 8195 8199
f 8195 8200 8199
f 8196 7991 7988
f 8201 7987 7989
f 7987 8202 8198
f 7987 8201 8202
f 7994 8203 8204
f 7991 8199 8203
f 8199 8204 8203
f 7991 8203 7990
f 7989 7993 8201
f 8201 7993 8205
f 8204 8206 8207
f 8203 7994 7990
f 7994 8204 8207
f 7992 7998 7993
f 7993 7998 8205
f 8208 7998 8209
f 7995 8207 8000
f 8001 8207 8206
f 8210 8001 8206
f 8211 8001 8210
f 7994 8207 7995
f 7998 7786 8209
f 7997 8209 7786
f 7998 8208 8205
f 8211 8005 8001
f 8212 8005 8211
f 8207 8001 8000
f 8213 8002 8003
f 7997 8002 8213
f 8214 8212 8215
f 8212 8214 8005
f 8001 8005 7999
f 8216 8003 8006
f 8213 8003 8216
f 8215 8009 8214
f 8005 8214 8004
f 8214 8007 8004
f 8214 8009 8007
f 7795 7798 8217
f 8217 8006 7795
f 8006 8217 8216
f 8218 8216 8217
f 8219 8220 8009
f 8219 8009 8221
f 8222 7798 8011
f 8222 8223 7798
f 8223 8217 7798
f 8220 8015 8014
f 8224 8015 8220
f 8008 8009 8220
f 8008 8220 8014
f 8225 8011 8010
f 8011 8225 8222
f 8225 8010 8226
f 8226 8010 8013
f 8227 8017 8228
f 8012 7810 8229
f 8017 8016 8015
f 8228 8017 8015
f 8230 8017 8227
f 8017 8230 8231
f 7813 8020 8232
f 7813 8232 8233
f 7813 8233 7810
f 8229 7810 8233
f 8018 8017 8231
f 8022 8018 8231
f 8021 8018 8022
f 8232 8234 8235
f 8020 8234 8232
f 8233 8232 8235
f 7818 8022 8236
f 8237 8236 8022
f 8238 8023 8239
f 7817 8234 8020
f 8023 8238 7817
f 8236 8024 7818
f 8024 8028 8026
f 8240 8028 8024
f 8030 7831 8029
f 8031 7833 8030
f 8241 8031 8030
f 8242 8031 8243
f 8244 8032 8028
f 8032 8244 8035
f 8245 8028 8246
f 8244 8247 8035
f 8241 8030 8029
f 8248 8029 7832
f 8241 8029 8248
f 8035 8249 8037
f 8249 8035 8247
f 8250 8033 8039
f 7832 8033 8248
f 8248 8250 8251
f 8250 8248 8033
f 8040 8037 8252
f 8037 8249 8252
f 8252 8249 8253
f 8039 8046 8254
f 8250 8039 8254
f 8255 8040 8252
f 8252 8256 8255
f 8252 8257 8256
f 8040 8255 8041
f 8255 8042 8041
f 8258 8047 8043
f 8259 8052 8051
f 8260 8044 8052
f 8259 8260 8052
f 8044 8261 8045
f 8260 8261 8044
f 8042 8256 8262
f 8256 8042 8255
f 8043 8042 8262
f 8258 8043 8262
f 8047 8258 8049
f 8047 8048 7847
f 8263 8049 8264
f 8061 8265 8057
f 8265 8060 8057
f 8265 7861 8060
f 8265 8051 7861
f 8051 8265 8266
f 8266 8265 8267
f 8266 8259 8051
f 8049 8053 8048
f 8049 8263 8053
f 8053 8268 8054
f 8050 8053 8054
f 8054 8268 8062
f 8268 8269 8062
f 8062 8270 8063
f 8269 8270 8062
f 8270 8269 8271
f 8062 8063 7855
f 8270 8059 8063
f 7863 8063 8059
f 8270 8272 8059
f 8059 8055 7863
f 8272 8058 8059
f 8055 8058 8056
f 8058 8061 8056
f 8267 8061 8273
f 8274 8275 8276
f 8277 8275 8278
f 8279 8277 8280
f 8276 8275 8279
f 8281 8277 8067
f 8282 8280 8277
f 8068 8281 8067
f 8068 8070 8281
f 8277 8281 8282
f 8070 8283 8281
f 8282 8281 8283
f 8070 8069 7873
f 8070 8072 8284
f 8285 8286 8287
f 8287 8073 8076
f 8075 8073 7883
f 8076 8075 8288
f 8289 8075 8290
f 8289 8288 8075
f 7866 8064 8075
f 8064 8290 8075
f 8065 7864 8066
f 8066 8278 8275
f 8064 8066 8275
f 8278 8066 7864
f 7864 8067 8278
f 8277 8278 8067
f 7873 8072 8070
f 8291 8072 8071
f 8292 8101 8293
f 8292 8293 8294
f 8295 8293 8082
f 8293 8295 8296
f 8295 8082 8080
f 8297 8295 8080
f 8286 8080 8083
f 8298 8080 8286
f 8074 8286 8083
f 8286 8074 8073
f 8286 8073 8287
f 8298 8286 8285
f 8077 8299 7878
f 8299 8077 8078
f 8094 7878 8300
f 8078 7879 8079
f 7878 8301 8300
f 8299 8301 7878
f 8302 8300 8301
f 8303 8301 8078
f 8078 8301 8299
f 8303 8078 8079
f 8301 8303 8304
f 8305 8301 8304
f 8306 8097 8099
f 8307 8306 8099
f 8306 8307 8304
f 8292 8099 8101
f 8307 8099 8292
f 8099 7898 8101
f 8100 8293 8101
f 8081 8082 8100
f 8100 8082 8293
f 8084 8308 8071
f 8308 8084 8102
f 8092 8087 8309
f 8088 7887 8091
f 8087 8310 8309
f 8087 8311 8310
f 8087 8088 8311
f 8088 8091 8312
f 8313 8311 8088
f 8314 8311 8315
f 8315 8311 8313
f 8312 8313 8088
f 8093 8091 8089
f 8091 8093 8316
f 8091 8316 8312
f 8317 8318 8113
f 8318 7908 8113
f 8319 8113 8115
f 8320 8319 8115
f 8319 8317 8113
f 8321 8115 8302
f 8115 8321 8320
f 8094 8322 8095
f 8094 8300 8322
f 8302 8115 8095
f 8322 8300 8302
f 8302 8095 8322
f 7909 8303 8079
f 8096 8303 7909
f 8096 8304 8303
f 8096 8306 8304
f 8096 8097 8306
f 7911 8102 8084
f 8314 8309 8310
f 8309 8314 8323
f 8311 8314 8310
f 8092 8309 8323
f 8090 8104 8093
f 8104 8324 8093
f 8325 8093 8324
f 8324 8104 8326
f 8326 8327 8324
f 8328 8125 8329
f 8111 8329 8125
f 8330 8329 8111
f 8110 8111 8109
f 8318 8330 8110
f 8110 8330 8111
f 8110 7908 8318
f 8331 8117 7927
f 8117 8331 8332
f 8119 8118 8129
f 8119 8331 7927
f 8333 8120 8092
f 8333 8092 8323
f 8130 8120 8333
f 8333 8323 8338
f 8108 8123 8326
f 8108 8326 8104
f 8122 8132 8339
f 8123 8122 8339
f 8132 8131 8339
f 8339 8131 8340
f 8340 8341 8339
f 8341 8340 8328
f 8340 8131 7932
f 8125 8328 8340
f 7932 8125 8340
f 8125 8124 8111
f 8126 8342 8103
f 7912 8126 7911
f 8343 7937 8135
f 8128 8117 8332
f 8344 8128 8345
f 8332 8345 8128
f 8128 8344 8134
f 7937 8343 8129
f 8135 8346 8347
f 8343 8135 8347
f 8348 8126 8127
f 8134 8344 8349
f 8136 7936 8156
f 8135 7935 8136
f 8346 8136 8156
f 8346 8135 8136
f 8156 8350 8346
f 8138 8147 7938
f 8139 7939 8130
f 8138 8139 8351
f 8139 8130 8351
f 8151 8348 8140
f 8140 8348 8127
f 8152 8145 8349
f 8349 8145 8134
f 8152 8349 8352
f 8154 8353 8156
f 8353 8350 8156
f 8354 8146 8147
f 8355 8356 8163
f 8153 8152 8163
f 8152 8355 8163
f 8353 8154 8155
f 8158 8160 8357
f 8158 8157 8160
f 8358 8159 8148
f 8160 8159 8358
f 8146 8358 8148
f 8146 8354 8358
f 8161 8150 8149
f 8356 8162 8163
f 8356 8359 8162
f 7957 8155 7951
f 8155 7957 8158
f 8167 8150 8161
f 8169 8164 8359
f 8162 8359 8164
f 8169 8359 8360
f 8361 8171 8362
f 8169 8360 8171
f 8171 8360 8362
f 8363 8168 8172
f 8167 8168 8363
f 8364 8363 8365
f 8366 8177 8174
f 8171 8174 8173
f 8174 8171 8361
f 8367 8363 8172
f 8176 8177 8366
f 8174 8177 7970
f 8179 8172 7967
f 8172 8179 8367
f 8368 8367 8179
f 8181 8369 8370
f 7971 8176 8180
f 8371 8368 8179
f 8369 8181 8176
f 8179 8178 8371
f 8371 8178 8183
f 8183 8182 8372
f 8373 8183 8374
f 8183 8375 8374
f 8187 8186 8376
f 8370 8376 8181
f 8377 8376 8378
f 8376 8377 8187
f 8187 8377 8191
f 8376 8188 8181
f 8186 8188 8376
f 7976 8190 8182
f 8372 8182 8190
f 8372 8375 8183
f 8379 8372 8190
f 8189 8192 8380
f 8189 8380 8190
f 8380 8381 8190
f 8197 8193 8191
f 8193 8197 8196
f 8197 8191 8377
f 8194 8382 8192
f 8380 8192 8382
f 8383 8200 8384
f 8197 8200 8195
f 8197 8384 8200
f 8194 8385 8382
f 8198 8385 8194
f 8200 8386 8199
f 8202 8385 8198
f 8385 8202 8387
f 8386 8204 8199
f 8204 8388 8206
f 8386 8388 8204
f 8201 8389 8390
f 8390 8202 8201
f 8388 8210 8206
f 8391 8210 8388
f 8392 8391 8388
f 8205 8389 8201
f 8208 8389 8205
f 8391 8211 8210
f 8391 8212 8211
f 8393 8212 8391
f 8209 7997 8394
f 8208 8209 8394
f 8389 8208 8395
f 8213 8394 7997
f 8213 8396 8394
f 8394 8395 8208
f 8396 8395 8394
f 8009 8215 8221
f 8397 8221 8215
f 8398 8215 8212
f 8399 8216 8400
f 8216 8399 8213
f 8401 8221 8397
f 8400 8216 8218
f 8402 8224 8219
f 8401 8219 8221
f 8401 8402 8219
f 8402 8401 8403
f 8219 8224 8220
f 8404 8223 8222
f 8223 8218 8217
f 8223 8405 8218
f 8405 8223 8404
f 8406 8224 8402
f 8228 8224 8406
f 8224 8228 8015
f 8406 8227 8228
f 8222 8225 8407
f 8222 8407 8404
f 8229 8408 8012
f 8013 8012 8408
f 8409 8013 8410
f 8410 8013 8408
f 8013 8409 8226
f 8407 8226 8411
f 8408 8229 8412
f 8412 8229 8233
f 8231 8230 8237
f 8231 8237 8022
f 8413 8237 8230
f 7817 8238 8234
f 8234 8238 8235
f 8233 8235 8412
f 8236 8237 8414
f 8240 8236 8414
f 8235 8238 8415
f 8240 8024 8236
f 8028 8240 8246
f 8031 8241 8243
f 8031 8023 8025
f 8031 8242 8023
f 8028 8245 8244
f 8416 8244 8245
f 8417 8241 8248
f 8251 8417 8248
f 8241 8417 8243
f 8249 8247 8253
f 8250 8418 8251
f 8253 8257 8252
f 8419 8420 8261
f 8421 8261 8260
f 8261 8421 8419
f 8045 8261 8420
f 8046 8045 8420
f 8422 8420 8423
f 8256 8257 8424
f 8256 8425 8262
f 8256 8424 8425
f 8258 8262 8425
f 8426 8258 8425
f 8266 8427 8259
f 8260 8259 8428
f 8428 8259 8427
f 8428 8421 8260
f 8258 8426 8049
f 8264 8049 8426
f 8053 8263 8268
f 8429 8272 8270
f 8061 8058 8430
f 8430 8058 8272
f 8273 8061 8430
f 8061 8267 8265
f 8267 8273 8431
f 8267 8432 8266
f 8431 8432 8267
f 8433 8263 8434
f 8433 8271 8269
f 8268 8433 8269
f 8263 8433 8268
f 8271 8429 8270
f 8272 8429 8435
f 8282 8436 8280
f 8436 8282 8437
f 8438 8437 8282
f 8438 8282 8283
f 8439 8438 8283
f 8437 8438 8440
f 8441 8442 8076
f 8443 8441 8288
f 8441 8443 8444
f 8443 8288 8289
f 8445 8064 8446
f 8275 8274 8064
f 8446 8064 8274
f 8277 8279 8275
f 8070 8439 8283
f 8439 8284 8447
f 8284 8439 8070
f 8447 8284 8448
f 8296 8449 8294
f 8298 8450 8297
f 8450 8298 8451
f 8287 8442 8285
f 8442 8287 8076
f 8288 8441 8076
f 8445 8289 8290
f 8445 8290 8064
f 8072 8291 8284
f 8448 8291 8452
f 8291 8448 8284
f 8453 8307 8454
f 8307 8292 8454
f 8454 8292 8294
f 8455 8454 8294
f 8296 8294 8293
f 8450 8296 8295
f 8297 8450 8295
f 8080 8298 8297
f 8291 8071 8308
f 8456 8291 8308
f 8457 8321 8458
f 8305 8321 8301
f 8459 8321 8305
f 8321 8459 8458
f 8307 8305 8304
f 8305 8307 8459
f 8459 8307 8453
f 8456 8308 8102
f 8460 8313 8312
f 8460 8316 8461
f 8316 8460 8312
f 8461 8462 8460
f 8330 8463 8464
f 8330 8318 8317
f 8463 8330 8317
f 8465 8463 8317
f 8465 8317 8319
f 8463 8465 8466
f 8467 8465 8320
f 8465 8319 8320
f 8467 8320 8457
f 8302 8301 8321
f 8320 8321 8457
f 8103 8456 8102
f 8315 8313 8468
f 8469 8315 8468
f 8323 8314 8470
f 8315 8470 8314
f 8313 8460 8471
f 8471 8468 8313
f 8471 8460 8462
f 8325 8316 8093
f 8472 8461 8316
f 8327 8473 8324
f 8324 8473 8325
f 8473 8472 8325
f 8325 8472 8316
f 8473 8474 8472
f 8341 8328 8475
f 8329 8476 8475
f 8328 8329 8475
f 8330 8477 8329
f 8478 8456 8103
f 8478 8103 8342
f 8119 8479 8331
f 8332 8331 8480
f 8331 8479 8480
f 8129 8481 8119
f 8482 8332 8480
f 8481 8479 8119
f 8483 8481 8129
f 8479 8481 8480
f 8129 8343 8483
f 8315 8484 8470
f 8315 8469 8484
f 8484 8485 8470
f 8486 8323 8470
f 8323 8486 8338
f 8507 8327 8326
f 8507 8123 8339
f 8123 8507 8326
f 8341 8507 8339
f 8508 8478 8342
f 8344 8345 8509
f 8332 8482 8345
f 8345 8482 8509
f 8343 8347 8483
f 8470 8485 8486
f 8351 8130 8333
f 8510 8351 8333
f 8333 8338 8510
f 8510 8338 8511
f 8348 8342 8126
f 8509 8349 8344
f 8349 8509 8512
f 8349 8512 8513
f 8514 8347 8346
f 8346 8350 8514
f 8347 8514 8515
f 8514 8350 8516
f 8147 8138 8517
f 8138 8351 8517
f 8518 8351 8510
f 8518 8517 8351
f 8518 8510 8519
f 8520 8348 8151
f 8352 8349 8513
f 8521 8350 8353
f 8522 8354 8147
f 8517 8522 8147
f 8523 8524 8356
f 8355 8152 8352
f 8356 8355 8523
f 8355 8352 8523
f 8155 8158 8525
f 8525 8158 8357
f 8155 8521 8353
f 8357 8526 8525
f 8521 8525 8526
f 8525 8521 8155
f 8160 8527 8357
f 8357 8527 8526
f 8528 8526 8527
f 8527 8160 8358
f 8354 8529 8358
f 8527 8358 8529
f 8530 8151 8150
f 8531 8150 8167
f 8359 8356 8532
f 8359 8532 8360
f 8360 8532 8533
f 8356 8524 8532
f 8364 8531 8167
f 8362 8534 8361
f 8360 8533 8362
f 8363 8364 8167
f 8361 8534 8535
f 8534 8362 8536
f 8535 8366 8361
f 8366 8174 8361
f 8363 8367 8537
f 8537 8365 8363
f 8365 8537 8538
f 8539 8176 8366
f 8537 8367 8540
f 8538 8537 8540
f 8369 8541 8370
f 8539 8369 8176
f 8367 8368 8540
f 8542 8540 8368
f 8378 8376 8370
f 8541 8378 8370
f 8543 8378 8541
f 8368 8371 8373
f 8183 8373 8371
f 8544 8377 8543
f 8543 8377 8378
f 8545 8374 8375
f 8545 8375 8372
f 8545 8372 8546
f 8547 8197 8377
f 8379 8190 8381
f 8372 8379 8548
f 8379 8381 8548
f 8549 8384 8550
f 8547 8384 8197
f 8550 8384 8547
f 8551 8382 8552
f 8382 8551 8380
f 8380 8551 8381
f 8200 8383 8386
f 8549 8383 8384
f 8382 8387 8553
f 8552 8382 8553
f 8554 8383 8555
f 8387 8382 8385
f 8387 8202 8390
f 8387 8556 8553
f 8557 8388 8386
f 8383 8554 8386
f 8557 8386 8554
f 8390 8556 8387
f 8392 8558 8393
f 8388 8557 8392
f 8390 8389 8559
f 8389 8560 8559
f 8561 8398 8393
f 8393 8398 8212
f 8391 8392 8393
f 8395 8560 8389
f 8560 8395 8562
f 8563 8397 8398
f 8396 8562 8395
f 8563 8564 8397
f 8398 8397 8215
f 8399 8565 8396
f 8399 8396 8213
f 8403 8564 8566
f 8564 8403 8401
f 8564 8401 8397
f 8567 8400 8218
f 8400 8567 8568
f 8569 8400 8568
f 8400 8569 8399
f 8399 8569 8565
f 8570 8402 8403
f 8571 8567 8405
f 8404 8571 8405
f 8567 8218 8405
f 8572 8406 8402
f 8570 8572 8402
f 8573 8572 8570
f 8572 8574 8406
f 8574 8227 8406
f 8574 8230 8227
f 8230 8574 8575
f 8409 8410 8576
f 8577 8226 8409
f 8226 8577 8411
f 8226 8407 8225
f 8411 8404 8407
f 8404 8411 8578
f 8575 8413 8230
f 8412 8579 8580
f 8408 8412 8580
f 8410 8408 8580
f 8576 8410 8580
f 8237 8413 8414
f 8581 8412 8235
f 8415 8581 8235
f 8579 8581 8582
f 8581 8579 8412
f 8240 8414 8583
f 8413 8584 8414
f 8414 8584 8583
f 8238 8239 8585
f 8415 8238 8585
f 8415 8586 8581
f 8583 8246 8240
f 8242 8243 8587
f 8023 8242 8239
f 8244 8416 8247
f 8416 8588 8247
f 8417 8589 8243
f 8589 8587 8243
f 8588 8253 8247
f 8418 8590 8251
f 8251 8590 8417
f 8591 8253 8588
f 8418 8254 8592
f 8254 8418 8250
f 8253 8591 8257
f 8593 8257 8591
f 8423 8420 8419
f 8422 8254 8046
f 8420 8422 8046
f 8257 8593 8424
f 8593 8594 8424
f 8595 8427 8596
f 8595 8421 8428
f 8595 8597 8421
f 8427 8595 8428
f 8597 8419 8421
f 8598 8426 8425
f 8598 8425 8424
f 8594 8598 8424
f 8599 8431 8273
f 8431 8599 8432
f 8432 8427 8266
f 8427 8600 8596
f 8601 8264 8426
f 8264 8601 8602
f 8601 8426 8598
f 8263 8264 8602
f 8434 8602 8603
f 8602 8434 8263
f 8604 8434 8603
f 8434 8604 8433
f 8604 8605 8433
f 8271 8606 8429
f 8606 8271 8433
f 8606 8433 8605
f 8607 8435 8429
f 8608 8272 8435
f 8608 8430 8272
f 8273 8430 8609
f 8430 8608 8609
f 8599 8609 8610
f 8609 8599 8273
f 8611 8446 8274
f 8611 8445 8446
f 8612 8445 8611
f 8274 8276 8613
f 8279 8613 8276
f 8613 8279 8614
f 8613 8611 8274
f 8612 8614 8615
f 8280 8436 8279
f 8614 8279 8436
f 8614 8616 8617
f 8616 8614 8436
f 8616 8436 8437
f 8440 8618 8437
f 8439 8440 8438
f 8447 8440 8439
f 8440 8447 8619
f 8620 8442 8621
f 8621 8442 8441
f 8444 8621 8441
f 8444 8622 8621
f 8623 8443 8445
f 8443 8289 8445
f 8624 8447 8625
f 8448 8625 8447
f 8455 8294 8449
f 8626 8449 8296
f 8455 8449 8627
f 8449 8626 8627
f 8296 8450 8626
f 8626 8450 8628
f 8451 8628 8450
f 8298 8285 8451
f 8442 8451 8285
f 8451 8442 8620
f 8448 8452 8625
f 8458 8459 8629
f 8629 8459 8630
f 8458 8629 8631
f 8632 8629 8630
f 8631 8629 8632
f 8630 8459 8453
f 8630 8454 8455
f 8454 8630 8453
f 8630 8455 8633
f 8634 8457 8631
f 8457 8458 8631
f 8635 8291 8456
f 8330 8636 8477
f 8464 8636 8330
f 8477 8636 8476
f 8466 8464 8463
f 8466 8637 8464
f 8638 8466 8467
f 8465 8467 8466
f 8639 8481 8640
f 8481 8639 8480
f 8640 8481 8641
f 8468 8642 8643
f 8469 8468 8643
f 8468 8471 8642
f 8642 8471 8462
f 8472 8474 8644
f 8472 8644 8461
f 8461 8644 8462
f 8645 8644 8474
f 8473 8327 8474
f 8341 8476 8646
f 8636 8646 8476
f 8341 8475 8476
f 8329 8477 8476
f 8456 8478 8635
f 8647 8478 8508
f 8648 8635 8478
f 8482 8480 8649
f 8649 8480 8650
f 8650 8480 8639
f 8641 8483 8651
f 8481 8483 8641
f 8651 8652 8653
f 8641 8651 8653
f 8485 8484 8654
f 8484 8655 8654
f 8484 8469 8655
f 8654 8655 8656
f 8656 8655 8657
f 8657 8655 8469
f 8658 8327 8507
f 8659 8327 8658
f 8327 8659 8474
f 8658 8660 8659
f 8658 8507 8661
f 8507 8341 8661
f 8649 8509 8482
f 8509 8649 8512
f 8649 8662 8512
f 8650 8662 8649
f 8651 8347 8515
f 8651 8483 8347
f 8663 8651 8515
f 8663 8652 8651
f 8663 8515 8664
f 8665 8666 8664
f 8664 8667 8656
f 8664 8668 8663
f 8669 8670 8485
f 8654 8669 8485
f 8666 8671 8669
f 8669 8671 8670
f 8669 8667 8666
f 8664 8666 8667
f 8667 8669 8654
f 8654 8656 8667
f 8485 8670 8486
f 8671 8672 8670
f 8338 8486 8673
f 8511 8338 8673
f 8674 8342 8348
f 8342 8674 8508
f 8352 8513 8675
f 8675 8513 8676
f 8662 8513 8512
f 8676 8513 8677
f 8514 8516 8665
f 8515 8665 8664
f 8665 8515 8514
f 8665 8516 8678
f 8665 8678 8666
f 8678 8671 8666
f 8670 8672 8486
f 8679 8672 8671
f 8522 8517 8680
f 8517 8518 8680
f 8519 8511 8673
f 8519 8680 8518
f 8680 8681 8522
f 8672 8673 8486
f 8680 8519 8673
f 8510 8511 8519
f 8348 8520 8674
f 8675 8523 8352
f 8521 8516 8350
f 8526 8682 8521
f 8521 8682 8516
f 8526 8528 8682
f 8682 8683 8516
f 8683 8678 8516
f 8684 8685 8528
f 8528 8685 8682
f 8529 8684 8527
f 8684 8529 8681
f 8522 8681 8529
f 8681 8685 8684
f 8529 8354 8522
f 8520 8151 8530
f 8524 8523 8686
f 8687 8524 8686
f 8527 8684 8528
f 8150 8531 8530
f 8536 8533 8688
f 8689 8536 8688
f 8536 8689 8690
f 8533 8532 8688
f 8688 8532 8691
f 8534 8690 8535
f 8536 8362 8533
f 8534 8536 8690
f 8692 8364 8365
f 8364 8692 8531
f 8692 8365 8693
f 8539 8694 8695
f 8694 8366 8535
f 8693 8365 8538
f 8695 8369 8539
f 8369 8695 8696
f 8696 8695 8697
f 8694 8539 8366
f 8697 8695 8694
f 8544 8541 8698
f 8698 8541 8696
f 8696 8541 8369
f 8699 8538 8540
f 8699 8540 8700
f 8541 8544 8543
f 8368 8373 8542
f 8540 8542 8701
f 8540 8701 8700
f 8702 8703 8544
f 8377 8544 8547
f 8374 8542 8373
f 8704 8542 8374
f 8374 8545 8704
f 8703 8547 8544
f 8547 8703 8550
f 8372 8548 8546
f 8548 8705 8546
f 8381 8706 8548
f 8706 8381 8551
f 8548 8706 8705
f 8549 8555 8383
f 8706 8552 8707
f 8552 8706 8551
f 8555 8708 8554
f 8709 8553 8556
f 8709 8556 8710
f 8707 8553 8711
f 8390 8712 8556
f 8559 8712 8390
f 8556 8712 8710
f 8558 8392 8713
f 8714 8558 8713
f 8714 8713 8715
f 8713 8392 8557
f 8554 8713 8557
f 8559 8716 8712
f 8558 8561 8393
f 8714 8561 8558
f 8717 8560 8562
f 8717 8718 8560
f 8560 8718 8559
f 8719 8563 8561
f 8563 8398 8561
f 8720 8562 8396
f 8721 8566 8722
f 8723 8566 8564
f 8723 8564 8563
f 8722 8566 8723
f 8563 8722 8723
f 8565 8569 8724
f 8565 8720 8396
f 8720 8565 8724
f 8725 8726 8566
f 8727 8569 8568
f 8566 8570 8403
f 8570 8726 8573
f 8566 8726 8570
f 8726 8728 8573
f 8729 8568 8567
f 8568 8729 8727
f 8573 8574 8572
f 8574 8573 8728
f 8571 8729 8567
f 8729 8571 8730
f 8728 8575 8574
f 8576 8577 8409
f 8578 8577 8731
f 8577 8578 8411
f 8404 8578 8571
f 8575 8732 8413
f 8733 8579 8734
f 8579 8733 8580
f 8580 8733 8576
f 8735 8733 8736
f 8577 8576 8731
f 8584 8413 8737
f 8737 8413 8732
f 8734 8579 8582
f 8733 8734 8738
f 8737 8739 8584
f 8583 8584 8739
f 8740 8415 8585
f 8586 8582 8581
f 8582 8586 8741
f 8246 8583 8742
f 8583 8739 8742
f 8743 8239 8242
f 8585 8239 8743
f 8740 8743 8744
f 8743 8740 8585
f 8415 8740 8586
f 8742 8245 8246
f 8245 8742 8416
f 8745 8416 8742
f 8744 8743 8587
f 8746 8744 8587
f 8743 8242 8587
f 8747 8416 8745
f 8748 8589 8417
f 8748 8587 8589
f 8749 8417 8590
f 8750 8749 8590
f 8418 8750 8590
f 8748 8417 8749
f 8591 8588 8747
f 8751 8747 8752
f 8418 8592 8753
f 8753 8750 8418
f 8751 8593 8591
f 8423 8754 8422
f 8754 8592 8422
f 8592 8254 8422
f 8751 8755 8593
f 8755 8594 8593
f 8596 8597 8595
f 8756 8596 8757
f 8597 8758 8419
f 8596 8756 8597
f 8756 8758 8597
f 8419 8758 8423
f 8754 8423 8758
f 8759 8598 8594
f 8760 8432 8761
f 8600 8427 8432
f 8596 8600 8762
f 8598 8763 8601
f 8759 8763 8598
f 8602 8601 8603
f 8601 8764 8603
f 8604 8603 8764
f 8606 8607 8429
f 8608 8607 8765
f 8607 8608 8435
f 8766 8599 8610
f 8599 8766 8432
f 8763 8764 8601
f 8604 8767 8605
f 8764 8767 8604
f 8607 8606 8768
f 8769 8608 8765
f 8769 8609 8608
f 8765 8770 8769
f 8618 8617 8616
f 8618 8616 8437
f 8617 8618 8771
f 8772 8773 8620
f 8774 8775 8776
f 8776 8775 8622
f 8777 8776 8622
f 8778 8779 8780
f 8443 8623 8780
f 8778 8780 8623
f 8778 8623 8781
f 8623 8445 8612
f 8781 8623 8612
f 8612 8611 8613
f 8614 8612 8613
f 8612 8615 8782
f 8615 8614 8617
f 8783 8615 8617
f 8440 8784 8618
f 8440 8619 8784
f 8628 8451 8773
f 8773 8451 8620
f 8620 8775 8772
f 8775 8620 8621
f 8775 8621 8622
f 8785 8622 8444
f 8777 8622 8785
f 8785 8444 8443
f 8785 8780 8786
f 8780 8785 8443
f 8447 8624 8619
f 8624 8787 8619
f 8788 8632 8789
f 8632 8630 8789
f 8790 8630 8633
f 8630 8790 8789
f 8627 8633 8455
f 8791 8633 8627
f 8627 8626 8792
f 8793 8791 8627
f 8792 8793 8627
f 8628 8792 8626
f 8794 8452 8795
f 8788 8634 8631
f 8632 8788 8631
f 8452 8635 8795
f 8635 8452 8291
f 8796 8638 8467
f 8797 8638 8796
f 8798 8796 8634
f 8457 8634 8467
f 8467 8634 8796
f 8799 8800 8801
f 8799 8801 8802
f 8646 8636 8800
f 8800 8636 8464
f 8464 8801 8800
f 8638 8637 8466
f 8803 8637 8638
f 8640 8641 8804
f 8640 8804 8805
f 8805 8639 8640
f 8639 8805 8806
f 8804 8653 8807
f 8808 8805 8804
f 8643 8642 8809
f 8809 8462 8644
f 8642 8462 8809
f 8644 8645 8810
f 8644 8810 8809
f 8811 8661 8799
f 8661 8341 8799
f 8341 8646 8799
f 8800 8799 8646
f 8799 8802 8811
f 8478 8647 8648
f 8812 8650 8639
f 8804 8641 8653
f 8812 8639 8806
f 8652 8657 8813
f 8652 8814 8653
f 8657 8469 8643
f 8815 8657 8643
f 8816 8815 8643
f 8643 8809 8816
f 8657 8817 8813
f 8657 8815 8817
f 8816 8817 8815
f 8645 8660 8810
f 8658 8661 8660
f 8474 8659 8645
f 8660 8645 8659
f 8660 8661 8811
f 8513 8662 8677
f 8662 8650 8812
f 8664 8656 8668
f 8668 8652 8663
f 8668 8656 8652
f 8652 8656 8657
f 8508 8674 8818
f 8675 8676 8686
f 8678 8679 8671
f 8679 8678 8683
f 8819 8673 8672
f 8819 8672 8679
f 8673 8681 8680
f 8681 8673 8819
f 8683 8819 8679
f 8674 8520 8818
f 8686 8820 8687
f 8820 8686 8821
f 8675 8686 8523
f 8682 8685 8683
f 8819 8685 8681
f 8685 8819 8683
f 8822 8818 8520
f 8823 8822 8520
f 8691 8532 8687
f 8687 8824 8691
f 8825 8691 8824
f 8691 8825 8688
f 8826 8825 8824
f 8524 8687 8532
f 8530 8823 8520
f 8823 8530 8827
f 8828 8689 8829
f 8688 8825 8689
f 8531 8827 8530
f 8535 8690 8828
f 8689 8828 8690
f 8830 8531 8692
f 8531 8830 8827
f 8694 8831 8697
f 8694 8535 8832
f 8535 8828 8832
f 8831 8694 8832
f 8833 8693 8538
f 8834 8696 8697
f 8698 8696 8835
f 8696 8834 8835
f 8836 8698 8835
f 8836 8544 8698
f 8544 8836 8702
f 8538 8699 8833
f 8700 8837 8699
f 8702 8838 8703
f 8542 8704 8839
f 8542 8839 8700
f 8701 8542 8700
f 8700 8839 8840
f 8841 8549 8838
f 8703 8838 8550
f 8546 8842 8545
f 8704 8545 8842
f 8839 8704 8842
f 8839 8842 8843
f 8546 8844 8842
f 8845 8708 8555
f 8841 8845 8549
f 8845 8555 8549
f 8846 8845 8841
f 8838 8549 8550
f 8705 8706 8847
f 8844 8705 8847
f 8553 8707 8552
f 8707 8711 8848
f 8849 8706 8707
f 8848 8849 8707
f 8715 8554 8708
f 8708 8850 8715
f 8553 8709 8711
f 8711 8709 8851
f 8711 8851 8848
f 8851 8852 8848
f 8713 8554 8715
f 8716 8853 8712
f 8854 8853 8716
f 8853 8710 8712
f 8710 8851 8709
f 8855 8851 8710
f 8710 8853 8855
f 8856 8561 8714
f 8857 8856 8714
f 8716 8559 8718
f 8718 8858 8716
f 8561 8856 8719
f 8563 8859 8722
f 8722 8859 8860
f 8563 8719 8859
f 8720 8717 8562
f 8720 8861 8717
f 8721 8862 8725
f 8863 8720 8724
f 8861 8720 8863
f 8717 8861 8864
f 8566 8721 8725
f 8725 8865 8726
f 8865 8725 8862
f 8569 8727 8866
f 8569 8866 8724
f 8867 8863 8724
f 8728 8726 8865
f 8727 8868 8869
f 8728 8870 8575
f 8871 8870 8728
f 8868 8729 8730
f 8729 8868 8727
f 8732 8575 8870
f 8578 8730 8571
f 8733 8735 8576
f 8736 8733 8738
f 8872 8576 8735
f 8576 8872 8731
f 8731 8872 8873
f 8873 8578 8731
f 8578 8873 8874
f 8734 8582 8875
f 8875 8738 8734
f 8876 8586 8740
f 8877 8586 8876
f 8586 8877 8741
f 8741 8875 8582
f 8877 8875 8741
f 8878 8742 8739
f 8878 8879 8742
f 8879 8878 8880
f 8881 8740 8744
f 8879 8745 8742
f 8879 8882 8745
f 8881 8744 8883
f 8881 8883 8884
f 8744 8746 8883
f 8740 8881 8876
f 8747 8745 8885
f 8745 8882 8885
f 8886 8748 8749
f 8746 8587 8748
f 8746 8748 8886
f 8887 8746 8886
f 8883 8746 8887
f 8416 8747 8588
f 8888 8886 8749
f 8888 8749 8750
f 8889 8886 8888
f 8747 8751 8591
f 8752 8890 8751
f 8751 8890 8755
f 8592 8891 8753
f 8594 8755 8892
f 8893 8755 8890
f 8894 8758 8756
f 8758 8895 8754
f 8592 8754 8891
f 8594 8892 8759
f 8892 8896 8759
f 8432 8760 8600
f 8760 8762 8600
f 8762 8757 8596
f 8759 8896 8763
f 8896 8897 8763
f 8898 8766 8610
f 8899 8766 8900
f 8899 8761 8766
f 8766 8761 8432
f 8763 8897 8764
f 8897 8901 8764
f 8901 8902 8767
f 8901 8767 8764
f 8767 8902 8605
f 8902 8606 8605
f 8606 8902 8768
f 8903 8904 8768
f 8768 8765 8607
f 8904 8765 8768
f 8770 8765 8904
f 8770 8905 8769
f 8610 8769 8898
f 8898 8769 8905
f 8769 8610 8609
f 8898 8900 8766
f 8900 8898 8905
f 8906 8781 8782
f 8781 8906 8907
f 8783 8906 8782
f 8771 8908 8617
f 8783 8617 8908
f 8909 8908 8771
f 8910 8771 8618
f 8910 8618 8784
f 8910 8909 8771
f 8619 8911 8784
f 8911 8910 8784
f 8912 8913 8914
f 8773 8914 8913
f 8773 8772 8914
f 8774 8914 8772
f 8775 8774 8772
f 8774 8776 8915
f 8915 8776 8777
f 8786 8777 8785
f 8777 8786 8916
f 8917 8916 8786
f 8779 8786 8780
f 8786 8779 8917
f 8918 8917 8779
f 8918 8779 8778
f 8907 8918 8778
f 8781 8612 8782
f 8907 8778 8781
f 8782 8615 8783
f 8787 8911 8619
f 8919 8791 8793
f 8791 8919 8920
f 8793 8792 8913
f 8792 8628 8913
f 8921 8793 8913
f 8913 8628 8773
f 8794 8624 8625
f 8922 8787 8794
f 8923 8924 8925
f 8926 8923 8788
f 8788 8789 8926
f 8927 8789 8790
f 8927 8926 8789
f 8927 8790 8920
f 8928 8929 8927
f 8790 8633 8920
f 8928 8927 8920
f 8920 8633 8791
f 8452 8794 8625
f 8624 8794 8787
f 8798 8930 8797
f 8796 8798 8797
f 8925 8634 8788
f 8925 8788 8923
f 8925 8798 8634
f 8924 8798 8925
f 8794 8795 8931
f 8803 8932 8933
f 8803 8797 8934
f 8934 8932 8803
f 8638 8797 8803
f 8935 8795 8635
f 8931 8795 8935
f 8808 8936 8937
f 8802 8801 8938
f 8938 8801 8939
f 8637 8801 8464
f 8933 8939 8801
f 8801 8637 8933
f 8803 8933 8637
f 8935 8635 8648
f 8940 8935 8648
f 8806 8941 8812
f 8806 8942 8941
f 8943 8941 8942
f 8808 8804 8807
f 8805 8937 8806
f 8805 8808 8937
f 8807 8944 8808
f 8945 8806 8937
f 8807 8946 8947
f 8806 8945 8942
f 8807 8947 8944
f 8808 8944 8936
f 8945 8937 8942
f 8948 8949 8950
f 8951 8949 8811
f 8948 8811 8949
f 8951 8811 8802
f 8647 8940 8648
f 8812 8952 8662
f 8941 8952 8812
f 8953 8952 8954
f 8941 8954 8952
f 8814 8807 8653
f 8652 8813 8814
f 8814 8946 8807
f 8813 8955 8814
f 8814 8955 8946
f 8816 8956 8817
f 8817 8956 8813
f 8813 8956 8957
f 8955 8813 8957
f 8816 8809 8810
f 8816 8810 8950
f 8816 8950 8956
f 8950 8810 8660
f 8950 8660 8948
f 8660 8811 8948
f 8958 8647 8508
f 8958 8940 8647
f 8677 8662 8959
f 8662 8952 8959
f 8677 8960 8676
f 8960 8677 8959
f 8958 8508 8818
f 8676 8960 8821
f 8961 8818 8822
f 8820 8826 8824
f 8687 8820 8824
f 8676 8821 8686
f 8962 8825 8826
f 8825 8962 8689
f 8963 8823 8827
f 8828 8829 8964
f 8829 8689 8962
f 8963 8827 8830
f 8832 8828 8965
f 8831 8832 8965
f 8966 8830 8692
f 8967 8693 8833
f 8966 8692 8693
f 8968 8697 8831
f 8697 8968 8834
f 8969 8835 8834
f 8970 8967 8833
f 8836 8971 8702
f 8972 8836 8835
f 8971 8836 8972
f 8973 8971 8972
f 8833 8699 8970
f 8967 8970 8974
f 8970 8975 8976
f 8971 8977 8702
f 8977 8971 8978
f 8970 8699 8837
f 8970 8837 8975
f 8838 8979 8841
f 8980 8979 8977
f 8838 8977 8979
f 8837 8700 8975
f 8981 8975 8700
f 8981 8700 8840
f 8979 8846 8841
f 8982 8846 8979
f 8977 8838 8702
f 8842 8844 8843
f 8839 8843 8840
f 8846 8708 8845
f 8705 8844 8546
f 8843 8847 8983
f 8847 8843 8844
f 8984 8708 8846
f 8847 8706 8985
f 8706 8849 8985
f 8985 8849 8986
f 8847 8985 8987
f 8988 8715 8850
f 8984 8988 8850
f 8850 8708 8984
f 8989 8984 8990
f 8849 8848 8852
f 8852 8991 8986
f 8855 8991 8852
f 8855 8852 8851
f 8849 8852 8986
f 8857 8715 8988
f 8715 8857 8714
f 8992 8857 8988
f 8855 8853 8854
f 8991 8855 8993
f 8858 8854 8716
f 8854 8858 8994
f 8856 8859 8719
f 8995 8996 8997
f 8856 8995 8859
f 8857 8996 8856
f 8998 8858 8718
f 8858 8998 8994
f 8859 8995 8860
f 8717 8998 8718
f 8864 8998 8717
f 8862 8721 8860
f 8860 8721 8722
f 8865 8862 8999
f 9000 8862 8860
f 8863 8867 9001
f 8863 9001 9002
f 9002 8864 8861
f 9002 8861 8863
f 8867 8724 8866
f 9003 8728 8865
f 8728 9003 8871
f 8999 9003 8865
f 8727 8869 8866
f 8869 8868 9004
f 9005 8870 8871
f 9005 8871 9006
f 8870 9005 8732
f 8874 8730 8578
f 9004 8730 9007
f 9008 8732 9005
f 8872 8735 9009
f 8735 8736 9009
f 8872 9009 9010
f 8872 9010 8873
f 8873 9010 8874
f 9011 8874 9010
f 8732 9008 8737
f 9012 8739 9008
f 9008 8739 8737
f 8738 8875 9013
f 8738 9013 9014
f 9014 8736 8738
f 9015 8878 8739
f 8875 8877 9016
f 8875 9016 9013
f 9015 8880 8878
f 9017 8876 9018
f 8880 8882 8879
f 9018 8876 8881
f 8881 8884 9018
f 8882 9019 8885
f 8883 8887 9020
f 9020 8884 8883
f 8885 8752 8747
f 9021 8885 9019
f 8887 8886 8889
f 9021 8890 8752
f 8750 8753 9022
f 9022 8888 8750
f 9022 9023 8888
f 9024 8891 9025
f 8753 8891 9024
f 9022 8753 9024
f 9024 9025 9022
f 8755 8893 8892
f 8758 8894 8895
f 8894 9026 8895
f 9026 8894 9027
f 8891 8754 8895
f 9026 8891 8895
f 9025 8891 9026
f 8896 8892 8893
f 9028 8757 9029
f 9030 9029 8757
f 8894 8756 9028
f 8757 9028 8756
f 8760 8899 9031
f 8899 8760 8761
f 8757 9032 9030
f 8760 9032 8762
f 9031 9032 8760
f 9032 8757 8762
f 8896 9033 8897
f 8897 9033 8901
f 9033 8896 9034
f 8901 9035 8902
f 8903 8902 9036
f 9037 8904 9038
f 9038 8904 8903
f 9039 8770 9037
f 8770 9039 8905
f 9039 8900 8905
f 8900 9039 9040
f 9041 8899 8900
f 9041 9031 8899
f 9035 9036 8902
f 8902 8903 8768
f 8904 9037 8770
f 9042 8907 8906
f 9042 8906 8783
f 9042 8783 8908
f 8910 9043 9044
f 8910 9044 8909
f 9044 9043 9045
f 8911 9043 8910
f 9046 8919 8921
f 8913 8912 8921
f 8912 9047 8921
f 9048 9047 8912
f 9049 8912 8914
f 9049 8914 8774
f 9049 8774 9050
f 9050 9051 9049
f 8915 9050 8774
f 9052 9050 8915
f 9053 8915 8777
f 9053 9052 8915
f 8777 8916 9053
f 9054 8916 8917
f 9055 8917 8918
f 9045 8911 8787
f 8911 9045 9043
f 8928 8920 8919
f 8928 8919 9056
f 9056 8929 8928
f 8929 9056 9057
f 9056 8919 9046
f 8921 8919 8793
f 9045 8787 8922
f 8924 8930 8798
f 8924 9058 8930
f 8924 8923 9059
f 9060 9059 9061
f 9061 8923 8926
f 8923 9061 9059
f 8926 8927 9061
f 8929 9061 8927
f 8929 9060 9061
f 9062 9045 8922
f 8931 8922 8794
f 9063 8930 9064
f 8922 8931 9062
f 9065 8933 8932
f 9065 8932 9066
f 9066 8932 8934
f 8930 9063 8934
f 9063 9066 8934
f 8797 8930 8934
f 8937 9067 8942
f 9068 8936 9069
f 8936 9068 9070
f 9070 8937 8936
f 9067 8937 9070
f 9068 9069 9071
f 8802 8938 9072
f 9073 8951 9072
f 8951 9073 9074
f 9072 8938 9073
f 8939 8933 9075
f 8938 8939 9075
f 9065 9075 8933
f 8940 8931 8935
f 8947 8946 9069
f 8944 9069 8936
f 8943 8942 9067
f 8947 9069 8944
f 8946 9076 9069
f 9077 8943 9067
f 8943 9077 8954
f 9076 8946 8955
f 9078 8957 9079
f 8955 8957 9078
f 8955 9078 9076
f 9069 9076 9071
f 9080 8950 8949
f 9079 9081 9080
f 9079 9080 9082
f 9079 9082 9083
f 9080 8949 9082
f 9082 8949 8951
f 9082 9074 9083
f 9082 8951 9074
f 8951 8802 9072
f 8941 8943 8954
f 8952 8953 8959
f 8956 8950 8957
f 8957 8950 9081
f 9081 9079 8957
f 8950 9080 9081
f 8958 9084 8940
f 8953 8960 8959
f 8960 8953 9085
f 9086 9084 8958
f 8820 8821 9087
f 9088 8820 9087
f 8960 9087 8821
f 9089 9087 8960
f 8961 9086 8958
f 8818 8961 8958
f 8826 9090 8962
f 8826 8820 9088
f 8826 9088 9090
f 8822 9091 8961
f 9092 8829 8962
f 8829 9092 9093
f 9094 8962 9090
f 8963 9091 8823
f 9091 8822 8823
f 9093 8964 8829
f 9095 8965 8964
f 8964 8965 8828
f 9096 8830 8966
f 8968 8831 9097
f 8831 8965 9097
f 9098 8966 9099
f 8830 9096 8963
f 8968 8969 8834
f 9100 8969 8968
f 9099 8966 8967
f 8693 8967 8966
f 8972 8835 8969
f 9101 8972 8969
f 8972 9101 8973
f 9099 8967 8974
f 8973 8978 8971
f 8976 8974 8970
f 8980 8977 9102
f 8978 9102 8977
f 9103 8976 8975
f 8979 9104 8982
f 9104 8979 8980
f 8980 9102 9105
f 9104 8980 9105
f 8975 8981 9103
f 8846 8982 9106
f 9106 8982 9104
f 8981 8840 9107
f 9103 8981 9107
f 8840 8843 9107
f 9106 8984 8846
f 9108 8983 9109
f 8990 8984 9106
f 8987 8985 9110
f 8985 8986 9110
f 8847 8987 8983
f 8983 8987 9109
f 8987 9110 9111
f 8984 8989 8988
f 8992 8988 8989
f 9110 8986 9112
f 8991 9112 8986
f 9110 9112 9111
f 8857 8992 8996
f 8996 8992 9113
f 8855 8854 9114
f 8855 9114 8993
f 8996 8995 8856
f 8994 9115 8854
f 9115 9114 8854
f 9000 8995 9116
f 9116 8997 9117
f 8997 9116 8995
f 8998 9118 8994
f 8995 9000 8860
f 9119 9118 8998
f 8862 9000 9120
f 8999 8862 9120
f 9120 9121 8999
f 9122 8864 9002
f 8864 9122 8998
f 9119 8998 9122
f 9002 9123 9122
f 9121 9003 8999
f 9002 9001 9124
f 9125 8867 8866
f 9001 8867 9124
f 9125 9124 8867
f 9124 9123 9002
f 9126 9124 9127
f 8869 9128 9129
f 8869 9129 8866
f 9125 8866 9129
f 9124 9125 9127
f 9006 8871 9003
f 9128 9004 9130
f 9131 9004 9007
f 9004 9128 8869
f 9006 9132 9005
f 8730 8874 9007
f 9011 9007 8874
f 8730 9004 8868
f 9008 9005 9133
f 9132 9133 9005
f 9010 9009 9134
f 9134 9009 9135
f 9011 9010 9134
f 8739 9012 9015
f 9012 9008 9133
f 9136 9015 9012
f 9135 9014 9137
f 9014 9009 8736
f 9009 9014 9135
f 9138 9016 8877
f 9139 8880 9015
f 8876 9017 8877
f 9017 9018 9140
f 9018 9141 9140
f 9138 8877 9017
f 9140 9138 9017
f 9142 8882 8880
f 8882 9142 9019
f 8884 9141 9018
f 9143 8884 9020
f 8884 9143 9141
f 8885 9021 8752
f 9020 8887 8889
f 9144 9020 8889
f 9144 9145 9020
f 9021 9146 8890
f 9023 8889 8888
f 8889 9023 9144
f 8893 8890 9146
f 9025 9147 9022
f 9148 9147 9025
f 9147 9023 9022
f 9146 9149 8893
f 9150 9025 9026
f 8893 9034 8896
f 9028 9151 8894
f 9152 9151 9028
f 9029 9152 9028
f 9151 9027 8894
f 9026 9027 9150
f 9027 9153 9150
f 9154 9032 9031
f 9029 9154 9155
f 9154 9030 9032
f 9154 9029 9030
f 9029 9155 9156
f 9152 9029 9156
f 9157 9034 9158
f 8901 9033 9159
f 9157 9159 9033
f 9034 9157 9033
f 9160 9159 9157
f 9158 9160 9157
f 9040 9041 8900
f 9040 9161 9041
f 9162 9031 9041
f 9154 9031 9162
f 9159 9035 8901
f 9163 9036 9035
f 9036 9163 9164
f 9159 9165 9035
f 9035 9165 9163
f 9164 8903 9036
f 9166 9164 9163
f 9164 9038 8903
f 9167 9164 9168
f 9167 9037 9038
f 9164 9167 9038
f 9039 9169 9040
f 9170 9171 8909
f 9170 8909 9044
f 9053 9172 9173
f 9054 9172 8916
f 9174 8917 9175
f 9054 9174 9172
f 8917 9174 9054
f 9055 9175 8917
f 9176 9055 8918
f 9176 8918 8907
f 9177 8907 9042
f 9177 9042 9178
f 9178 9042 8908
f 9178 8908 8909
f 9178 8909 9171
f 9179 9044 9045
f 9180 9181 9182
f 9181 9056 9046
f 9181 9046 9183
f 8921 9047 9046
f 9184 9046 9047
f 9184 9047 9048
f 9049 9048 8912
f 9185 9048 9049
f 9051 9185 9049
f 9052 9051 9050
f 9052 9186 9051
f 9173 9052 9053
f 9052 9173 9186
f 9172 9053 8916
f 9059 9060 9187
f 9188 9187 9060
f 9057 9060 8929
f 9060 9057 9188
f 9180 9188 9057
f 9181 9180 9057
f 9057 9056 9181
f 9058 9064 8930
f 9189 9064 9058
f 9064 9189 9190
f 9191 8924 9187
f 9187 8924 9059
f 8924 9191 9058
f 9192 9045 9062
f 9193 9062 8931
f 9063 9194 9195
f 9064 9190 9194
f 9194 9063 9064
f 9075 9065 9196
f 9196 9065 9066
f 9197 9196 9066
f 9063 9195 9066
f 9070 9198 9067
f 9077 9067 9198
f 9070 9068 9199
f 9077 9198 9200
f 9076 9201 9071
f 9071 9202 9068
f 9202 9199 9068
f 9203 9204 9083
f 9203 9083 9074
f 9074 9073 9205
f 9073 9206 9205
f 9073 9207 9206
f 9073 8938 9207
f 8938 9075 9207
f 9207 9075 9208
f 9208 9075 9196
f 8954 9077 9209
f 9209 9077 9200
f 9079 9204 9078
f 9204 9076 9078
f 9076 9204 9201
f 9204 9079 9083
f 9085 8953 9210
f 8953 8954 9210
f 9210 8954 9209
f 9210 9211 9085
f 9212 8940 9084
f 9213 9088 9214
f 9215 9213 9214
f 9088 9211 9214
f 9088 9089 9211
f 9085 9089 8960
f 9089 9085 9211
f 9212 9084 9086
f 9216 9217 9094
f 9090 9216 9094
f 9216 9090 9213
f 9213 9090 9088
f 9089 9088 9087
f 8961 9218 9086
f 8962 9094 9092
f 9219 9092 9094
f 9094 9217 9219
f 9220 9093 9221
f 9092 9221 9093
f 9221 9092 9219
f 9091 8963 9222
f 8961 9091 9222
f 9223 8961 9222
f 9223 9218 8961
f 8964 9224 9095
f 8964 9093 9224
f 9096 9223 9222
f 8963 9096 9222
f 8965 9095 9097
f 9097 9095 9225
f 8968 9097 9100
f 9100 9097 9225
f 9100 9101 8969
f 9226 9227 9228
f 8973 9101 9227
f 8976 9099 8974
f 9226 8978 8973
f 8973 9227 9226
f 9099 8976 9229
f 9230 9102 9226
f 9105 9102 9230
f 8978 9226 9102
f 9104 9105 9231
f 9231 9105 9230
f 9106 9104 9231
f 9103 9107 9232
f 8983 9108 8843
f 9107 8843 9108
f 8990 9233 8989
f 8990 9106 9233
f 9109 8987 9111
f 9234 9109 9111
f 8989 9113 8992
f 9113 8989 9235
f 9111 9112 9234
f 9236 8993 9114
f 8991 8993 9237
f 9237 9112 8991
f 8997 9113 9117
f 8996 9113 8997
f 9238 9115 9239
f 9116 9240 9000
f 9000 9240 9241
f 9117 9240 9116
f 9240 9117 9242
f 8994 9243 9115
f 9118 9243 8994
f 9244 9243 9118
f 9000 9245 9120
f 9120 9245 9121
f 9000 9241 9245
f 9246 9122 9123
f 9124 9126 9123
f 9246 9126 9247
f 9126 9246 9123
f 9003 9121 9248
f 9006 9003 9248
f 9130 9129 9128
f 9129 9249 9125
f 9127 9125 9249
f 9127 9249 9250
f 9251 9127 9250
f 9130 9004 9131
f 9129 9130 9249
f 9132 9252 9133
f 9253 9131 9007
f 9011 9134 9253
f 9134 9254 9253
f 9007 9011 9253
f 9133 9136 9012
f 9015 9136 9139
f 9013 9255 9014
f 9014 9255 9137
f 9135 9137 9256
f 9134 9135 9254
f 9257 9258 9016
f 9255 9016 9258
f 9016 9255 9013
f 9259 9255 9258
f 8880 9139 9142
f 9139 9260 9142
f 9261 9260 9139
f 9016 9138 9257
f 9262 9138 9140
f 9138 9262 9257
f 9260 9019 9142
f 9141 9143 9263
f 9264 9141 9263
f 9140 9141 9264
f 9260 9021 9019
f 9021 9260 9265
f 9020 9266 9143
f 9266 9267 9143
f 9143 9267 9263
f 9145 9266 9020
f 9266 9145 9268
f 9269 9146 9021
f 9270 9023 9147
f 9271 9145 9144
f 9144 9023 9271
f 9270 9271 9023
f 9145 9271 9270
f 9147 9148 9272
f 9272 9270 9147
f 9025 9150 9273
f 9273 9150 9274
f 9148 9273 9275
f 9273 9148 9025
f 9149 9034 8893
f 9149 9276 9034
f 9277 9278 9152
f 9151 9152 9153
f 9153 9152 9278
f 9153 9027 9151
f 9276 9158 9034
f 9279 9156 9155
f 9152 9156 9277
f 9169 9280 9040
f 9280 9161 9040
f 9161 9281 9041
f 9282 9154 9162
f 9282 9162 9041
f 9282 9041 9281
f 9282 9155 9154
f 9160 9283 9159
f 9165 9159 9283
f 9283 9284 9165
f 9164 9166 9168
f 9165 9166 9163
f 9285 9166 9286
f 9168 9285 9167
f 9167 9039 9037
f 9287 9039 9167
f 9287 9169 9039
f 9288 9171 9170
f 9288 9289 9171
f 9290 9182 9291
f 9183 9291 9182
f 9046 9184 9183
f 9292 9184 9048
f 9293 9292 9048
f 9293 9048 9185
f 9185 9294 9293
f 9186 9185 9051
f 9185 9186 9294
f 9186 9173 9295
f 9294 9186 9295
f 9174 9296 9172
f 9297 9055 9176
f 9297 9175 9055
f 8907 9177 9176
f 9171 9177 9178
f 9298 9177 9171
f 9179 9170 9044
f 9188 9299 9300
f 9299 9188 9180
f 9299 9180 9301
f 9182 9301 9180
f 9183 9182 9181
f 9291 9183 9184
f 9302 9191 9187
f 9303 9302 9187
f 9303 9187 9300
f 9300 9187 9188
f 9304 9179 9045
f 9045 9192 9304
f 9305 9190 9189
f 9191 9189 9058
f 9305 9189 9191
f 9306 9191 9302
f 9307 9195 9194
f 9308 9307 9309
f 9309 9194 9190
f 9194 9309 9307
f 9310 9309 9190
f 9062 9193 9192
f 9311 9199 9312
f 9199 9313 9312
f 9314 9208 9315
f 9208 9196 9308
f 9196 9197 9308
f 9208 9308 9315
f 9195 9197 9066
f 9197 9195 9307
f 9197 9307 9308
f 9316 9192 9193
f 9311 9070 9199
f 9070 9311 9198
f 9198 9317 9200
f 9317 9198 9312
f 9311 9312 9198
f 9317 9312 9318
f 9071 9201 9319
f 9204 9203 9201
f 9071 9319 9202
f 9319 9199 9202
f 9199 9319 9313
f 9203 9074 9205
f 9205 9206 9314
f 9207 9208 9206
f 9206 9208 9314
f 8940 9193 8931
f 9193 8940 9320
f 9321 9209 9200
f 9321 9322 9323
f 9322 9321 9324
f 9200 9317 9321
f 9317 9324 9321
f 9320 8940 9212
f 9212 9325 9320
f 9211 9210 9326
f 9214 9326 9327
f 9215 9214 9327
f 9328 9327 9329
f 9327 9326 9330
f 9323 9326 9210
f 9209 9323 9210
f 9323 9209 9321
f 9326 9323 9330
f 9325 9212 9331
f 9217 9216 9215
f 9213 9215 9216
f 9328 9217 9215
f 9327 9328 9215
f 9214 9211 9326
f 9212 9086 9331
f 9332 9331 9086
f 9221 9333 9220
f 9333 9221 9219
f 9334 9219 9217
f 9086 9218 9332
f 9335 9224 9220
f 9093 9220 9224
f 9335 9095 9224
f 9095 9335 9225
f 9335 9336 9225
f 9337 9223 9096
f 9101 9338 9339
f 9101 9100 9338
f 9338 9100 9225
f 9096 9098 9340
f 9341 9227 9101
f 9101 9339 9341
f 9342 9098 9343
f 8966 9098 9096
f 9099 9229 9098
f 9098 9229 9343
f 9341 9228 9227
f 9344 9228 9341
f 9345 9230 9226
f 9345 9226 9228
f 9345 9228 9346
f 9347 9229 8976
f 9343 9229 9347
f 8976 9103 9347
f 9230 9348 9231
f 9349 9231 9348
f 9232 9347 9103
f 9350 9106 9349
f 9106 9350 9233
f 9349 9106 9231
f 9347 9232 9351
f 9232 9352 9351
f 9235 9233 9353
f 9350 9353 9233
f 9108 9232 9107
f 9232 9108 9352
f 9352 9108 9354
f 9351 9354 9355
f 9354 9351 9352
f 9233 9235 8989
f 9354 9108 9109
f 9356 9113 9235
f 9235 9357 9356
f 9234 9112 9358
f 9234 9358 9359
f 9109 9234 9359
f 9354 9109 9359
f 9117 9113 9360
f 9360 9113 9356
f 9114 9238 9236
f 9237 8993 9236
f 9358 9237 9236
f 9361 9236 9362
f 9112 9237 9358
f 9363 9364 9242
f 9117 9363 9242
f 9115 9238 9114
f 9239 9362 9238
f 9362 9236 9238
f 9365 9240 9242
f 9365 9241 9240
f 9365 9366 9241
f 9241 9366 9367
f 9368 9243 9369
f 9239 9115 9243
f 9367 9245 9241
f 9119 9244 9118
f 9244 9370 9243
f 9369 9243 9370
f 9371 9245 9367
f 9371 9248 9121
f 9245 9371 9121
f 9244 9122 9246
f 9372 9244 9246
f 9246 9373 9372
f 9119 9122 9244
f 9370 9244 9372
f 9250 9249 9251
f 9249 9374 9251
f 9375 9127 9251
f 9376 9247 9375
f 9376 9375 9251
f 9127 9375 9126
f 9126 9375 9247
f 9132 9248 9377
f 9248 9132 9006
f 9248 9378 9377
f 9252 9132 9377
f 9130 9131 9379
f 9131 9380 9379
f 9252 9136 9133
f 9254 9381 9253
f 9131 9253 9380
f 9381 9380 9253
f 9261 9136 9382
f 9383 9136 9252
f 9137 9255 9259
f 9137 9259 9256
f 9254 9135 9384
f 9135 9256 9384
f 9254 9384 9385
f 9254 9385 9381
f 9136 9261 9139
f 9386 9261 9387
f 9388 9258 9257
f 9388 9259 9258
f 9259 9389 9390
f 9260 9261 9386
f 9257 9262 9388
f 9391 9265 9260
f 9264 9392 9262
f 9264 9263 9392
f 9140 9264 9262
f 9267 9266 9268
f 9393 9263 9267
f 9265 9269 9021
f 9145 9270 9394
f 9269 9395 9146
f 9395 9269 9396
f 9397 9272 9148
f 9270 9272 9398
f 9398 9272 9399
f 9149 9146 9395
f 9395 9276 9149
f 9276 9395 9400
f 9274 9275 9273
f 9276 9401 9158
f 9402 9274 9153
f 9402 9153 9278
f 9403 9278 9404
f 9274 9150 9153
f 9405 9275 9274
f 9274 9402 9405
f 9275 9405 9406
f 9277 9156 9279
f 9404 9277 9279
f 9407 9404 9279
f 9404 9407 9408
f 9277 9404 9278
f 9160 9158 9409
f 9409 9283 9160
f 9281 9410 9282
f 9410 9411 9282
f 9411 9410 9412
f 9155 9282 9411
f 9279 9155 9411
f 9407 9279 9411
f 9284 9166 9165
f 9166 9284 9286
f 9166 9285 9168
f 9285 9287 9167
f 9413 9287 9285
f 9287 9414 9169
f 9169 9414 9280
f 9280 9281 9161
f 9415 9281 9280
f 9416 9410 9281
f 9289 9298 9171
f 9417 9288 9170
f 9418 9419 9290
f 9418 9290 9291
f 9291 9184 9420
f 9421 9291 9420
f 9184 9292 9420
f 9421 9420 9292
f 9422 9293 9294
f 9423 9294 9295
f 9294 9423 9422
f 9424 9295 9173
f 9296 9173 9172
f 9173 9296 9424
f 9425 9426 9296
f 9175 9296 9174
f 9296 9175 9425
f 9426 9425 9427
f 9428 9175 9297
f 9429 9175 9428
f 9429 9425 9175
f 9297 9176 9428
f 9298 9428 9176
f 9428 9298 9430
f 9298 9176 9177
f 9417 9179 9431
f 9179 9417 9170
f 9432 9433 9303
f 9432 9300 9299
f 9300 9432 9303
f 9301 9432 9299
f 9434 9432 9301
f 9419 9301 9290
f 9290 9301 9182
f 9435 9179 9304
f 9191 9306 9305
f 9303 9306 9302
f 9433 9306 9303
f 9306 9433 9436
f 9305 9310 9190
f 9305 9437 9310
f 9438 9437 9305
f 9306 9438 9305
f 9439 9304 9192
f 9440 9308 9309
f 9440 9309 9441
f 9310 9441 9309
f 9439 9192 9316
f 9442 9313 9319
f 9443 9444 9314
f 9444 9445 9314
f 9443 9315 9308
f 9443 9314 9315
f 9308 9440 9443
f 9320 9316 9193
f 9318 9312 9446
f 9201 9203 9447
f 9201 9447 9319
f 9447 9442 9319
f 9314 9203 9205
f 9203 9445 9447
f 9203 9314 9445
f 9322 9448 9330
f 9322 9324 9448
f 9324 9318 9448
f 9449 9330 9450
f 9448 9450 9330
f 9317 9318 9324
f 9451 9320 9325
f 9327 9330 9449
f 9327 9449 9452
f 9330 9323 9322
f 9217 9328 9453
f 9329 9453 9328
f 9331 9454 9325
f 9219 9334 9333
f 9455 9334 9456
f 9457 9332 9218
f 9458 9220 9333
f 9458 9336 9335
f 9223 9337 9218
f 9457 9218 9337
f 9457 9337 9459
f 9460 9225 9336
f 9338 9225 9460
f 9461 9096 9340
f 9338 9460 9462
f 9463 9344 9341
f 9463 9464 9344
f 9339 9463 9341
f 9339 9338 9463
f 9098 9342 9340
f 9344 9346 9228
f 9464 9346 9344
f 9230 9345 9348
f 9348 9345 9465
f 9346 9465 9345
f 9465 9346 9466
f 9343 9347 9467
f 9468 9348 9465
f 9469 9467 9347
f 9468 9350 9349
f 9470 9350 9468
f 9349 9348 9468
f 9351 9469 9347
f 9471 9350 9470
f 9472 9473 9474
f 9473 9472 9353
f 9353 9350 9473
f 9355 9475 9351
f 9357 9235 9353
f 9472 9357 9353
f 9356 9357 9472
f 9355 9354 9476
f 9354 9359 9476
f 9476 9359 9477
f 9117 9360 9363
f 9360 9478 9363
f 9478 9360 9479
f 9360 9356 9479
f 9480 9236 9361
f 9359 9480 9477
f 9236 9480 9358
f 9480 9359 9358
f 9242 9364 9365
f 9364 9363 9478
f 9361 9362 9481
f 9481 9362 9368
f 9482 9367 9366
f 9483 9366 9365
f 9243 9368 9239
f 9362 9239 9368
f 9371 9367 9484
f 9485 9371 9484
f 9372 9373 9486
f 9372 9486 9370
f 9248 9371 9487
f 9488 9248 9487
f 9247 9489 9373
f 9246 9247 9373
f 9378 9248 9488
f 9374 9376 9251
f 9379 9249 9130
f 9377 9490 9252
f 9249 9379 9491
f 9491 9380 9492
f 9380 9491 9379
f 9491 9492 9493
f 9136 9383 9382
f 9385 9494 9381
f 9381 9494 9380
f 9380 9494 9492
f 9495 9382 9383
f 9496 9259 9497
f 9384 9496 9498
f 9259 9496 9256
f 9496 9384 9256
f 9384 9498 9385
f 9382 9387 9261
f 9495 9499 9382
f 9499 9387 9382
f 9259 9388 9389
f 9259 9390 9497
f 9392 9500 9262
f 9262 9500 9388
f 9388 9500 9389
f 9386 9391 9260
f 9501 9265 9391
f 9502 9391 9386
f 9393 9392 9263
f 9392 9393 9503
f 9500 9392 9503
f 9396 9265 9501
f 9504 9267 9268
f 9267 9504 9393
f 9269 9265 9396
f 9394 9268 9145
f 9505 9394 9398
f 9398 9394 9270
f 9268 9394 9506
f 9507 9395 9396
f 9398 9399 9505
f 9397 9275 9406
f 9275 9397 9148
f 9272 9397 9399
f 9401 9276 9400
f 9401 9400 9508
f 9508 9509 9401
f 9278 9403 9402
f 9405 9402 9510
f 9406 9405 9510
f 9158 9401 9509
f 9509 9409 9158
f 9509 9511 9409
f 9511 9512 9409
f 9513 9407 9411
f 9407 9513 9408
f 9411 9412 9513
f 9512 9283 9409
f 9283 9512 9284
f 9512 9514 9284
f 9287 9413 9515
f 9413 9285 9286
f 9515 9414 9287
f 9414 9516 9517
f 9517 9280 9414
f 9280 9517 9415
f 9415 9416 9281
f 9416 9412 9410
f 9284 9514 9286
f 9514 9413 9286
f 9428 9518 9429
f 9518 9428 9430
f 9519 9298 9289
f 9519 9430 9298
f 9520 9519 9289
f 9289 9288 9520
f 9288 9417 9520
f 9521 9434 9419
f 9301 9419 9434
f 9521 9419 9418
f 9421 9418 9291
f 9522 9418 9421
f 9523 9421 9292
f 9523 9292 9524
f 9293 9524 9292
f 9524 9293 9422
f 9423 9525 9422
f 9426 9424 9296
f 9426 9526 9424
f 9423 9424 9526
f 9424 9423 9295
f 9427 9526 9426
f 9429 9427 9425
f 9431 9520 9417
f 9431 9527 9520
f 9435 9527 9431
f 9433 9528 9436
f 9529 9433 9432
f 9529 9528 9433
f 9521 9529 9434
f 9530 9528 9529
f 9530 9529 9531
f 9434 9529 9432
f 9179 9435 9431
f 9436 9438 9306
f 9532 9533 9438
f 9438 9436 9534
f 9435 9304 9535
f 9536 9441 9437
f 9437 9441 9310
f 9437 9438 9533
f 9535 9304 9439
f 9439 9537 9535
f 9538 9444 9539
f 9539 9444 9540
f 9443 9540 9444
f 9541 9542 9540
f 9539 9540 9542
f 9536 9440 9441
f 9541 9443 9440
f 9440 9536 9541
f 9543 9439 9316
f 9537 9439 9544
f 9545 9312 9313
f 9545 9313 9546
f 9312 9545 9446
f 9545 9546 9547
f 9445 9442 9447
f 9313 9442 9546
f 9548 9442 9445
f 9549 9442 9550
f 9442 9548 9550
f 9445 9444 9538
f 9548 9445 9538
f 9540 9443 9541
f 9439 9543 9544
f 9446 9448 9318
f 9448 9446 9551
f 9446 9552 9551
f 9316 9451 9543
f 9320 9451 9316
f 9553 9449 9450
f 9553 9450 9554
f 9555 9553 9554
f 9448 9551 9450
f 9451 9325 9556
f 9452 9557 9329
f 9329 9327 9452
f 9553 9452 9449
f 9553 9557 9452
f 9454 9556 9325
f 9455 9456 9558
f 9456 9559 9558
f 9334 9453 9456
f 9456 9453 9559
f 9559 9453 9557
f 9453 9329 9557
f 9454 9331 9560
f 9334 9455 9333
f 9453 9334 9217
f 9560 9331 9332
f 9220 9458 9335
f 9561 9458 9333
f 9562 9458 9561
f 9560 9332 9457
f 9459 9560 9457
f 9459 9563 9560
f 9336 9458 9562
f 9564 9460 9565
f 9565 9460 9336
f 9461 9459 9337
f 9566 9459 9461
f 9463 9462 9567
f 9460 9564 9462
f 9096 9461 9337
f 9462 9463 9338
f 9568 9461 9340
f 9464 9567 9569
f 9567 9464 9463
f 9340 9342 9568
f 9570 9464 9569
f 9466 9464 9570
f 9467 9342 9343
f 9464 9466 9346
f 9342 9467 9571
f 9468 9572 9470
f 9468 9465 9466
f 9468 9466 9572
f 9469 9351 9573
f 9474 9473 9471
f 9350 9471 9473
f 9351 9475 9573
f 9574 9474 9575
f 9574 9356 9472
f 9474 9574 9472
f 9479 9576 9478
f 9479 9577 9576
f 9574 9479 9356
f 9578 9476 9579
f 9579 9476 9477
f 9576 9580 9478
f 9477 9581 9582
f 9477 9480 9581
f 9483 9365 9364
f 9483 9364 9580
f 9580 9364 9478
f 9580 9583 9584
f 9483 9580 9584
f 9483 9584 9585
f 9361 9481 9586
f 9481 9587 9586
f 9581 9361 9586
f 9361 9581 9480
f 9482 9366 9483
f 9482 9483 9588
f 9481 9368 9587
f 9367 9482 9484
f 9588 9485 9484
f 9484 9482 9588
f 9368 9369 9589
f 9589 9370 9590
f 9370 9589 9369
f 9371 9485 9487
f 9370 9486 9590
f 9591 9486 9373
f 9486 9592 9590
f 9591 9373 9489
f 9486 9591 9592
f 9593 9591 9489
f 9247 9376 9489
f 9376 9594 9489
f 9594 9595 9489
f 9596 9249 9491
f 9596 9374 9249
f 9374 9597 9594
f 9376 9374 9594
f 9378 9490 9377
f 9490 9383 9252
f 9491 9598 9596
f 9491 9493 9598
f 9490 9495 9383
f 9494 9599 9492
f 9492 9599 9600
f 9496 9601 9498
f 9496 9497 9601
f 9601 9497 9602
f 9498 9603 9385
f 9494 9385 9603
f 9499 9604 9387
f 9389 9605 9390
f 9387 9604 9386
f 9604 9502 9386
f 9500 9503 9606
f 9503 9607 9606
f 9500 9606 9389
f 9391 9502 9501
f 9396 9501 9608
f 9609 9393 9610
f 9610 9393 9504
f 9507 9608 9611
f 9268 9506 9504
f 9612 9504 9506
f 9395 9507 9400
f 9608 9507 9396
f 9505 9506 9394
f 9400 9507 9613
f 9614 9615 9399
f 9613 9508 9400
f 9616 9397 9406
f 9399 9397 9614
f 9617 9510 9618
f 9616 9406 9617
f 9619 9397 9616
f 9408 9620 9404
f 9403 9621 9510
f 9620 9403 9404
f 9403 9620 9621
f 9402 9403 9510
f 9509 9622 9511
f 9511 9622 9512
f 9622 9623 9512
f 9624 9513 9412
f 9625 9408 9513
f 9513 9624 9625
f 9512 9623 9514
f 9515 9413 9626
f 9515 9627 9414
f 9627 9516 9414
f 9415 9516 9628
f 9629 9628 9516
f 9627 9629 9516
f 9628 9416 9415
f 9516 9415 9517
f 9416 9628 9624
f 9416 9624 9412
f 9514 9630 9413
f 9630 9626 9413
f 9523 9631 9632
f 9633 9631 9523
f 9634 9523 9524
f 9523 9634 9633
f 9634 9524 9422
f 9635 9525 9423
f 9525 9634 9422
f 9525 9635 9636
f 9637 9526 9427
f 9526 9635 9423
f 9638 9637 9427
f 9518 9638 9429
f 9519 9518 9430
f 9518 9519 9639
f 9519 9520 9640
f 9527 9640 9520
f 9529 9521 9531
f 9641 9521 9418
f 9642 9521 9641
f 9418 9522 9641
f 9643 9641 9522
f 9632 9522 9421
f 9631 9522 9632
f 9523 9632 9421
f 9427 9429 9638
f 9644 9534 9436
f 9530 9436 9528
f 9436 9530 9644
f 9645 9527 9435
f 9646 9647 9532
f 9646 9438 9534
f 9438 9646 9532
f 9648 9645 9435
f 9542 9536 9532
f 9647 9542 9532
f 9542 9647 9649
f 9437 9533 9536
f 9532 9536 9533
f 9648 9535 9537
f 9535 9648 9435
f 9538 9539 9650
f 9539 9542 9649
f 9542 9541 9536
f 9544 9648 9537
f 9545 9552 9446
f 9547 9552 9545
f 9651 9546 9549
f 9546 9651 9547
f 9551 9552 9652
f 9442 9549 9546
f 9549 9653 9651
f 9650 9548 9538
f 9548 9650 9654
f 9550 9548 9654
f 9652 9655 9551
f 9553 9555 9557
f 9554 9655 9555
f 9554 9450 9551
f 9655 9554 9551
f 9656 9451 9556
f 9451 9656 9543
f 9559 9557 9657
f 9658 9556 9454
f 9659 9455 9558
f 9657 9558 9559
f 9333 9455 9561
f 9660 9561 9661
f 9455 9661 9561
f 9658 9560 9662
f 9562 9561 9660
f 9662 9560 9563
f 9565 9562 9663
f 9562 9565 9336
f 9663 9562 9664
f 9664 9562 9660
f 9459 9665 9563
f 9565 9666 9564
f 9666 9565 9663
f 9459 9566 9665
f 9462 9667 9567
f 9564 9667 9462
f 9566 9461 9568
f 9567 9668 9569
f 9570 9569 9669
f 9670 9570 9669
f 9568 9342 9671
f 9342 9571 9671
f 9572 9466 9672
f 9673 9572 9672
f 9570 9672 9466
f 9571 9467 9674
f 9571 9674 9675
f 9674 9467 9469
f 9572 9676 9470
f 9674 9469 9573
f 9677 9674 9573
f 9575 9474 9471
f 9676 9471 9470
f 9678 9575 9471
f 9475 9679 9573
f 9679 9677 9573
f 9680 9679 9475
f 9681 9682 9575
f 9679 9680 9683
f 9574 9575 9682
f 9574 9682 9577
f 9578 9475 9355
f 9684 9578 9685
f 9578 9680 9475
f 9680 9578 9684
f 9576 9577 9686
f 9687 9576 9686
f 9479 9574 9577
f 9577 9682 9686
f 9476 9578 9355
f 9579 9685 9578
f 9688 9584 9689
f 9689 9584 9583
f 9580 9576 9583
f 9579 9477 9582
f 9688 9585 9584
f 9690 9586 9691
f 9690 9581 9586
f 9483 9585 9588
f 9585 9692 9588
f 9368 9589 9587
f 9587 9589 9693
f 9588 9694 9485
f 9695 9588 9692
f 9588 9695 9694
f 9590 9693 9589
f 9592 9696 9590
f 9485 9697 9487
f 9694 9697 9485
f 9698 9592 9699
f 9488 9487 9697
f 9697 9700 9488
f 9592 9591 9699
f 9591 9701 9699
f 9701 9591 9593
f 9488 9702 9378
f 9488 9700 9702
f 9595 9594 9703
f 9595 9593 9489
f 9490 9704 9705
f 9704 9490 9702
f 9597 9374 9596
f 9597 9596 9706
f 9707 9706 9708
f 9709 9594 9597
f 9702 9490 9378
f 9493 9492 9710
f 9706 9598 9493
f 9493 9710 9706
f 9598 9706 9596
f 9708 9706 9710
f 9705 9495 9490
f 9711 9600 9599
f 9710 9600 9712
f 9600 9710 9492
f 9499 9495 9713
f 9390 9602 9497
f 9601 9602 9714
f 9498 9601 9603
f 9603 9601 9715
f 9603 9599 9494
f 9599 9603 9711
f 9715 9711 9603
f 9604 9499 9713
f 9389 9716 9605
f 9390 9605 9717
f 9390 9717 9602
f 9718 9604 9719
f 9604 9718 9502
f 9606 9607 9716
f 9716 9389 9606
f 9610 9720 9609
f 9503 9609 9607
f 9393 9609 9503
f 9721 9608 9501
f 9501 9502 9721
f 9721 9502 9718
f 9722 9610 9504
f 9720 9610 9723
f 9723 9610 9722
f 9608 9721 9611
f 9722 9504 9612
f 9724 9507 9611
f 9725 9506 9505
f 9506 9725 9612
f 9615 9505 9399
f 9726 9505 9615
f 9613 9727 9508
f 9397 9619 9614
f 9615 9619 9728
f 9619 9615 9614
f 9509 9508 9729
f 9727 9729 9508
f 9510 9617 9406
f 9730 9620 9408
f 9731 9620 9730
f 9620 9731 9732
f 9732 9621 9620
f 9618 9510 9621
f 9509 9729 9622
f 9733 9622 9729
f 9730 9408 9625
f 9734 9730 9625
f 9733 9735 9623
f 9623 9735 9736
f 9737 9627 9515
f 9626 9737 9515
f 9738 9737 9626
f 9737 9739 9627
f 9739 9628 9629
f 9739 9629 9627
f 9740 9625 9624
f 9736 9630 9514
f 9623 9736 9514
f 9738 9630 9736
f 9630 9738 9626
f 9643 9741 9641
f 9643 9522 9631
f 9631 9633 9742
f 9636 9634 9525
f 9526 9637 9635
f 9743 9635 9637
f 9744 9637 9638
f 9744 9743 9637
f 9518 9744 9638
f 9639 9744 9518
f 9745 9744 9639
f 9744 9745 9746
f 9640 9639 9519
f 9747 9640 9748
f 9745 9639 9640
f 9747 9745 9640
f 9640 9527 9748
f 9642 9530 9531
f 9521 9642 9531
f 9645 9748 9527
f 9749 9534 9644
f 9534 9749 9646
f 9750 9644 9751
f 9644 9530 9751
f 9752 9753 9754
f 9753 9649 9647
f 9646 9753 9647
f 9753 9646 9749
f 9648 9755 9645
f 9753 9752 9649
f 9651 9756 9757
f 9756 9550 9758
f 9758 9550 9654
f 9654 9759 9758
f 9650 9759 9654
f 9650 9539 9760
f 9650 9760 9759
f 9539 9649 9760
f 9544 9761 9648
f 9761 9762 9648
f 9552 9547 9652
f 9547 9763 9652
f 9763 9547 9651
f 9763 9651 9757
f 9653 9549 9756
f 9549 9550 9756
f 9651 9653 9756
f 9656 9544 9543
f 9544 9764 9761
f 9544 9656 9764
f 9557 9555 9765
f 9766 9765 9555
f 9655 9766 9555
f 9556 9767 9656
f 9764 9767 9768
f 9767 9764 9656
f 9769 9657 9557
f 9769 9557 9765
f 9658 9767 9556
f 9770 9767 9658
f 9661 9659 9558
f 9771 9661 9558
f 9772 9661 9771
f 9558 9657 9771
f 9773 9657 9769
f 9560 9658 9454
f 9770 9658 9662
f 9661 9774 9660
f 9661 9455 9659
f 9775 9664 9660
f 9664 9775 9663
f 9776 9666 9663
f 9666 9776 9777
f 9776 9663 9775
f 9563 9665 9778
f 9777 9779 9667
f 9667 9666 9777
f 9666 9667 9564
f 9778 9665 9566
f 9779 9780 9668
f 9668 9667 9779
f 9668 9567 9667
f 9781 9566 9568
f 9782 9670 9669
f 9669 9668 9782
f 9668 9669 9569
f 9671 9781 9568
f 9781 9671 9783
f 9570 9670 9672
f 9571 9783 9671
f 9571 9675 9783
f 9572 9673 9676
f 9784 9673 9785
f 9786 9676 9784
f 9676 9678 9471
f 9678 9676 9786
f 9787 9677 9788
f 9677 9679 9683
f 9681 9575 9678
f 9686 9682 9681
f 9789 9686 9681
f 9790 9686 9789
f 9686 9791 9687
f 9687 9791 9792
f 9579 9582 9685
f 9583 9576 9687
f 9689 9583 9687
f 9689 9687 9792
f 9582 9581 9690
f 9582 9793 9685
f 9582 9690 9793
f 9691 9793 9690
f 9586 9587 9794
f 9587 9693 9794
f 9586 9794 9691
f 9693 9696 9794
f 9590 9696 9693
f 9794 9696 9795
f 9592 9698 9696
f 9694 9796 9697
f 9697 9796 9700
f 9704 9700 9797
f 9700 9704 9702
f 9703 9798 9595
f 9799 9593 9595
f 9799 9595 9798
f 9799 9701 9593
f 9706 9707 9597
f 9707 9709 9597
f 9800 9709 9707
f 9703 9594 9709
f 9800 9703 9709
f 9801 9705 9704
f 9705 9801 9802
f 9710 9712 9803
f 9710 9803 9708
f 9804 9712 9805
f 9806 9707 9708
f 9495 9807 9713
f 9705 9807 9495
f 9802 9807 9705
f 9808 9600 9711
f 9712 9600 9805
f 9808 9805 9600
f 9805 9808 9809
f 9715 9601 9714
f 9711 9715 9810
f 9810 9811 9711
f 9604 9713 9719
f 9713 9812 9719
f 9605 9813 9717
f 9814 9602 9717
f 9716 9607 9815
f 9605 9716 9816
f 9607 9609 9720
f 9815 9720 9817
f 9720 9815 9607
f 9721 9718 9818
f 9818 9611 9721
f 9818 9819 9611
f 9612 9725 9820
f 9722 9612 9820
f 9507 9724 9613
f 9726 9821 9725
f 9822 9823 9724
f 9728 9824 9615
f 9824 9726 9615
f 9726 9725 9505
f 9823 9613 9724
f 9613 9823 9727
f 9619 9825 9728
f 9826 9727 9823
f 9727 9827 9729
f 9619 9617 9828
f 9617 9618 9828
f 9617 9619 9616
f 9731 9829 9732
f 9621 9732 9618
f 9830 9618 9732
f 9622 9733 9623
f 9735 9733 9831
f 9733 9729 9832
f 9734 9625 9740
f 9730 9734 9833
f 9833 9731 9730
f 9735 9831 9834
f 9835 9836 9738
f 9836 9737 9738
f 9836 9739 9737
f 9837 9739 9836
f 9838 9739 9839
f 9739 9840 9839
f 9740 9628 9838
f 9739 9838 9628
f 9628 9740 9624
f 9841 9838 9842
f 9736 9735 9843
f 9843 9735 9834
f 9736 9843 9738
f 9843 9835 9738
f 9844 9845 9642
f 9741 9844 9641
f 9844 9642 9641
f 9846 9741 9643
f 9741 9846 9844
f 9847 9643 9631
f 9847 9846 9643
f 9847 9631 9742
f 9742 9848 9847
f 9848 9742 9633
f 9849 9633 9634
f 9849 9634 9636
f 9633 9849 9850
f 9851 9849 9852
f 9853 9636 9635
f 9636 9852 9849
f 9636 9853 9852
f 9743 9853 9635
f 9853 9743 9854
f 9746 9743 9744
f 9743 9746 9854
f 9855 9750 9751
f 9856 9751 9530
f 9857 9751 9856
f 9642 9856 9530
f 9845 9856 9642
f 9644 9750 9749
f 9858 9752 9754
f 9753 9749 9754
f 9859 9755 9860
f 9648 9860 9755
f 9760 9752 9861
f 9649 9752 9760
f 9860 9648 9762
f 9757 9862 9763
f 9862 9757 9863
f 9864 9756 9758
f 9865 9758 9759
f 9760 9861 9759
f 9866 9759 9861
f 9759 9866 9865
f 9652 9763 9867
f 9867 9763 9862
f 9867 9862 9868
f 9761 9764 9869
f 9867 9870 9655
f 9655 9870 9766
f 9867 9871 9870
f 9867 9655 9652
f 9871 9867 9868
f 9870 9765 9766
f 9772 9771 9773
f 9657 9773 9771
f 9872 9773 9769
f 9872 9769 9765
f 9768 9767 9770
f 9774 9661 9772
f 9775 9660 9774
f 9775 9774 9873
f 9563 9874 9662
f 9778 9874 9563
f 9777 9875 9779
f 9874 9778 9876
f 9877 9778 9566
f 9779 9878 9780
f 9878 9879 9780
f 9782 9668 9780
f 9780 9880 9782
f 9782 9880 9881
f 9877 9882 9883
f 9877 9566 9781
f 9778 9877 9883
f 9881 9670 9782
f 9884 9781 9783
f 9672 9670 9885
f 9885 9673 9672
f 9881 9885 9670
f 9785 9673 9885
f 9673 9784 9676
f 9886 9786 9784
f 9675 9674 9787
f 9886 9887 9786
f 9677 9787 9674
f 9786 9887 9678
f 9681 9887 9789
f 9683 9788 9677
f 9887 9681 9678
f 9888 9684 9889
f 9686 9790 9791
f 9683 9680 9684
f 9790 9792 9791
f 9684 9685 9889
f 9889 9685 9890
f 9689 9792 9891
f 9891 9688 9689
f 9892 9688 9891
f 9691 9890 9793
f 9685 9793 9890
f 9688 9893 9585
f 9688 9892 9893
f 9585 9893 9692
f 9894 9691 9794
f 9893 9895 9692
f 9894 9794 9795
f 9695 9796 9694
f 9895 9695 9692
f 9896 9897 9696
f 9695 9898 9796
f 9896 9696 9698
f 9698 9899 9896
f 9796 9797 9700
f 9900 9701 9901
f 9701 9900 9699
f 9698 9699 9899
f 9900 9899 9699
f 9704 9797 9801
f 9902 9798 9703
f 9701 9799 9901
f 9799 9798 9901
f 9903 9901 9798
f 9904 9800 9707
f 9712 9804 9803
f 9803 9804 9806
f 9708 9803 9806
f 9707 9806 9904
f 9904 9806 9905
f 9711 9811 9808
f 9811 9809 9808
f 9602 9906 9714
f 9810 9714 9907
f 9714 9908 9907
f 9714 9810 9715
f 9907 9908 9909
f 9907 9811 9810
f 9713 9910 9812
f 9605 9816 9813
f 9911 9816 9912
f 9717 9813 9814
f 9814 9813 9911
f 9816 9911 9813
f 9602 9814 9906
f 9913 9718 9719
f 9816 9815 9914
f 9815 9816 9716
f 9818 9718 9913
f 9818 9913 9915
f 9723 9817 9720
f 9916 9817 9723
f 9723 9820 9916
f 9820 9723 9722
f 9817 9916 9917
f 9916 9820 9918
f 9820 9919 9918
f 9920 9819 9921
f 9819 9724 9611
f 9724 9819 9920
f 9821 9919 9725
f 9820 9725 9919
f 9724 9920 9822
f 9822 9922 9823
f 9824 9923 9924
f 9821 9824 9924
f 9824 9821 9726
f 9922 9826 9823
f 9619 9828 9825
f 9828 9925 9825
f 9824 9728 9923
f 9727 9826 9827
f 9828 9618 9830
f 9729 9827 9832
f 9830 9829 9926
f 9830 9927 9828
f 9829 9830 9732
f 9832 9831 9733
f 9928 9833 9734
f 9841 9928 9734
f 9929 9833 9928
f 9833 9829 9731
f 9929 9829 9833
f 9930 9829 9929
f 9931 9834 9831
f 9840 9837 9932
f 9837 9836 9835
f 9739 9837 9840
f 9842 9839 9933
f 9933 9839 9840
f 9838 9841 9740
f 9740 9841 9734
f 9934 9845 9844
f 9934 9844 9846
f 9935 9846 9847
f 9850 9848 9633
f 9936 9848 9850
f 9851 9850 9849
f 9850 9851 9936
f 9853 9937 9852
f 9938 9852 9937
f 9937 9853 9854
f 9939 9937 9854
f 9940 9854 9746
f 9941 9746 9745
f 9941 9745 9747
f 9855 9942 9750
f 9751 9857 9855
f 9856 9845 9857
f 9859 9748 9755
f 9755 9748 9645
f 9943 9748 9859
f 9858 9749 9944
f 9942 9749 9750
f 9942 9944 9749
f 9858 9945 9752
f 9754 9749 9858
f 9946 9860 9947
f 9945 9866 9861
f 9945 9861 9752
f 9947 9762 9948
f 9757 9949 9863
f 9864 9949 9756
f 9756 9949 9757
f 9864 9758 9865
f 9865 9950 9864
f 9865 9866 9950
f 9761 9948 9762
f 9762 9947 9860
f 9951 9947 9948
f 9952 9948 9869
f 9761 9869 9948
f 9869 9764 9952
f 9773 9872 9953
f 9954 9955 9956
f 9955 9872 9765
f 9955 9765 9870
f 9955 9870 9871
f 9768 9952 9764
f 9772 9957 9958
f 9957 9772 9773
f 9957 9773 9953
f 9770 9959 9768
f 9960 9768 9959
f 9774 9958 9873
f 9958 9774 9772
f 9874 9770 9662
f 9961 9776 9775
f 9961 9873 9962
f 9961 9775 9873
f 9875 9776 9963
f 9776 9875 9777
f 9964 9874 9876
f 9770 9874 9965
f 9966 9967 9879
f 9779 9875 9878
f 9875 9879 9878
f 9879 9875 9966
f 9876 9778 9883
f 9882 9876 9883
f 9879 9880 9780
f 9968 9881 9880
f 9969 9885 9881
f 9881 9968 9969
f 9785 9885 9969
f 9970 9877 9884
f 9781 9884 9877
f 9969 9971 9785
f 9972 9884 9783
f 9973 9785 9971
f 9675 9972 9783
f 9675 9787 9974
f 9886 9784 9973
f 9975 9886 9973
f 9887 9886 9976
f 9977 9789 9976
f 9976 9789 9887
f 9888 9788 9683
f 9978 9788 9888
f 9790 9789 9977
f 9792 9790 9979
f 9980 9979 9790
f 9684 9888 9683
f 9981 9979 9980
f 9979 9891 9792
f 9981 9892 9891
f 9890 9691 9982
f 9890 9982 9983
f 9892 9984 9893
f 9895 9893 9984
f 9981 9984 9892
f 9982 9894 9985
f 9894 9982 9691
f 9985 9983 9982
f 9984 9986 9895
f 9895 9986 9987
f 9695 9895 9898
f 9898 9895 9987
f 9897 9795 9696
f 9988 9897 9989
f 9897 9896 9989
f 9797 9898 9987
f 9990 9896 9899
f 9898 9797 9796
f 9991 9797 9987
f 9992 9899 9900
f 9797 9993 9801
f 9798 9994 9903
f 9994 9995 9903
f 9900 9901 9903
f 9996 9801 9993
f 9997 9800 9904
f 9902 9800 9997
f 9904 9905 9997
f 9798 9902 9994
f 9902 9703 9800
f 9902 9997 9994
f 9998 9802 9996
f 9801 9996 9802
f 9802 9998 9807
f 9804 9805 9999
f 9999 10000 9804
f 9806 9804 10000
f 9905 9806 10000
f 9905 10000 10001
f 9910 9807 9998
f 10002 9809 9811
f 9807 9910 9713
f 9714 9906 9908
f 9908 10003 9909
f 9908 9906 10003
f 9811 9907 10004
f 9907 9909 10004
f 10004 10002 9811
f 10005 9910 10006
f 9911 9912 10007
f 9814 10008 9906
f 9812 9913 9719
f 10009 9914 9817
f 9912 9816 9914
f 10010 9915 9913
f 10010 10011 9915
f 9815 9817 9914
f 10012 9917 9918
f 9915 9819 9818
f 9819 9915 9921
f 9918 9919 10013
f 9917 10012 10014
f 10013 10012 9918
f 10015 9920 9921
f 9821 10016 9919
f 10016 10013 9919
f 9920 9922 9822
f 10017 9920 10018
f 9924 9923 10019
f 9821 9924 10016
f 10020 10016 9924
f 9825 9925 10021
f 9728 9825 9923
f 9923 9825 10021
f 9923 10021 10019
f 9827 9826 10022
f 9927 9925 9828
f 9925 9927 10023
f 9930 9926 9829
f 10024 10025 9926
f 10024 9926 9930
f 9927 9830 9926
f 10025 9927 9926
f 10023 9927 10025
f 9831 9832 9931
f 9834 9931 10026
f 10027 9834 10026
f 10027 9835 9843
f 9835 10028 10029
f 9834 10027 9843
f 9835 10029 9837
f 10028 9835 10027
f 10029 9932 9837
f 9932 9933 9840
f 9932 10030 9933
f 9839 9842 9838
f 10031 9842 9933
f 10030 10031 9933
f 10031 9841 9842
f 10031 9928 9841
f 10032 10033 9848
f 10032 9848 9936
f 9845 10034 9857
f 10035 10034 9845
f 10034 10035 10036
f 9934 10035 9845
f 10037 10038 9934
f 10038 10035 9934
f 10037 9934 9846
f 10037 9846 9935
f 10033 9847 9848
f 9847 10033 9935
f 9852 9938 9851
f 10039 9938 9937
f 9939 10039 9937
f 9939 9854 9940
f 9939 9940 10040
f 9940 9941 10040
f 9941 9940 9746
f 10041 10040 9941
f 10042 9748 9943
f 9747 9748 10042
f 9941 9747 10042
f 9941 10042 10043
f 10043 10041 9941
f 10044 9944 9942
f 10044 9942 9855
f 10034 10044 9855
f 10034 9855 9857
f 10045 9858 10046
f 10046 9858 9944
f 10047 9945 10048
f 9945 9858 10048
f 10049 9859 9946
f 9860 9946 9859
f 9866 10050 9950
f 9945 10047 9866
f 10050 9866 10047
f 10051 9946 9947
f 10052 9868 10053
f 10054 10055 10053
f 10053 9862 10054
f 10056 10054 9863
f 10054 9862 9863
f 10056 10057 10058
f 10058 10054 10056
f 9949 9864 10057
f 9863 9949 10057
f 9950 10057 9864
f 9863 10057 10056
f 9862 10053 9868
f 10059 9948 9952
f 10059 9951 9948
f 10060 9956 10061
f 9956 9955 9871
f 10062 9956 9871
f 9956 10062 10061
f 9868 10062 9871
f 9953 9872 9954
f 9955 9954 9872
f 9960 9952 9768
f 10059 9952 9960
f 9958 9957 10063
f 9957 9953 9954
f 10064 9957 9954
f 10065 9962 9873
f 10065 9873 9958
f 9962 10065 10066
f 9770 10067 9959
f 9959 10067 10068
f 10069 10070 9963
f 9963 9961 10071
f 10071 9961 9962
f 9961 9963 9776
f 10069 9963 10071
f 9770 9965 10067
f 10070 9966 9875
f 9963 10070 9875
f 9874 9964 9965
f 10072 9965 9964
f 10073 9967 9966
f 10070 10073 9966
f 10074 9876 9882
f 9876 10074 9964
f 10074 10072 9964
f 9880 9879 10075
f 9967 10075 9879
f 9967 10076 10075
f 10077 9968 9880
f 10078 10077 10079
f 10075 10077 9880
f 9970 10080 9882
f 10078 9969 9968
f 10077 10078 9968
f 9877 9970 9882
f 9972 9970 9884
f 9971 10078 10081
f 10078 9971 9969
f 9972 10082 9970
f 10082 9972 10083
f 9785 9973 9784
f 9974 10083 9675
f 10083 9972 9675
f 9886 9975 9976
f 9974 9787 10084
f 9787 9788 10084
f 9977 9976 10085
f 9975 10085 9976
f 9788 9978 10084
f 9977 9980 9790
f 10086 9978 9888
f 10086 9888 9889
f 9978 10086 10087
f 9889 9890 9983
f 9983 10086 9889
f 10086 9983 10088
f 9979 9981 9891
f 9984 9981 10089
f 9983 9985 10090
f 9985 9988 10090
f 9991 9986 10091
f 9894 9795 9988
f 9894 9988 9985
f 9986 9991 9987
f 9897 9988 9795
f 9797 9991 10092
f 9990 9989 9896
f 9989 9990 10093
f 10094 9797 10092
f 9797 10094 9993
f 10094 10095 9993
f 9900 10096 9992
f 9992 10097 10098
f 9990 9899 9992
f 9990 9992 10098
f 9903 9995 10096
f 9994 10099 9995
f 10099 10096 9995
f 10096 9900 9903
f 10097 9992 10096
f 10100 9996 9993
f 9998 9996 10100
f 9997 10101 9994
f 10102 9997 9905
f 10102 10101 9997
f 10101 10099 9994
f 10103 10100 10104
f 10105 9805 10106
f 9805 10105 9999
f 9999 10001 10000
f 9905 10001 10102
f 10103 10006 9998
f 10100 10103 9998
f 10103 10107 10006
f 10002 10108 10106
f 9809 10106 9805
f 9809 10002 10106
f 10006 9910 9998
f 9906 10008 10003
f 9909 10109 10004
f 9910 10005 9812
f 10007 10110 10111
f 10111 9814 9911
f 10007 10111 9911
f 10008 9814 10111
f 10005 10010 9913
f 9913 9812 10005
f 9912 9914 10112
f 10112 10007 9912
f 9917 10009 9817
f 9914 10009 10112
f 9921 10011 10015
f 10015 10011 10113
f 9918 9917 9916
f 10014 10009 9917
f 10009 10014 10114
f 10011 9921 9915
f 9920 10015 10018
f 10115 10014 10012
f 10012 10013 10115
f 9920 10017 9922
f 10019 10116 10020
f 9924 10019 10020
f 10017 10117 9922
f 9922 10022 9826
f 9922 10117 10022
f 10023 10021 9925
f 10021 10118 10119
f 10119 10019 10021
f 10019 10119 10116
f 10025 10120 10023
f 10120 10118 10023
f 10021 10023 10118
f 9827 10022 9832
f 10121 9832 10022
f 9832 10121 9931
f 10121 10022 10122
f 10123 10025 10024
f 10025 10123 10120
f 10121 10124 9931
f 9929 9928 10125
f 10031 10125 9928
f 10125 9930 9929
f 10125 10024 9930
f 9931 10124 10026
f 10026 10028 10027
f 10028 10126 10029
f 10127 10126 10028
f 10127 10028 10026
f 10029 10126 10128
f 10029 10129 9932
f 10128 10129 10029
f 10129 10030 9932
f 10129 10130 10030
f 10130 10131 10030
f 10030 10131 10031
f 10125 10031 10131
f 10132 10037 10133
f 10033 10133 9935
f 10133 10037 9935
f 10134 10133 10033
f 10134 10135 10133
f 10135 10132 10133
f 10032 10134 10033
f 10136 10032 9936
f 10137 9936 9851
f 9936 10137 10136
f 10138 10136 10137
f 10137 9851 9938
f 10139 10137 9938
f 10039 10139 9938
f 10140 10139 10039
f 10141 10140 9939
f 10041 10141 10040
f 10142 10036 10143
f 10143 10036 10035
f 10143 10035 10038
f 10144 10143 10038
f 10132 10038 10037
f 10140 10039 9939
f 10141 9939 10040
f 10042 9943 10145
f 10042 10145 10043
f 10146 9944 10044
f 10147 10044 10034
f 10049 10145 9943
f 9858 10045 10048
f 9944 10146 10046
f 9859 10049 9943
f 9946 10148 10049
f 10047 10149 10050
f 10050 10149 10150
f 10149 10047 10048
f 10045 10149 10048
f 10057 10151 10058
f 10151 10057 9950
f 9950 10050 10151
f 10050 10150 10151
f 10055 10054 10058
f 10053 10055 10052
f 10052 10055 10152
f 9951 10051 9947
f 9951 10153 10051
f 10154 10061 10155
f 10062 9868 10155
f 10061 10062 10155
f 10052 10152 10155
f 10155 9868 10052
f 9954 9956 10060
f 10060 10061 10156
f 9951 10059 10157
f 9957 10064 10063
f 9954 10060 10064
f 10157 10059 9960
f 10158 9960 10159
f 9960 10158 10157
f 9958 10063 10065
f 10065 10063 10160
f 10068 9960 9959
f 9960 10068 10159
f 10160 10066 10065
f 10071 9962 10161
f 10162 9962 10066
f 9962 10162 10161
f 10163 10164 9965
f 9965 10164 10067
f 10067 10164 10068
f 10070 10069 10165
f 10161 10165 10069
f 10069 10071 10161
f 10165 10161 10166
f 10165 10073 10070
f 10164 10163 10167
f 10168 10076 9967
f 10073 10168 9967
f 10077 10076 10169
f 10072 10080 10170
f 10080 10074 9882
f 10076 10077 10075
f 10079 10077 10169
f 10079 10169 10171
f 10079 10172 10081
f 9970 10082 10080
f 10079 10081 10078
f 10173 10082 10083
f 10174 9971 10175
f 10176 9975 9973
f 10177 9974 10178
f 10084 10178 9974
f 10178 10084 10179
f 10180 10085 10176
f 10176 10085 9975
f 10084 9978 10179
f 9980 9977 10181
f 10181 9977 10085
f 10179 9978 10087
f 10182 10087 10086
f 10088 10182 10086
f 10182 10088 10183
f 10088 9983 10184
f 10090 10184 9983
f 10184 10183 10088
f 10089 9986 9984
f 9986 10089 10185
f 9986 10185 10091
f 10186 9988 10187
f 10186 10090 9988
f 9991 10091 10188
f 10189 10190 9989
f 10187 9988 9989
f 10187 9989 10190
f 10188 10092 9991
f 9989 10093 10189
f 9990 10098 10093
f 10093 10098 10189
f 10191 10094 10092
f 10192 10100 10095
f 10099 10193 10096
f 10097 10096 10194
f 9993 10095 10100
f 10195 10101 10102
f 10102 10196 10195
f 10195 10099 10101
f 10105 10197 9999
f 10105 10106 10197
f 10198 9999 10199
f 9999 10197 10199
f 9999 10198 10001
f 10001 10198 10102
f 10104 10107 10103
f 10106 10108 10200
f 10201 10197 10106
f 10107 10202 10006
f 10008 10203 10204
f 9909 10003 10205
f 10008 10204 10003
f 10205 10003 10206
f 10003 10204 10206
f 9909 10205 10109
f 10207 10205 10206
f 10109 10205 10207
f 10002 10004 10108
f 10004 10109 10108
f 10208 10006 10202
f 10005 10006 10208
f 10111 10110 10203
f 10203 10008 10111
f 10005 10011 10010
f 10208 10011 10005
f 10209 10112 10210
f 10112 10209 10007
f 10007 10209 10110
f 10009 10114 10211
f 10009 10211 10112
f 10015 10113 10018
f 10212 10115 10013
f 10212 10013 10016
f 10016 10213 10212
f 10115 10212 10214
f 10117 10017 10215
f 10216 10017 10018
f 10215 10217 10117
f 10213 10016 10020
f 10020 10116 10213
f 10117 10217 10122
f 10022 10117 10122
f 10118 10120 10218
f 10219 10218 10120
f 10121 10122 10220
f 10024 10221 10123
f 10221 10222 10123
f 10120 10123 10223
f 10124 10121 10220
f 10224 10124 10225
f 10220 10225 10124
f 10125 10221 10024
f 10026 10124 10224
f 10226 10026 10224
f 10225 10226 10224
f 10226 10127 10026
f 10226 10227 10127
f 10227 10126 10127
f 10126 10228 10128
f 10128 10229 10129
f 10128 10228 10229
f 10229 10130 10129
f 10229 10230 10130
f 10130 10231 10131
f 10231 10130 10230
f 10232 10233 10231
f 10233 10125 10131
f 10231 10233 10131
f 10038 10132 10144
f 10234 10132 10235
f 10235 10132 10135
f 10236 10135 10134
f 10237 10134 10032
f 10237 10032 10136
f 10238 10136 10138
f 10136 10238 10237
f 10139 10138 10137
f 10140 10239 10139
f 10239 10240 10139
f 10241 10239 10140
f 10241 10140 10141
f 10141 10242 10241
f 10243 10141 10041
f 10036 10147 10034
f 10244 10245 10147
f 10147 10036 10244
f 10246 10036 10142
f 10247 10142 10143
f 10247 10248 10142
f 10144 10247 10143
f 10248 10247 10234
f 10234 10247 10144
f 10041 10043 10243
f 10249 10043 10145
f 10043 10249 10243
f 10046 10250 10251
f 10147 10146 10044
f 10147 10245 10146
f 10145 10049 10249
f 10252 10249 10049
f 10253 10149 10045
f 10046 10253 10045
f 10046 10251 10253
f 10250 10046 10146
f 10049 10148 10254
f 10255 10256 10150
f 10149 10255 10150
f 10257 10151 10258
f 10257 10055 10058
f 10151 10257 10058
f 10055 10257 10259
f 10259 10257 10260
f 10257 10258 10260
f 10151 10150 10258
f 10258 10150 10256
f 10051 10148 9946
f 10261 10148 10051
f 10152 10055 10259
f 10152 10259 10262
f 10153 10261 10051
f 10263 10154 10152
f 10264 10156 10154
f 10154 10263 10264
f 10262 10263 10152
f 10154 10155 10152
f 10157 10153 9951
f 10265 10060 10156
f 10060 10265 10064
f 10265 10266 10064
f 10265 10156 10267
f 10156 10061 10154
f 10153 10157 10158
f 10268 10064 10269
f 10160 10063 10268
f 10270 10160 10268
f 10268 10063 10064
f 10159 10271 10158
f 10272 10162 10066
f 10162 10272 10273
f 10160 10272 10066
f 10164 10159 10068
f 10274 10275 10166
f 10161 10162 10166
f 10166 10162 10274
f 10159 10164 10276
f 10276 10164 10167
f 10277 10165 10166
f 10277 10166 10275
f 10073 10277 10168
f 10073 10165 10277
f 9965 10072 10163
f 10168 10278 10169
f 10170 10163 10072
f 10279 10171 10169
f 10169 10278 10279
f 10168 10169 10076
f 10080 10072 10074
f 10172 10079 10171
f 10172 10171 10280
f 10281 10171 10279
f 10080 10082 10282
f 10175 9971 10081
f 10175 10081 10172
f 10282 10173 10177
f 9971 10174 9973
f 10283 10174 10175
f 9974 10173 10083
f 9974 10177 10173
f 10174 10176 9973
f 10174 10284 10176
f 10284 10285 10176
f 10085 10180 10181
f 10179 10087 10286
f 10287 9980 10181
f 10181 10180 10287
f 10180 10288 10287
f 10289 10087 10182
f 10287 9981 9980
f 9981 10287 10290
f 10288 10290 10287
f 10183 10289 10182
f 10290 10291 9981
f 10089 9981 10291
f 10089 10291 10185
f 10290 10292 10291
f 10291 10292 10185
f 10293 10183 10184
f 10090 10186 10184
f 10294 10186 10295
f 10296 10091 10185
f 10296 10188 10091
f 10186 10187 10295
f 10188 10296 10297
f 10092 10188 10191
f 10297 10191 10188
f 10190 10189 10298
f 10190 10298 10299
f 10094 10300 10095
f 10094 10191 10300
f 10301 10300 10191
f 10302 10098 10097
f 10303 10304 10302
f 10189 10098 10302
f 10300 10192 10095
f 10096 10193 10194
f 10193 10305 10194
f 10193 10306 10305
f 10303 10302 10097
f 10303 10097 10194
f 10194 10305 10303
f 10192 10104 10100
f 10099 10195 10307
f 10099 10307 10193
f 10104 10308 10107
f 10309 10197 10201
f 10310 10309 10201
f 10309 10199 10197
f 10102 10198 10196
f 10311 10196 10198
f 10312 10196 10311
f 10313 10202 10107
f 10308 10313 10107
f 10108 10314 10200
f 10200 10201 10106
f 10200 10310 10201
f 10315 10316 10202
f 10203 10317 10204
f 10204 10317 10318
f 10206 10204 10318
f 10206 10318 10207
f 10207 10319 10320
f 10108 10109 10320
f 10207 10320 10109
f 10314 10108 10320
f 10316 10208 10202
f 10208 10316 10321
f 10209 10322 10110
f 10203 10322 10317
f 10322 10203 10110
f 10323 10208 10321
f 10011 10208 10323
f 10112 10211 10210
f 10210 10324 10209
f 10209 10325 10322
f 10211 10326 10210
f 10210 10326 10324
f 10327 10011 10323
f 10011 10327 10113
f 10327 10328 10113
f 10014 10329 10114
f 10329 10014 10115
f 10114 10326 10211
f 10114 10329 10326
f 10113 10328 10018
f 10216 10018 10328
f 10214 10329 10115
f 10330 10215 10216
f 10214 10212 10331
f 10331 10212 10213
f 10017 10216 10215
f 10217 10215 10330
f 10116 10332 10333
f 10213 10116 10334
f 10334 10335 10213
f 10116 10333 10334
f 10331 10213 10335
f 10122 10217 10336
f 10337 10116 10119
f 10116 10337 10332
f 10119 10118 10337
f 10338 10332 10337
f 10218 10219 10338
f 10118 10218 10337
f 10338 10337 10218
f 10220 10122 10336
f 10336 10339 10220
f 10223 10222 10340
f 10222 10223 10123
f 10120 10223 10219
f 10339 10225 10220
f 10339 10341 10225
f 10341 10342 10225
f 10343 10233 10344
f 10125 10233 10221
f 10233 10345 10221
f 10346 10345 10343
f 10343 10345 10233
f 10345 10222 10221
f 10226 10225 10342
f 10347 10227 10348
f 10342 10227 10226
f 10342 10348 10227
f 10227 10228 10126
f 10227 10347 10228
f 10228 10349 10229
f 10347 10349 10228
f 10349 10230 10229
f 10231 10230 10232
f 10344 10233 10232
f 10132 10234 10144
f 10350 10234 10235
f 10234 10350 10248
f 10351 10248 10350
f 10236 10350 10235
f 10236 10235 10135
f 10236 10352 10350
f 10353 10236 10354
f 10353 10352 10236
f 10352 10353 10355
f 10354 10134 10237
f 10134 10354 10236
f 10237 10238 10354
f 10356 10353 10354
f 10356 10354 10238
f 10357 10238 10138
f 10358 10238 10357
f 10359 10356 10238
f 10359 10238 10358
f 10360 10357 10138
f 10360 10358 10357
f 10240 10138 10139
f 10360 10138 10240
f 10361 10360 10240
f 10239 10361 10240
f 10362 10239 10241
f 10239 10362 10361
f 10363 10361 10362
f 10362 10241 10242
f 10364 10362 10242
f 10242 10365 10364
f 10365 10242 10243
f 10141 10243 10242
f 10246 10366 10244
f 10366 10245 10244
f 10367 10366 10246
f 10367 10368 10366
f 10036 10246 10244
f 10369 10368 10367
f 10248 10246 10142
f 10367 10246 10248
f 10369 10367 10370
f 10248 10370 10367
f 10369 10370 10371
f 10370 10248 10351
f 10372 10351 10350
f 10372 10350 10373
f 10373 10350 10352
f 10353 10356 10355
f 10360 10374 10358
f 10243 10249 10375
f 10375 10365 10243
f 10250 10376 10377
f 10377 10376 10378
f 10379 10250 10146
f 10379 10146 10245
f 10376 10250 10379
f 10379 10380 10376
f 10378 10376 10381
f 10381 10376 10380
f 10366 10379 10245
f 10380 10379 10366
f 10381 10368 10382
f 10368 10381 10380
f 10366 10368 10380
f 10383 10368 10384
f 10384 10385 10386
f 10384 10368 10385
f 10368 10369 10385
f 10386 10385 10371
f 10386 10371 10387
f 10385 10369 10371
f 10388 10371 10370
f 10371 10388 10387
f 10249 10252 10375
f 10252 10389 10375
f 10254 10252 10049
f 10389 10252 10254
f 10390 10149 10253
f 10251 10391 10390
f 10390 10253 10251
f 10390 10391 10392
f 10393 10392 10391
f 10394 10392 10393
f 10251 10250 10391
f 10391 10250 10377
f 10377 10393 10391
f 10393 10378 10395
f 10393 10377 10378
f 10400 10382 10401
f 10402 10378 10381
f 10378 10402 10395
f 10402 10381 10382
f 10401 10382 10383
f 10382 10368 10383
f 10403 10383 10384
f 10403 10384 10386
f 10386 10387 10404
f 10255 10405 10256
f 10405 10255 10392
f 10390 10255 10149
f 10255 10390 10392
f 10394 10405 10392
f 10406 10395 10407
f 10406 10393 10395
f 10395 10400 10407
f 10382 10400 10402
f 10400 10395 10402
f 10408 10401 10409
f 10409 10401 10403
f 10383 10403 10401
f 10410 10403 10411
f 10411 10403 10404
f 10403 10386 10404
f 10260 10412 10259
f 10412 10260 10413
f 10258 10414 10260
f 10413 10260 10415
f 10260 10414 10415
f 10405 10258 10256
f 10405 10414 10258
f 10394 10415 10414
f 10414 10405 10394
f 10416 10400 10401
f 10401 10408 10416
f 10417 10408 10409
f 10148 10261 10418
f 10148 10418 10254
f 10263 10419 10420
f 10419 10262 10412
f 10419 10412 10421
f 10259 10412 10262
f 10413 10422 10421
f 10422 10413 10423
f 10412 10413 10421
f 10423 10413 10424
f 10264 10425 10267
f 10426 10425 10264
f 10263 10420 10264
f 10419 10263 10262
f 10264 10420 10426
f 10426 10420 10427
f 10420 10419 10427
f 10428 10261 10153
f 10429 10428 10153
f 10266 10430 10431
f 10266 10265 10430
f 10267 10430 10265
f 10267 10425 10430
f 10432 10430 10433
f 10433 10430 10425
f 10426 10433 10425
f 10267 10156 10264
f 10153 10158 10429
f 10434 10429 10158
f 10268 10269 10435
f 10431 10435 10269
f 10435 10431 10436
f 10431 10437 10436
f 10432 10437 10431
f 10269 10064 10266
f 10269 10266 10431
f 10271 10434 10158
f 10272 10160 10270
f 10272 10270 10438
f 10439 10438 10270
f 10270 10436 10439
f 10268 10435 10270
f 10270 10435 10436
f 10271 10440 10434
f 10441 10162 10273
f 10273 10272 10438
f 10441 10273 10438
f 10439 10441 10438
f 10276 10271 10159
f 10276 10442 10271
f 10443 10275 10274
f 10275 10443 10444
f 10441 10274 10162
f 10274 10441 10443
f 10452 10453 10454
f 10167 10442 10276
f 10455 10442 10167
f 10456 10442 10455
f 10275 10444 10457
f 10458 10444 10459
f 10443 10452 10459
f 10459 10452 10461
f 10452 10454 10461
f 10455 10167 10462
f 10163 10462 10167
f 10168 10463 10278
f 10463 10168 10457
f 10277 10457 10168
f 10457 10277 10275
f 10457 10444 10463
f 10463 10444 10464
f 10464 10444 10465
f 10444 10458 10465
f 10458 10459 10466
f 10461 10467 10466
f 10466 10459 10461
f 10163 10170 10462
f 10468 10462 10170
f 10278 10463 10464
f 10464 10469 10278
f 10469 10464 10470
f 10470 10465 10471
f 10464 10465 10470
f 10471 10465 10458
f 10469 10279 10278
f 10281 10469 10470
f 10281 10470 10472
f 10473 10470 10471
f 10171 10281 10280
f 10279 10469 10281
f 10474 10281 10472
f 10473 10472 10470
f 10475 10080 10282
f 10080 10475 10170
f 10476 10172 10280
f 10280 10281 10474
f 10472 10477 10474
f 10472 10478 10477
f 10475 10282 10479
f 10172 10476 10175
f 10480 10283 10476
f 10476 10280 10474
f 10480 10476 10474
f 10477 10480 10474
f 10480 10477 10481
f 10173 10282 10082
f 10282 10177 10482
f 10282 10482 10479
f 10283 10175 10476
f 10283 10483 10284
f 10174 10283 10284
f 10480 10484 10283
f 10484 10483 10283
f 10481 10485 10480
f 10480 10485 10484
f 10486 10487 10477
f 10477 10487 10481
f 10485 10488 10484
f 10484 10488 10483
f 10481 10489 10485
f 10489 10490 10485
f 10490 10488 10485
f 10487 10489 10481
f 10486 10491 10487
f 10491 10490 10487
f 10487 10490 10489
f 10492 10491 10493
f 10492 10494 10491
f 10495 10177 10178
f 10177 10495 10482
f 10483 10285 10284
f 10285 10180 10176
f 10496 10180 10285
f 10496 10285 10483
f 10483 10488 10496
f 10494 10497 10491
f 10498 10494 10499
f 10179 10495 10178
f 10500 10482 10495
f 10495 10501 10500
f 10496 10502 10503
f 10502 10496 10488
f 10490 10502 10488
f 10490 10504 10502
f 10491 10505 10490
f 10491 10497 10505
f 10494 10506 10497
f 10498 10506 10494
f 10501 10179 10286
f 10495 10179 10501
f 10496 10507 10180
f 10503 10507 10496
f 10508 10507 10503
f 10503 10509 10508
f 10502 10509 10503
f 10504 10509 10502
f 10490 10510 10504
f 10511 10504 10510
f 10505 10510 10490
f 10505 10512 10510
f 10505 10513 10512
f 10514 10505 10497
f 10506 10514 10497
f 10498 10515 10506
f 10501 10286 10516
f 10507 10288 10180
f 10508 10288 10507
f 10508 10517 10288
f 10509 10518 10508
f 10511 10509 10504
f 10505 10514 10513
f 10515 10514 10506
f 10087 10289 10286
f 10516 10286 10289
f 10519 10290 10288
f 10517 10519 10288
f 10517 10520 10519
f 10518 10517 10508
f 10517 10518 10521
f 10521 10520 10517
f 10511 10522 10518
f 10509 10511 10518
f 10510 10512 10511
f 10513 10523 10512
f 10514 10524 10513
f 10524 10515 10525
f 10515 10524 10514
f 10515 10526 10527
f 10527 10525 10515
f 10527 10528 10525
f 10289 10183 10529
f 10289 10529 10530
f 10289 10530 10516
f 10519 10292 10290
f 10292 10531 10185
f 10519 10531 10292
f 10531 10519 10520
f 10518 10522 10521
f 10521 10522 10520
f 10511 10532 10522
f 10512 10523 10511
f 10523 10532 10511
f 10533 10523 10513
f 10523 10534 10532
f 10523 10533 10534
f 10524 10533 10513
f 10525 10535 10524
f 10527 10536 10528
f 10537 10538 10539
f 10537 10540 10538
f 10293 10529 10183
f 10185 10531 10541
f 10520 10541 10531
f 10541 10296 10185
f 10520 10542 10541
f 10522 10543 10520
f 10532 10543 10522
f 10543 10532 10544
f 10545 10544 10532
f 10534 10545 10532
f 10546 10534 10533
f 10533 10535 10547
f 10535 10533 10524
f 10528 10548 10535
f 10549 10548 10528
f 10525 10528 10535
f 10536 10549 10528
f 10186 10294 10184
f 10293 10184 10294
f 10541 10542 10296
f 10297 10296 10542
f 10543 10542 10520
f 10544 10550 10543
f 10545 10551 10544
f 10551 10550 10544
f 10534 10546 10545
f 10546 10551 10545
f 10546 10547 10552
f 10547 10546 10533
f 10548 10547 10535
f 10548 10549 10553
f 10547 10548 10553
f 10554 10549 10536
f 10540 10555 10556
f 10557 10540 10537
f 10555 10558 10559
f 10558 10555 10540
f 10560 10295 10561
f 10294 10295 10560
f 10562 10191 10297
f 10542 10562 10297
f 10543 10562 10542
f 10550 10562 10543
f 10552 10551 10546
f 10563 10552 10547
f 10563 10564 10552
f 10553 10563 10547
f 10554 10565 10549
f 10565 10553 10549
f 10553 10565 10566
f 10567 10565 10554
f 10556 10555 10568
f 10555 10559 10568
f 10569 10559 10570
f 10558 10571 10559
f 10190 10295 10187
f 10295 10190 10561
f 10561 10190 10299
f 10191 10562 10301
f 10551 10572 10550
f 10572 10573 10550
f 10550 10573 10562
f 10552 10572 10551
f 10572 10552 10564
f 10563 10574 10564
f 10553 10575 10563
f 10566 10575 10553
f 10565 10576 10566
f 10559 10569 10568
f 10577 10570 10559
f 10570 10577 10578
f 10571 10577 10559
f 10579 10577 10571
f 10302 10298 10189
f 10301 10580 10300
f 10573 10301 10562
f 10573 10580 10301
f 10573 10572 10581
f 10574 10582 10564
f 10564 10582 10572
f 10574 10583 10582
f 10575 10574 10563
f 10574 10575 10584
f 10566 10576 10584
f 10566 10584 10575
f 10565 10585 10576
f 10585 10565 10586
f 10570 10587 10569
f 10570 10588 10587
f 10588 10589 10587
f 10570 10578 10588
f 10590 10578 10577
f 10579 10590 10577
f 10298 10302 10304
f 10299 10298 10304
f 10300 10580 10192
f 10308 10192 10580
f 10581 10308 10580
f 10581 10580 10573
f 10572 10591 10581
f 10591 10592 10581
f 10591 10582 10583
f 10582 10591 10572
f 10583 10592 10591
f 10584 10593 10574
f 10593 10583 10574
f 10594 10593 10584
f 10576 10595 10584
f 10595 10594 10584
f 10585 10596 10576
f 10576 10596 10595
f 10597 10596 10585
f 10586 10597 10585
f 10588 10598 10589
f 10598 10578 10599
f 10578 10598 10588
f 10600 10578 10590
f 10578 10601 10599
f 10602 10600 10590
f 10602 10603 10600
f 10306 10604 10305
f 10306 10605 10604
f 10605 10306 10606
f 10607 10304 10303
f 10607 10303 10604
f 10604 10303 10305
f 10104 10192 10308
f 10592 10308 10581
f 10583 10608 10592
f 10593 10609 10583
f 10583 10609 10608
f 10594 10610 10593
f 10610 10609 10593
f 10595 10611 10594
f 10612 10595 10613
f 10596 10613 10595
f 10614 10613 10596
f 10613 10614 10615
f 10597 10614 10596
f 10616 10617 10618
f 10589 10618 10619
f 10616 10618 10589
f 10620 10589 10598
f 10599 10620 10598
f 10599 10621 10620
f 10601 10621 10599
f 10622 10600 10623
f 10600 10622 10601
f 10578 10600 10601
f 10623 10606 10624
f 10603 10623 10600
f 10606 10623 10603
f 10624 10195 10196
f 10195 10606 10307
f 10195 10624 10606
f 10307 10306 10193
f 10306 10307 10606
f 10606 10603 10625
f 10608 10308 10592
f 10308 10608 10315
f 10609 10610 10626
f 10609 10626 10608
f 10611 10610 10594
f 10610 10611 10627
f 10595 10612 10611
f 10613 10628 10612
f 10613 10615 10628
f 10615 10629 10628
f 10597 10615 10614
f 10630 10615 10597
f 10631 10630 10597
f 10616 10632 10617
f 10620 10616 10589
f 10620 10632 10616
f 10621 10633 10620
f 10634 10621 10601
f 10601 10310 10634
f 10309 10310 10199
f 10199 10635 10311
f 10199 10310 10635
f 10311 10635 10312
f 10635 10310 10622
f 10312 10635 10622
f 10601 10622 10310
f 10311 10198 10199
f 10196 10312 10624
f 10624 10312 10623
f 10622 10623 10312
f 10313 10315 10202
f 10315 10313 10308
f 10608 10626 10315
f 10626 10636 10637
f 10636 10626 10610
f 10627 10636 10610
f 10627 10638 10636
f 10612 10627 10611
f 10612 10639 10627
f 10628 10640 10639
f 10628 10639 10612
f 10629 10640 10628
f 10615 10641 10629
f 10641 10642 10629
f 10630 10641 10615
f 10643 10644 10630
f 10644 10641 10630
f 10645 10646 10647
f 10632 10645 10617
f 10645 10632 10648
f 10649 10648 10632
f 10633 10650 10649
f 10649 10620 10633
f 10620 10649 10632
f 10200 10314 10651
f 10200 10651 10310
f 10314 10652 10651
f 10652 10634 10651
f 10634 10652 10633
f 10652 10653 10633
f 10634 10633 10621
f 10310 10651 10634
f 10637 10316 10315
f 10637 10315 10626
f 10636 10654 10637
f 10638 10654 10636
f 10639 10638 10627
f 10655 10638 10639
f 10640 10655 10639
f 10640 10629 10655
f 10642 10656 10629
f 10641 10644 10642
f 10642 10657 10658
f 10644 10643 10659
f 10659 10657 10644
f 10660 10657 10659
f 10646 10661 10662
f 10661 10663 10662
f 10664 10662 10665
f 10662 10663 10665
f 10666 10648 10667
f 10645 10648 10646
f 10648 10661 10646
f 10648 10666 10661
f 10646 10662 10647
f 10318 10317 10668
f 10648 10649 10669
f 10669 10668 10667
f 10648 10669 10667
f 10207 10318 10670
f 10668 10670 10318
f 10669 10650 10668
f 10668 10650 10670
f 10650 10669 10649
f 10207 10670 10319
f 10319 10650 10653
f 10650 10319 10670
f 10653 10650 10633
f 10320 10319 10314
f 10653 10314 10319
f 10652 10314 10653
f 10316 10671 10321
f 10671 10316 10637
f 10654 10671 10637
f 10672 10671 10654
f 10671 10672 10673
f 10638 10674 10654
f 10638 10655 10675
f 10638 10675 10674
f 10629 10656 10655
f 10676 10656 10642
f 10677 10655 10656
f 10657 10642 10644
f 10657 10678 10658
f 10678 10657 10660
f 10679 10680 10681
f 10663 10680 10665
f 10682 10680 10663
f 10680 10682 10683
f 10325 10682 10322
f 10661 10682 10663
f 10682 10666 10322
f 10668 10666 10667
f 10666 10682 10661
f 10317 10322 10668
f 10666 10668 10322
f 10321 10684 10323
f 10671 10684 10321
f 10673 10684 10671
f 10685 10673 10672
f 10674 10672 10654
f 10673 10685 10686
f 10685 10674 10675
f 10674 10685 10672
f 10677 10675 10655
f 10687 10675 10677
f 10656 10676 10677
f 10676 10688 10677
f 10677 10688 10687
f 10658 10676 10642
f 10676 10658 10689
f 10676 10689 10688
f 10678 10690 10658
f 10658 10690 10689
f 10690 10691 10689
f 10692 10693 10678
f 10694 10693 10692
f 10695 10693 10694
f 10696 10681 10697
f 10680 10698 10681
f 10683 10699 10698
f 10698 10697 10681
f 10683 10698 10680
f 10325 10209 10324
f 10683 10682 10325
f 10683 10325 10324
f 10327 10323 10684
f 10684 10700 10327
f 10700 10684 10673
f 10686 10700 10673
f 10701 10685 10675
f 10685 10701 10686
f 10688 10702 10687
f 10687 10701 10675
f 10687 10702 10701
f 10703 10688 10689
f 10690 10704 10691
f 10693 10690 10678
f 10693 10704 10690
f 10705 10704 10693
f 10705 10706 10704
f 10695 10705 10693
f 10707 10708 10695
f 10695 10708 10705
f 10707 10709 10708
f 10710 10707 10695
f 10711 10707 10712
f 10711 10709 10707
f 10712 10707 10710
f 10713 10711 10712
f 10713 10712 10714
f 10715 10716 10717
f 10718 10719 10715
f 10718 10720 10719
f 10721 10722 10720
f 10721 10720 10718
f 10723 10722 10697
f 10697 10722 10721
f 10699 10697 10698
f 10722 10723 10724
f 10697 10699 10723
f 10324 10326 10699
f 10683 10324 10699
f 10328 10327 10700
f 10701 10725 10686
f 10702 10725 10701
f 10688 10726 10702
f 10703 10726 10688
f 10689 10727 10703
f 10728 10727 10691
f 10691 10727 10689
f 10704 10728 10691
f 10708 10706 10705
f 10706 10729 10704
f 10708 10730 10706
f 10731 10708 10709
f 10711 10732 10709
f 10732 10731 10709
f 10717 10711 10713
f 10733 10717 10734
f 10716 10734 10717
f 10719 10734 10716
f 10715 10719 10716
f 10735 10719 10736
f 10719 10737 10734
f 10720 10736 10719
f 10720 10738 10736
f 10722 10738 10720
f 10724 10738 10722
f 10739 10724 10740
f 10724 10739 10738
f 10741 10742 10329
f 10699 10742 10740
f 10742 10741 10740
f 10723 10740 10724
f 10699 10740 10723
f 10742 10326 10329
f 10699 10326 10742
f 10216 10328 10743
f 10700 10743 10328
f 10744 10743 10700
f 10725 10744 10686
f 10686 10744 10700
f 10745 10702 10726
f 10703 10746 10726
f 10727 10746 10703
f 10727 10747 10746
f 10728 10748 10727
f 10727 10748 10747
f 10749 10748 10728
f 10704 10729 10728
f 10729 10749 10728
f 10706 10730 10729
f 10729 10730 10750
f 10708 10731 10730
f 10711 10733 10732
f 10717 10733 10711
f 10737 10751 10734
f 10719 10735 10737
f 10738 10752 10736
f 10214 10331 10741
f 10741 10331 10753
f 10741 10753 10739
f 10740 10741 10739
f 10741 10329 10214
f 10743 10330 10216
f 10725 10745 10744
f 10745 10754 10744
f 10702 10745 10725
f 10726 10755 10745
f 10755 10746 10756
f 10749 10757 10748
f 10729 10750 10749
f 10750 10757 10749
f 10758 10730 10759
f 10731 10759 10730
f 10732 10759 10731
f 10733 10760 10732
f 10732 10760 10759
f 10761 10733 10734
f 10733 10761 10760
f 10761 10734 10751
f 10762 10737 10735
f 10762 10763 10737
f 10737 10763 10751
f 10752 10735 10736
f 10752 10762 10735
f 10752 10764 10762
f 10765 10764 10752
f 10753 10331 10335
f 10335 10765 10753
f 10738 10753 10765
f 10738 10765 10752
f 10739 10753 10738
f 10330 10754 10217
f 10743 10754 10330
f 10754 10743 10744
f 10755 10766 10745
f 10745 10766 10754
f 10746 10755 10726
f 10747 10767 10746
f 10746 10767 10756
f 10768 10747 10748
f 10769 10748 10757
f 10747 10768 10767
f 10748 10769 10768
f 10770 10769 10757
f 10750 10758 10757
f 10757 10758 10770
f 10730 10758 10750
f 10771 10758 10759
f 10772 10771 10759
f 10772 10773 10771
f 10772 10760 10761
f 10760 10772 10759
f 10774 10772 10761
f 10774 10751 10763
f 10333 10775 10334
f 10333 10332 10775
f 10775 10764 10334
f 10762 10775 10763
f 10762 10764 10775
f 10335 10334 10764
f 10765 10335 10764
f 10336 10217 10754
f 10776 10336 10754
f 10766 10776 10754
f 10777 10776 10766
f 10756 10777 10755
f 10755 10777 10766
f 10756 10767 10778
f 10768 10769 10779
f 10780 10768 10779
f 10781 10758 10771
f 10773 10782 10771
f 10772 10774 10773
f 10751 10774 10761
f 10763 10783 10774
f 10783 10784 10338
f 10784 10783 10763
f 10784 10775 10332
f 10784 10332 10338
f 10775 10784 10763
f 10785 10336 10776
f 10777 10785 10776
f 10756 10778 10777
f 10767 10780 10778
f 10768 10780 10767
f 10770 10779 10769
f 10779 10770 10786
f 10770 10787 10786
f 10781 10770 10758
f 10770 10781 10787
f 10771 10782 10781
f 10773 10788 10782
f 10789 10788 10773
f 10774 10789 10773
f 10338 10219 10790
f 10340 10790 10219
f 10783 10790 10789
f 10790 10340 10789
f 10783 10789 10774
f 10783 10338 10790
f 10339 10336 10341
f 10341 10336 10785
f 10791 10785 10778
f 10778 10785 10777
f 10778 10792 10791
f 10792 10780 10779
f 10780 10792 10778
f 10786 10792 10779
f 10787 10793 10786
f 10781 10794 10787
f 10795 10794 10781
f 10782 10795 10781
f 10782 10788 10795
f 10795 10788 10346
f 10346 10340 10222
f 10346 10788 10340
f 10223 10340 10219
f 10788 10789 10340
f 10342 10341 10791
f 10791 10796 10342
f 10791 10341 10785
f 10792 10797 10791
f 10791 10797 10796
f 10798 10799 10792
f 10792 10799 10797
f 10792 10786 10798
f 10793 10798 10786
f 10800 10801 10802
f 10787 10794 10793
f 10794 10801 10793
f 10794 10802 10801
f 10793 10801 10798
f 10801 10800 10798
f 10794 10344 10802
f 10344 10795 10343
f 10795 10344 10794
f 10345 10346 10222
f 10343 10795 10346
f 10348 10342 10796
f 10797 10348 10796
f 10347 10348 10797
f 10797 10799 10347
f 10799 10349 10347
f 10800 10230 10349
f 10799 10800 10349
f 10798 10800 10799
f 10802 10230 10800
f 10802 10344 10232
f 10802 10232 10230
f 10363 10362 10364
f 10370 10351 10388
f 10372 10388 10351
f 10388 10372 10373
f 10373 10352 10803
f 10803 10352 10355
f 10803 10355 10804
f 10804 10355 10805
f 10355 10356 10805
f 10805 10359 10806
f 10806 10359 10807
f 10356 10359 10805
f 10359 10358 10374
f 10807 10359 10374
f 10360 10361 10374
f 10374 10361 10363
f 10374 10363 10808
f 10808 10363 10809
f 10809 10363 10364
f 10809 10364 10365
f 10810 10387 10388
f 10803 10810 10373
f 10810 10388 10373
f 10811 10810 10812
f 10810 10803 10812
f 10812 10803 10804
f 10813 10804 10806
f 10806 10804 10805
f 10814 10806 10807
f 10808 10815 10374
f 10815 10807 10374
f 10815 10808 10816
f 10817 10816 10808
f 10817 10808 10809
f 10817 10809 10818
f 10818 10809 10365
f 10375 10389 10365
f 10818 10365 10389
f 10404 10810 10819
f 10404 10387 10810
f 10811 10812 10813
f 10804 10813 10812
f 10813 10814 10820
f 10814 10807 10821
f 10821 10807 10815
f 10822 10821 10816
f 10821 10815 10816
f 10817 10818 10823
f 10823 10818 10824
f 10824 10818 10389
f 10254 10824 10389
f 10825 10394 10406
f 10394 10393 10406
f 10404 10819 10411
f 10810 10811 10819
f 10819 10811 10826
f 10826 10811 10820
f 10820 10811 10813
f 10814 10813 10806
f 10827 10814 10821
f 10828 10821 10822
f 10822 10816 10817
f 10828 10822 10829
f 10822 10817 10823
f 10830 10823 10824
f 10418 10824 10254
f 10830 10824 10418
f 10424 10413 10415
f 10394 10825 10415
f 10825 10831 10832
f 10825 10406 10831
f 10406 10407 10831
f 10400 10833 10407
f 10833 10400 10416
f 10416 10408 10417
f 10417 10409 10410
f 10403 10410 10409
f 10834 10410 10411
f 10834 10411 10835
f 10411 10819 10835
f 10835 10819 10836
f 10837 10826 10820
f 10820 10814 10838
f 10838 10814 10827
f 10839 10827 10828
f 10821 10828 10827
f 10829 10822 10823
f 10823 10840 10829
f 10841 10829 10840
f 10829 10841 10842
f 10841 10840 10830
f 10823 10830 10840
f 10841 10830 10843
f 10843 10830 10418
f 10844 10424 10832
f 10415 10825 10424
f 10424 10825 10832
f 10832 10831 10845
f 10407 10845 10831
f 10845 10407 10833
f 10845 10833 10846
f 10833 10416 10847
f 10847 10848 10846
f 10846 10833 10847
f 10847 10416 10849
f 10850 10848 10847
f 10849 10416 10417
f 10850 10847 10849
f 10851 10850 10849
f 10851 10849 10852
f 10853 10850 10851
f 10849 10417 10852
f 10852 10417 10410
f 10854 10852 10410
f 10854 10410 10855
f 10410 10834 10855
f 10855 10835 10856
f 10855 10834 10835
f 10835 10836 10857
f 10857 10836 10826
f 10826 10836 10819
f 10858 10826 10837
f 10859 10837 10860
f 10837 10820 10860
f 10860 10820 10838
f 10838 10861 10862
f 10861 10838 10827
f 10827 10839 10861
f 10839 10828 10863
f 10828 10829 10863
f 10842 10863 10829
f 10864 10841 10843
f 10261 10428 10418
f 10843 10418 10428
f 10865 10843 10428
f 10421 10866 10427
f 10866 10421 10422
f 10427 10419 10421
f 10866 10422 10867
f 10422 10423 10867
f 10867 10423 10844
f 10423 10424 10844
f 10868 10844 10869
f 10869 10844 10832
f 10869 10832 10870
f 10871 10870 10872
f 10869 10870 10871
f 10870 10832 10845
f 10870 10845 10873
f 10870 10873 10872
f 10871 10872 10874
f 10872 10873 10875
f 10874 10872 10876
f 10872 10875 10876
f 10873 10845 10846
f 10873 10846 10875
f 10877 10875 10846
f 10848 10877 10846
f 10850 10853 10848
f 10853 10877 10848
f 10878 10851 10852
f 10878 10879 10851
f 10852 10854 10878
f 10880 10878 10854
f 10854 10881 10880
f 10854 10856 10881
f 10854 10855 10856
f 10881 10882 10880
f 10835 10857 10883
f 10856 10835 10883
f 10884 10883 10885
f 10884 10856 10883
f 10881 10856 10884
f 10884 10886 10881
f 10886 10882 10881
f 10885 10883 10857
f 10885 10858 10887
f 10857 10826 10858
f 10858 10885 10857
f 10858 10837 10859
f 10888 10859 10860
f 10888 10860 10862
f 10862 10860 10838
f 10862 10861 10889
f 10889 10861 10839
f 10889 10839 10890
f 10839 10863 10890
f 10890 10863 10842
f 10842 10841 10891
f 10891 10841 10864
f 10864 10843 10865
f 10428 10429 10865
f 10866 10892 10426
f 10426 10427 10866
f 10892 10866 10893
f 10893 10866 10867
f 10894 10867 10868
f 10868 10867 10844
f 10895 10868 10896
f 10897 10895 10896
f 10896 10869 10871
f 10868 10869 10896
f 10898 10896 10871
f 10896 10898 10897
f 10884 10885 10899
f 10884 10899 10886
f 10899 10900 10886
f 10901 10886 10900
f 10899 10885 10887
f 10859 10902 10887
f 10887 10858 10859
f 10899 10887 10902
f 10903 10862 10889
f 10888 10862 10903
f 10904 10889 10890
f 10903 10889 10904
f 10890 10842 10905
f 10905 10891 10906
f 10905 10842 10891
f 10906 10891 10907
f 10865 10891 10864
f 10891 10908 10907
f 10908 10865 10909
f 10891 10865 10908
f 10909 10865 10429
f 10437 10432 10910
f 10432 10911 10910
f 10432 10433 10911
f 10430 10432 10431
f 10433 10892 10911
f 10433 10426 10892
f 10912 10892 10893
f 10912 10893 10913
f 10894 10893 10867
f 10913 10893 10894
f 10894 10914 10913
f 10868 10914 10894
f 10914 10868 10895
f 10915 10914 10895
f 10914 10915 10916
f 10900 10899 10917
f 10917 10899 10902
f 10900 10917 10918
f 10902 10859 10919
f 10919 10859 10888
f 10917 10902 10919
f 10920 10917 10919
f 10921 10917 10920
f 10922 10904 10923
f 10919 10888 10903
f 10924 10919 10903
f 10925 10890 10905
f 10926 10906 10927
f 10926 10905 10906
f 10907 10908 10928
f 10908 10909 10928
f 10434 10909 10429
f 10439 10436 10929
f 10436 10437 10910
f 10911 10930 10931
f 10911 10892 10930
f 10930 10892 10912
f 10930 10912 10932
f 10932 10912 10913
f 10933 10913 10914
f 10932 10913 10933
f 10916 10933 10914
f 10917 10921 10934
f 10919 10924 10935
f 10919 10935 10920
f 10920 10935 10936
f 10920 10936 10921
f 10935 10924 10922
f 10924 10904 10922
f 10904 10924 10903
f 10904 10925 10923
f 10904 10890 10925
f 10925 10905 10926
f 10937 10927 10906
f 10906 10907 10937
f 10937 10928 10938
f 10928 10937 10907
f 10909 10434 10440
f 10443 10441 10439
f 10439 10929 10453
f 10929 10910 10939
f 10910 10911 10940
f 10911 10931 10941
f 10941 10931 10942
f 10942 10931 10930
f 10943 10942 10944
f 10942 10930 10932
f 10942 10932 10944
f 10944 10932 10933
f 10945 10935 10922
f 10946 10935 10945
f 10935 10946 10936
f 10947 10923 10948
f 10925 10948 10923
f 10948 10925 10949
f 10950 10949 10951
f 10949 10926 10951
f 10949 10925 10926
f 10926 10927 10951
f 10952 10927 10937
f 10952 10937 10938
f 10271 10442 10440
f 10440 10442 10953
f 10954 10440 10953
f 10928 10909 10440
f 10452 10439 10453
f 10443 10439 10452
f 10939 10453 10929
f 10955 10939 10940
f 10453 10939 10454
f 10910 10929 10436
f 10939 10910 10940
f 10940 10941 10956
f 10940 10911 10941
f 10956 10941 10942
f 10956 10942 10957
f 10942 10943 10957
f 10947 10945 10922
f 10923 10947 10922
f 10945 10947 10958
f 10948 10949 10950
f 10959 10951 10952
f 10951 10927 10952
f 10960 10952 10938
f 10954 10938 10928
f 10954 10953 10456
f 10938 10954 10960
f 10440 10954 10928
f 10442 10456 10953
f 10444 10443 10459
f 10461 10454 10467
f 10961 10454 10955
f 10955 10940 10956
f 10939 10955 10454
f 10955 10956 10962
f 10963 10962 10956
f 10963 10956 10964
f 10956 10957 10964
f 10958 10947 10965
f 10966 10958 10967
f 10945 10958 10968
f 10947 10948 10950
f 10969 10951 10959
f 10969 10950 10951
f 10970 10950 10969
f 10952 10960 10959
f 10960 10954 10971
f 10971 10954 10972
f 10972 10456 10455
f 10972 10954 10456
f 10467 10454 10961
f 10467 10961 10973
f 10973 10961 10962
f 10961 10955 10962
f 10974 10975 10962
f 10974 10962 10963
f 10976 10963 10964
f 10967 10958 10965
f 10965 10947 10970
f 10970 10969 10977
f 10969 10959 10977
f 10978 10970 10977
f 10950 10970 10947
f 10977 10959 10979
f 10980 10979 10959
f 10981 10959 10960
f 10981 10960 10982
f 10982 10960 10971
f 10982 10971 10972
f 10983 10972 10455
f 10468 10455 10462
f 10471 10458 10984
f 10984 10985 10986
f 10458 10985 10984
f 10985 10466 10986
f 10458 10466 10985
f 10986 10467 10987
f 10466 10467 10986
f 10987 10467 10973
f 10973 10962 10975
f 10975 10974 10988
f 10976 10974 10963
f 10989 10967 10965
f 10990 10967 10989
f 10991 10978 10992
f 10991 10965 10978
f 10965 10970 10978
f 10992 10978 10979
f 10978 10977 10979
f 10993 10980 10981
f 10980 10959 10981
f 10993 10981 10982
f 10994 10982 10983
f 10982 10972 10983
f 10455 10468 10983
f 10473 10984 10995
f 10472 10473 10478
f 10473 10471 10984
f 10984 10986 10996
f 10997 10986 10998
f 10986 10987 10998
f 10998 10973 10999
f 10998 10987 10973
f 11000 10991 10992
f 10991 11000 11001
f 10991 11001 10965
f 10965 11001 10989
f 10992 10979 11002
f 11002 10979 10980
f 11003 11002 10980
f 10993 10982 11004
f 11005 11004 10994
f 10982 10994 11004
f 11006 10983 10468
f 10478 10473 10995
f 10995 10984 10996
f 10996 10986 10997
f 11007 10998 10999
f 10997 10998 11007
f 11008 10999 10973
f 11009 10999 11008
f 11008 10973 10975
f 11008 11010 11009
f 10988 11010 11008
f 11008 10975 10988
f 11010 11011 11009
f 11001 11000 11012
f 11013 11012 11000
f 11014 10992 11002
f 11000 10992 11014
f 11003 10980 10993
f 11003 10993 11004
f 11005 10994 11015
f 11006 10994 10983
f 10994 11006 11015
f 10475 11016 10170
f 10468 10170 11016
f 11006 10468 11016
f 10996 11017 10995
f 10997 11017 10996
f 11007 11018 10997
f 10999 11018 11007
f 11018 10999 11019
f 11019 10999 11009
f 11019 11009 11011
f 11011 11020 11019
f 11002 11021 11014
f 11014 11021 11000
f 11000 11021 11022
f 11023 11013 11000
f 11022 11023 11000
f 11021 11002 11024
f 11003 11025 11002
f 11002 11025 11024
f 11003 11026 11025
f 11026 11003 11004
f 11016 11015 11006
f 10479 11016 10475
f 11016 11027 11015
f 10479 11027 11016
f 10478 10486 10477
f 11028 10478 10995
f 10995 11017 11028
f 11028 10486 10478
f 11017 11029 11030
f 11029 11017 10997
f 11029 10997 11018
f 11018 11031 11029
f 11018 11019 11031
f 11032 11031 11019
f 11020 11032 11019
f 11033 11022 11021
f 11024 11033 11021
f 11026 11034 11025
f 11005 11026 11004
f 11005 11035 11026
f 11035 11034 11026
f 11036 11005 11015
f 11005 11036 11037
f 11036 11027 11038
f 11027 11036 11015
f 11039 11027 10479
f 11039 11038 11027
f 10482 11039 10479
f 11028 10493 10486
f 10491 10486 10493
f 11028 11030 10493
f 11030 11028 11017
f 11029 11040 11030
f 11041 11040 11029
f 11031 11041 11029
f 11042 11041 11031
f 11031 11032 11042
f 11043 11042 11032
f 11044 11043 11032
f 11022 11033 11045
f 11023 11045 11046
f 11045 11023 11022
f 11047 11023 11046
f 11025 11034 11024
f 11024 11048 11033
f 11034 11048 11024
f 11048 11049 11033
f 11050 11034 11035
f 11034 11051 11048
f 11005 11037 11035
f 11052 11038 11053
f 11054 11038 11039
f 11054 11055 11038
f 11054 11039 10482
f 11030 10492 10493
f 10499 11040 11041
f 11040 10492 11030
f 11040 10499 10492
f 11042 11056 11041
f 11043 11056 11042
f 11033 11049 11045
f 11057 11045 11049
f 11046 11045 11057
f 11057 11058 11046
f 11048 11051 11049
f 11034 11050 11051
f 11059 11050 11035
f 11037 11059 11035
f 11036 11059 11037
f 11060 11059 11036
f 11052 11060 11036
f 11038 11052 11036
f 11055 11053 11038
f 10500 11054 10482
f 10492 10499 10494
f 11041 11061 10499
f 11061 10498 10499
f 11056 11061 11041
f 11062 11061 11056
f 11043 11062 11056
f 11063 11062 11043
f 11057 11064 11058
f 11064 11065 11058
f 11051 11066 11049
f 11066 11064 11049
f 11064 11057 11049
f 11067 11066 11051
f 11050 11067 11051
f 11068 11050 11059
f 11050 11068 11067
f 11060 11068 11059
f 11052 11069 11060
f 11069 11052 11053
f 11054 10500 11055
f 11055 11070 11053
f 11071 11070 11055
f 10500 11071 11055
f 11072 11061 11062
f 11073 11062 11063
f 11062 11073 11072
f 11064 11074 11065
f 11068 11075 11067
f 11069 11068 11060
f 11076 11068 11069
f 11070 11069 11053
f 11070 11076 11069
f 11077 11070 11071
f 10516 10500 10501
f 11078 10498 11061
f 11061 11072 11078
f 10498 11078 10515
f 11072 11079 11078
f 11080 11079 11072
f 11081 11080 11072
f 11073 11081 11072
f 11065 11082 11083
f 11058 11065 11083
f 11084 11085 11066
f 11074 11066 11085
f 11064 11066 11074
f 11065 11074 11082
f 11067 11084 11066
f 11068 11076 11075
f 11076 11086 11075
f 11070 11077 11076
f 11087 11088 11077
f 10500 10516 11071
f 11087 11077 11071
f 10516 11089 11071
f 11089 11087 11071
f 11079 10526 11078
f 11078 10526 10515
f 11090 11082 11074
f 10539 11085 11084
f 11085 11090 11074
f 11091 11084 11067
f 11084 11091 11092
f 11092 10539 11084
f 11093 11092 11091
f 11075 11091 11067
f 11075 11093 11091
f 11086 11077 11088
f 11077 11086 11076
f 11086 11088 11094
f 11087 11095 11088
f 10527 10526 10536
f 11096 10526 11079
f 11090 11097 11082
f 11090 11085 10539
f 11092 10537 10539
f 11086 11093 11075
f 11093 11086 11094
f 11094 11098 11093
f 11099 11098 11094
f 11100 11099 11094
f 11095 11094 11088
f 10516 10530 11089
f 10530 11101 11089
f 11089 11095 11087
f 11096 10536 10526
f 11079 11102 11096
f 11079 11103 11102
f 11104 11090 10539
f 11104 11097 11090
f 10538 11104 10539
f 11093 10557 11092
f 10557 10537 11092
f 11098 10557 11093
f 11095 11100 11094
f 11101 11095 11089
f 11105 11100 11095
f 11095 11101 11105
f 10293 11106 10529
f 11106 10530 10529
f 11107 10530 11106
f 11101 11107 11105
f 10530 11107 11101
f 11108 10536 11096
f 11102 11109 11096
f 11104 10538 10556
f 10540 10556 10538
f 10556 11110 11104
f 11097 11104 11110
f 11097 11110 11111
f 11112 11097 11111
f 11098 11113 10557
f 10540 10557 10558
f 11113 10558 10557
f 11114 11099 11100
f 11099 11113 11098
f 11105 11115 11100
f 10294 11107 11106
f 10293 10294 11106
f 10294 11116 11107
f 10536 11108 10554
f 10554 11108 10567
f 11096 11109 11108
f 11109 11117 11108
f 10556 10568 11118
f 11110 10556 11118
f 11099 11114 11113
f 11100 11119 11114
f 11119 11100 11115
f 10294 10560 11116
f 11107 11116 11105
f 11105 11116 11115
f 11116 11120 11115
f 11117 10567 11108
f 11121 10567 11117
f 10568 10569 11118
f 11110 11118 11122
f 11123 11122 11118
f 11111 11122 11124
f 11122 11111 11110
f 11124 11122 11123
f 11124 11123 11125
f 11126 10558 11113
f 11126 10571 10558
f 11114 11127 11113
f 11127 11126 11113
f 11128 11114 11119
f 11129 11119 11115
f 11115 11120 11129
f 11116 10561 11120
f 10560 10561 11116
f 10565 10567 10586
f 10567 11130 10586
f 11121 11130 10567
f 11121 11131 11130
f 10569 11123 11118
f 10569 11132 11123
f 11132 11125 11123
f 11126 10579 10571
f 10602 10579 11126
f 11114 11128 11127
f 11128 11126 11127
f 10602 11128 11133
f 11129 11128 11119
f 11128 11129 11133
f 10299 11120 10561
f 10299 10304 11120
f 11120 11134 11129
f 11120 10304 11134
f 11125 11132 10619
f 11135 11125 10619
f 10619 11136 11135
f 11135 11136 11137
f 10569 10587 11132
f 10587 10619 11132
f 10619 10587 10589
f 10602 10590 10579
f 11128 10602 11126
f 11138 11134 10607
f 11134 10304 10607
f 11129 11134 11133
f 11134 11138 11133
f 10597 10586 11130
f 11139 11140 10597
f 11139 10597 11130
f 11131 11139 11130
f 10625 11133 11138
f 11133 10625 10602
f 10625 10603 10602
f 10607 10605 11138
f 11138 10606 10625
f 10604 10605 10607
f 10605 10606 11138
f 10631 11140 11141
f 10631 10597 11140
f 10619 10618 11142
f 10618 10617 11142
f 11142 11143 10619
f 10619 11143 11136
f 11141 11144 10631
f 11141 11145 11144
f 11144 10630 10631
f 11146 10647 11147
f 11148 11146 11147
f 11142 10617 10645
f 10645 10647 11142
f 10647 11146 11142
f 11143 11142 11146
f 11144 10643 10630
f 11145 10643 11144
f 11149 10647 10664
f 11147 10647 11149
f 10643 11150 10659
f 10660 10659 11150
f 11150 11151 10660
f 10664 11152 11149
f 11152 10664 11153
f 10647 10662 10664
f 10664 10665 11153
f 10678 10660 11154
f 10660 11151 11154
f 11154 10692 10678
f 11155 11154 11151
f 11154 11155 10692
f 11156 11155 11151
f 10679 10681 11157
f 10665 10680 10679
f 11157 11152 10679
f 10679 11153 10665
f 11153 10679 11152
f 11155 11158 10692
f 11155 11159 11158
f 10694 10692 11158
f 10694 11158 11160
f 11159 11160 11158
f 10694 10710 10695
f 10694 11160 10710
f 11160 11161 10710
f 11160 11162 11161
f 10696 10697 10721
f 10721 11163 10696
f 10696 11163 11164
f 11164 10681 10696
f 11165 11157 11164
f 11157 11165 11166
f 10681 11164 11157
f 11161 11167 10710
f 11161 11168 11167
f 11161 11162 11168
f 10710 11167 10712
f 11167 10714 10712
f 11167 11169 10714
f 11169 11167 11168
f 10714 11170 10713
f 11171 10714 11169
f 10714 11171 11170
f 10717 10713 11170
f 11170 11171 11172
f 11172 11171 11173
f 10717 11170 10715
f 10715 11170 11172
f 10715 11172 11174
f 10718 10715 11175
f 11176 11175 11174
f 11175 10715 11174
f 11177 10718 11175
f 11175 11176 11177
f 10718 11177 11178
f 10718 11178 11163
f 11178 11179 11163
f 11177 11176 11178
f 11178 11176 11179
f 10718 11163 10721
f 11163 11179 11164
f 10876 11180 10874
f 11180 10876 11181
f 10875 11182 10876
f 10876 11182 11183
f 10875 10877 11182
f 11184 11182 10877
f 10853 11184 10877
f 11185 11184 10853
f 10879 11185 10853
f 10879 10853 10851
f 10880 11186 10878
f 10882 11186 10880
f 11186 10879 10878
f 11187 11186 11188
f 11189 11186 10882
f 11190 11189 10882
f 11190 10882 10886
f 10895 10897 10915
f 11191 10897 11192
f 10897 10898 11193
f 10898 11180 11193
f 10871 10874 10898
f 10874 11180 10898
f 10886 10901 11190
f 10915 11191 10916
f 10918 10901 10900
f 11194 10901 10918
f 11195 10901 11194
f 10934 10918 10917
f 10934 11196 10918
f 11194 10918 11196
f 11197 10934 10921
f 10934 11197 11196
f 11198 11199 10933
f 11198 10933 10916
f 10921 10936 11200
f 10921 11200 11197
f 11199 11201 10944
f 11199 11202 11201
f 10944 10933 11199
f 11203 10936 10946
f 10946 11204 11203
f 10936 11203 11200
f 11203 11204 11205
f 10943 11206 10957
f 11201 10943 10944
f 11206 10943 11201
f 10968 10946 10945
f 11204 10968 11207
f 10968 11204 10946
f 10964 10957 11208
f 11208 10957 11206
f 11209 11208 11206
f 11208 11209 11210
f 11211 11208 11210
f 10968 10958 10966
f 10968 10966 11212
f 11207 10968 11212
f 10976 11211 11213
f 10976 10964 11208
f 11208 11211 10976
f 11212 10966 11214
f 11214 10966 10967
f 10974 11215 10988
f 10974 10976 11215
f 11215 10976 11213
f 11214 10967 10990
f 10988 11215 11010
f 11215 11216 11010
f 11012 10990 10989
f 11011 11010 11216
f 11011 11216 11217
f 10989 11001 11012
f 11218 11012 11013
f 10990 11012 11219
f 11220 11020 11217
f 11217 11020 11011
f 11012 11218 11219
f 11218 11013 11221
f 11013 11023 11221
f 11020 11220 11032
f 11221 11023 11047
f 11220 11044 11032
f 11222 11043 11044
f 11223 11044 11220
f 11046 11224 11047
f 11047 11224 11225
f 11047 11225 11221
f 11058 11224 11046
f 11073 11063 11226
f 11222 11063 11043
f 11224 11058 11227
f 11227 11058 11228
f 11058 11083 11228
f 11226 11081 11073
f 11226 11229 11081
f 11230 11083 11231
f 11083 11230 11228
f 11080 11103 11079
f 11080 11081 11229
f 11103 11080 11229
f 11083 11082 11232
f 11083 11232 11231
f 11233 11234 11103
f 11232 11082 11097
f 11232 11097 11112
f 11231 11232 11235
f 11102 11103 11234
f 11236 11102 11234
f 11236 11109 11102
f 11237 11109 11236
f 11112 11111 11238
f 11237 11117 11109
f 11239 11117 11237
f 11117 11239 11121
f 11240 11239 11237
f 11111 11124 11241
f 11124 11125 11241
f 11239 11131 11121
f 11242 11131 11239
f 11241 11125 11135
f 11243 11135 11244
f 11135 11137 11244
f 11245 11246 11131
f 11131 11246 11139
f 11139 11246 11140
f 11136 11247 11137
f 11140 11246 11248
f 11248 11141 11140
f 11136 11143 11249
f 11249 11247 11136
f 11250 11145 11141
f 11250 11251 11145
f 11148 11252 11146
f 11146 11249 11143
f 11253 11249 11146
f 11146 11252 11253
f 11254 11145 11255
f 11145 11251 11255
f 10643 11145 11254
f 11256 11148 11149
f 11257 11148 11256
f 11148 11147 11149
f 10643 11254 11150
f 11150 11258 11151
f 11150 11254 11258
f 11256 11149 11152
f 11157 11259 11152
f 11260 11152 11259
f 11152 11260 11256
f 11260 11257 11256
f 11258 11156 11151
f 11156 11261 11155
f 11157 11166 11262
f 11262 11166 11263
f 11157 11262 11259
f 11263 11259 11262
f 11264 11155 11261
f 11159 11265 11160
f 11159 11155 11264
f 11264 11265 11159
f 11265 11266 11160
f 11162 11160 11266
f 11179 11267 11268
f 11164 11179 11268
f 11267 11269 11268
f 11165 11164 11268
f 11270 11168 11162
f 11266 11270 11162
f 11271 11169 11168
f 11270 11271 11168
f 11169 11271 11171
f 11173 11171 11271
f 11172 11173 11272
f 11273 11172 11272
f 11273 11174 11172
f 11174 11273 11274
f 11274 11275 11174
f 11275 11176 11174
f 11179 11176 11267
f 11176 11276 11267
f 11193 11180 11277
f 11181 10876 11183
f 11277 11180 11181
f 11181 11183 11278
f 11181 11278 11277
f 11182 11184 11279
f 11183 11182 11279
f 11184 11280 11279
f 11281 11184 11185
f 11184 11281 11280
f 11282 11281 11185
f 11185 10879 11187
f 11282 11185 11187
f 11186 11187 10879
f 11283 11284 11188
f 11284 11187 11188
f 11282 11187 11284
f 11189 11283 11188
f 11186 11189 11188
f 11190 11285 11189
f 11285 11286 11189
f 10897 11191 10915
f 11191 11192 11287
f 11192 11288 11287
f 11193 11192 10897
f 11289 11192 11193
f 11192 11289 11288
f 11285 11190 11290
f 11290 11190 10901
f 11287 11291 10916
f 10916 11191 11287
f 11292 11291 11287
f 10901 11195 11290
f 11293 11194 11196
f 11194 11293 11195
f 11294 11195 11293
f 11293 11196 11197
f 11199 11198 11295
f 11291 11295 11198
f 11291 11198 10916
f 11296 11197 11200
f 11197 11296 11293
f 11296 11297 11293
f 11298 11299 11300
f 11202 11299 11298
f 11199 11295 11202
f 11299 11202 11295
f 11203 11296 11200
f 11203 11205 11296
f 11201 11298 11206
f 11206 11298 11209
f 11201 11202 11298
f 11301 11209 11298
f 11301 11298 11300
f 11302 11204 11207
f 11209 11301 11210
f 11303 11207 11212
f 11211 11210 11304
f 11304 11210 11305
f 11306 11303 11212
f 11307 11212 11214
f 11215 11213 11308
f 11213 11211 11304
f 11308 11213 11304
f 11307 11214 10990
f 11307 10990 11309
f 11308 11216 11215
f 11216 11308 11310
f 11219 11309 10990
f 11311 11309 11219
f 11309 11311 11312
f 11217 11216 11310
f 11219 11218 11313
f 11313 11218 11314
f 11223 11220 11217
f 11315 11223 11217
f 11218 11221 11314
f 11221 11225 11314
f 11223 11222 11044
f 11222 11223 11316
f 11317 11222 11316
f 11318 11317 11316
f 11225 11224 11319
f 11320 11063 11222
f 11320 11222 11317
f 11224 11227 11319
f 11319 11227 11228
f 11320 11226 11063
f 11229 11321 11322
f 11321 11229 11226
f 11228 11230 11323
f 11322 11233 11229
f 11230 11231 11235
f 11233 11103 11229
f 11324 11234 11233
f 11234 11324 11236
f 11232 11112 11325
f 11232 11325 11235
f 11235 11325 11326
f 11324 11327 11236
f 11327 11237 11236
f 11112 11238 11325
f 11327 11240 11237
f 11111 11241 11328
f 11238 11111 11328
f 11328 11329 11238
f 11239 11240 11330
f 11241 11243 11328
f 11330 11242 11239
f 11135 11243 11241
f 11331 11243 11244
f 11243 11331 11332
f 11245 11131 11242
f 11333 11245 11242
f 11247 11244 11137
f 11334 11331 11244
f 11331 11334 11335
f 11335 11332 11331
f 11248 11245 11336
f 11334 11247 11337
f 11249 11337 11247
f 11244 11247 11334
f 11245 11248 11246
f 11338 11248 11336
f 11337 11249 11253
f 11248 11250 11141
f 11252 11339 11253
f 11252 11148 11339
f 11340 11339 11148
f 11337 11253 11339
f 11255 11251 11341
f 11341 11251 11342
f 11250 11342 11251
f 11340 11148 11257
f 11254 11255 11343
f 11255 11341 11344
f 11343 11255 11344
f 11343 11258 11254
f 11263 11260 11259
f 11345 11260 11263
f 11260 11346 11257
f 11156 11258 11343
f 11347 11261 11156
f 11347 11156 11343
f 11263 11166 11348
f 11345 11348 11349
f 11265 11350 11266
f 11264 11350 11265
f 11351 11165 11268
f 11268 11269 11351
f 11165 11351 11166
f 11350 11352 11266
f 11352 11270 11266
f 11353 11270 11352
f 11270 11354 11271
f 11353 11354 11270
f 11354 11173 11271
f 11272 11173 11354
f 11273 11355 11274
f 11356 11274 11355
f 11274 11356 11275
f 11176 11275 11276
f 11267 11276 11269
f 11276 11357 11269
f 11276 11275 11357
f 11358 11280 11281
f 11359 11281 11282
f 11360 11359 11282
f 11360 11282 11284
f 11277 11361 11289
f 11277 11278 11361
f 11183 11279 11362
f 11183 11362 11278
f 11279 11280 11362
f 11362 11280 11358
f 11283 11189 11286
f 11363 11286 11285
f 11364 11286 11363
f 11364 11283 11286
f 11287 11288 11292
f 11289 11365 11288
f 11193 11277 11289
f 11363 11290 11366
f 11290 11363 11285
f 11290 11195 11366
f 11367 11291 11368
f 11291 11292 11368
f 11195 11294 11369
f 11295 11367 11299
f 11295 11291 11367
f 11293 11297 11294
f 11299 11367 11300
f 11296 11205 11297
f 11205 11302 11370
f 11371 11205 11370
f 11205 11371 11297
f 11204 11302 11205
f 11372 11370 11302
f 11210 11301 11373
f 11374 11373 11301
f 11207 11303 11302
f 11372 11302 11303
f 11210 11373 11305
f 11303 11306 11372
f 11375 11372 11306
f 11376 11375 11306
f 11307 11306 11212
f 11377 11306 11307
f 11376 11306 11377
f 11304 11378 11308
f 11378 11304 11305
f 11307 11309 11377
f 11377 11309 11312
f 11379 11308 11378
f 11308 11379 11310
f 11380 11311 11381
f 11310 11379 11382
f 11311 11219 11313
f 11381 11311 11313
f 11217 11310 11383
f 11383 11315 11217
f 11383 11310 11382
f 11313 11314 11384
f 11315 11316 11223
f 11316 11315 11385
f 11314 11225 11386
f 11385 11318 11316
f 11225 11319 11386
f 11386 11319 11387
f 11320 11318 11388
f 11318 11320 11317
f 11319 11228 11389
f 11387 11319 11389
f 11388 11321 11320
f 11390 11321 11388
f 11320 11321 11226
f 11389 11228 11323
f 11390 11322 11321
f 11230 11391 11323
f 11392 11322 11390
f 11322 11393 11233
f 11393 11322 11392
f 11235 11326 11391
f 11235 11391 11230
f 11394 11233 11393
f 11394 11324 11233
f 11329 11325 11238
f 11326 11325 11395
f 11396 11327 11324
f 11397 11327 11396
f 11398 11397 11396
f 11394 11396 11324
f 11325 11329 11395
f 11397 11240 11327
f 11399 11330 11240
f 11399 11240 11397
f 11243 11332 11328
f 11332 11329 11328
f 11329 11332 11400
f 11330 11401 11242
f 11242 11401 11333
f 11333 11336 11245
f 11337 11402 11334
f 11248 11338 11250
f 11336 11333 11403
f 11336 11403 11338
f 11337 11404 11402
f 11342 11250 11338
f 11405 11338 11406
f 11338 11405 11342
f 11337 11407 11404
f 11340 11407 11339
f 11407 11337 11339
f 11408 11342 11405
f 11341 11342 11408
f 11409 11407 11340
f 11344 11341 11408
f 11343 11344 11410
f 11411 11410 11344
f 11412 11346 11260
f 11346 11340 11257
f 11340 11346 11409
f 11409 11346 11413
f 11343 11410 11347
f 11410 11414 11347
f 11348 11345 11263
f 11260 11345 11412
f 11345 11349 11415
f 11261 11347 11416
f 11414 11416 11347
f 11416 11264 11261
f 11416 11417 11264
f 11417 11350 11264
f 11351 11269 11418
f 11419 11351 11418
f 11166 11351 11348
f 11419 11348 11351
f 11348 11419 11420
f 11420 11349 11348
f 11421 11352 11350
f 11421 11350 11422
f 11421 11353 11352
f 11423 11353 11421
f 11424 11353 11423
f 11424 11425 11353
f 11354 11353 11425
f 11354 11425 11272
f 11272 11425 11355
f 11272 11355 11273
f 11425 11426 11355
f 11356 11355 11427
f 11275 11356 11428
f 11357 11275 11428
f 11429 11269 11357
f 11269 11429 11418
f 11430 11362 11431
f 11431 11362 11358
f 11281 11359 11358
f 11432 11358 11359
f 11432 11431 11358
f 11433 11432 11359
f 11360 11434 11359
f 11433 11359 11434
f 11435 11360 11436
f 11283 11360 11284
f 11436 11437 11435
f 11289 11361 11438
f 11361 11439 11438
f 11361 11278 11439
f 11278 11440 11439
f 11278 11362 11440
f 11430 11440 11362
f 11360 11283 11436
f 11436 11283 11364
f 11364 11437 11436
f 11441 11364 11363
f 11442 11441 11443
f 11441 11363 11366
f 11288 11444 11292
f 11444 11288 11365
f 11444 11365 11445
f 11292 11444 11446
f 11444 11447 11446
f 11444 11445 11447
f 11289 11438 11365
f 11445 11365 11438
f 11369 11366 11195
f 11448 11366 11369
f 11449 11366 11448
f 11292 11446 11368
f 11446 11450 11368
f 11369 11294 11451
f 11294 11297 11451
f 11451 11452 11369
f 11451 11453 11452
f 11453 11451 11371
f 11454 11367 11450
f 11368 11450 11367
f 11297 11371 11451
f 11453 11371 11455
f 11371 11370 11455
f 11454 11300 11367
f 11300 11454 11456
f 11370 11457 11455
f 11370 11372 11457
f 11300 11374 11301
f 11458 11374 11456
f 11374 11300 11456
f 11457 11372 11375
f 11457 11375 11459
f 11373 11374 11460
f 11373 11460 11305
f 11460 11461 11462
f 11376 11463 11375
f 11463 11376 11464
f 11460 11378 11305
f 11378 11460 11462
f 11376 11377 11312
f 11376 11312 11464
f 11465 11378 11462
f 11466 11379 11465
f 11378 11465 11379
f 11311 11380 11312
f 11312 11380 11464
f 11380 11381 11467
f 11382 11379 11466
f 11382 11468 11383
f 11384 11381 11313
f 11469 11315 11383
f 11469 11383 11468
f 11469 11385 11315
f 11386 11384 11314
f 11384 11386 11477
f 11478 11384 11477
f 11479 11318 11385
f 11386 11387 11477
f 11477 11387 11480
f 11481 11388 11318
f 11479 11481 11318
f 11387 11389 11482
f 11387 11482 11480
f 11389 11483 11482
f 11484 11388 11481
f 11323 11483 11389
f 11484 11390 11388
f 11323 11391 11485
f 11323 11485 11483
f 11486 11390 11484
f 11486 11392 11390
f 11391 11487 11485
f 11483 11485 11488
f 11485 11487 11489
f 11486 11393 11392
f 11394 11393 11490
f 11491 11394 11490
f 11391 11326 11487
f 11489 11487 11395
f 11487 11326 11395
f 11492 11489 11395
f 11491 11396 11394
f 11491 11398 11396
f 11493 11398 11491
f 11395 11329 11492
f 11494 11397 11398
f 11493 11494 11398
f 11329 11400 11495
f 11494 11399 11397
f 11399 11401 11330
f 11496 11399 11497
f 11399 11498 11401
f 11497 11399 11494
f 11400 11332 11499
f 11335 11499 11332
f 11499 11500 11400
f 11333 11401 11498
f 11498 11501 11333
f 11403 11333 11501
f 11502 11403 11501
f 11335 11334 11402
f 11503 11335 11402
f 11404 11503 11402
f 11335 11503 11504
f 11403 11406 11338
f 11403 11505 11406
f 11506 11505 11403
f 11503 11404 11507
f 11508 11406 11505
f 11407 11509 11404
f 11406 11508 11405
f 11510 11405 11508
f 11407 11409 11509
f 11408 11411 11344
f 11405 11510 11408
f 11411 11408 11510
f 11410 11411 11511
f 11412 11413 11346
f 11409 11413 11512
f 11512 11413 11513
f 11410 11511 11414
f 11514 11414 11511
f 11345 11415 11412
f 11412 11415 11515
f 11413 11412 11515
f 11413 11515 11516
f 11514 11416 11414
f 11417 11514 11517
f 11514 11417 11416
f 11518 11417 11517
f 11519 11420 11419
f 11520 11420 11519
f 11349 11420 11520
f 11415 11349 11520
f 11417 11422 11350
f 11423 11421 11521
f 11422 11521 11421
f 11522 11423 11521
f 11522 11424 11423
f 11426 11425 11523
f 11523 11425 11424
f 11426 11523 11524
f 11355 11426 11427
f 11428 11356 11427
f 11428 11427 11525
f 11525 11427 11526
f 11428 11525 11429
f 11429 11357 11428
f 11429 11527 11528
f 11529 11528 11527
f 11528 11418 11429
f 11519 11418 11528
f 11418 11519 11419
f 11524 11427 11426
f 11427 11524 11526
f 11430 11530 11531
f 11430 11431 11530
f 11532 11530 11431
f 11533 11432 11433
f 11432 11532 11431
f 11533 11532 11432
f 11533 11433 11534
f 11534 11433 11434
f 11534 11434 11535
f 11360 11435 11434
f 11536 11434 11435
f 11537 11536 11435
f 11437 11537 11435
f 11538 11537 11437
f 11439 11539 11438
f 11540 11439 11541
f 11541 11440 11531
f 11440 11541 11439
f 11440 11430 11531
f 11442 11538 11437
f 11442 11437 11364
f 11441 11442 11364
f 11538 11442 11443
f 11366 11449 11441
f 11443 11441 11449
f 11443 11449 11542
f 11449 11448 11543
f 11544 11447 11545
f 11447 11445 11545
f 11438 11539 11445
f 11452 11448 11369
f 11448 11452 11543
f 11543 11452 11546
f 11446 11544 11450
f 11544 11547 11450
f 11447 11544 11446
f 11452 11453 11548
f 11453 11549 11548
f 11549 11453 11455
f 11550 11458 11547
f 11454 11450 11547
f 11458 11454 11547
f 11454 11458 11456
f 11549 11455 11551
f 11458 11552 11553
f 11374 11458 11553
f 11550 11552 11458
f 11457 11554 11455
f 11455 11554 11551
f 11555 11553 11556
f 11554 11457 11459
f 11557 11554 11459
f 11374 11555 11460
f 11556 11461 11555
f 11461 11556 11558
f 11555 11374 11553
f 11459 11375 11559
f 11559 11557 11459
f 11559 11375 11463
f 11560 11559 11463
f 11557 11559 11560
f 11561 11557 11560
f 11558 11462 11461
f 11462 11558 11562
f 11461 11460 11555
f 11563 11463 11464
f 11463 11563 11560
f 11562 11465 11462
f 11563 11464 11380
f 11564 11563 11380
f 11565 11563 11564
f 11564 11380 11467
f 11468 11382 11466
f 11566 11468 11567
f 11468 11466 11567
f 11381 11384 11568
f 11467 11381 11568
f 11569 11467 11568
f 11569 11478 11570
f 11468 11566 11571
f 11469 11468 11571
f 11384 11478 11568
f 11478 11477 11480
f 11576 11478 11480
f 11571 11385 11469
f 11479 11385 11571
f 11577 11479 11571
f 11480 11482 11586
f 11480 11586 11587
f 11480 11587 11576
f 11587 11586 11588
f 11589 11481 11479
f 11590 11589 11479
f 11483 11586 11482
f 11591 11484 11481
f 11481 11589 11591
f 11586 11483 11588
f 11486 11484 11591
f 11591 11592 11486
f 11588 11483 11593
f 11593 11483 11488
f 11594 11595 11486
f 11488 11485 11489
f 11488 11489 11596
f 11488 11596 11597
f 11393 11486 11490
f 11595 11490 11486
f 11490 11595 11493
f 11598 11489 11492
f 11493 11491 11490
f 11489 11598 11596
f 11492 11329 11495
f 11495 11599 11492
f 11492 11599 11598
f 11600 11494 11493
f 11601 11494 11600
f 11602 11601 11600
f 11599 11495 11603
f 11601 11497 11494
f 11604 11497 11601
f 11602 11604 11601
f 11495 11400 11603
f 11400 11500 11603
f 11605 11604 11606
f 11497 11605 11496
f 11496 11501 11498
f 11501 11496 11502
f 11399 11496 11498
f 11607 11496 11605
f 11607 11502 11496
f 11504 11499 11335
f 11499 11504 11608
f 11499 11608 11500
f 11504 11609 11608
f 11607 11610 11502
f 11502 11506 11403
f 11610 11506 11502
f 11504 11503 11611
f 11504 11611 11609
f 11503 11507 11611
f 11611 11507 11612
f 11613 11505 11506
f 11404 11509 11507
f 11507 11509 11614
f 11614 11612 11507
f 11615 11508 11505
f 11409 11512 11509
f 11512 11614 11509
f 11512 11616 11614
f 11617 11411 11510
f 11618 11510 11508
f 11617 11510 11618
f 11617 11511 11411
f 11516 11513 11413
f 11619 11512 11513
f 11620 11511 11617
f 11621 11620 11617
f 11622 11515 11415
f 11623 11516 11515
f 11623 11515 11622
f 11624 11516 11623
f 11620 11514 11511
f 11625 11514 11620
f 11625 11620 11621
f 11626 11625 11621
f 11517 11514 11625
f 11627 11517 11625
f 11415 11520 11622
f 11627 11625 11626
f 11417 11518 11422
f 11517 11627 11518
f 11422 11628 11521
f 11518 11628 11422
f 11518 11629 11628
f 11629 11518 11627
f 11522 11521 11628
f 11429 11525 11527
f 11528 11529 11630
f 11519 11528 11630
f 11631 11519 11630
f 11519 11631 11632
f 11520 11519 11632
f 11633 11424 11522
f 11424 11633 11523
f 11633 11634 11523
f 11633 11635 11634
f 11633 11522 11635
f 11634 11635 11636
f 11524 11523 11634
f 11524 11634 11636
f 11526 11524 11637
f 11525 11526 11637
f 11525 11637 11638
f 11527 11525 11638
f 11639 11640 11641
f 11641 11640 11642
f 11533 11643 11532
f 11642 11640 11643
f 11644 11643 11533
f 11645 11644 11535
f 11535 11434 11536
f 11646 11535 11536
f 11639 11540 11541
f 11540 11639 11647
f 11541 11531 11639
f 11639 11531 11530
f 11640 11639 11530
f 11640 11532 11643
f 11532 11640 11530
f 11644 11533 11534
f 11535 11644 11534
f 11536 11537 11648
f 11646 11536 11648
f 11537 11538 11648
f 11649 11538 11443
f 11649 11648 11538
f 11648 11649 11650
f 11649 11443 11542
f 11542 11651 11649
f 11652 11653 11654
f 11655 11545 11656
f 11656 11445 11539
f 11656 11539 11540
f 11647 11655 11656
f 11656 11540 11647
f 11439 11540 11539
f 11651 11542 11657
f 11542 11449 11543
f 11658 11542 11543
f 11657 11542 11658
f 11546 11658 11543
f 11659 11658 11546
f 11652 11544 11545
f 11544 11652 11660
f 11653 11652 11545
f 11545 11445 11656
f 11452 11548 11546
f 11661 11548 11549
f 11548 11662 11546
f 11659 11546 11662
f 11547 11544 11660
f 11550 11547 11660
f 11550 11660 11663
f 11664 11550 11663
f 11661 11549 11551
f 11661 11551 11665
f 11666 11665 11667
f 11668 11552 11664
f 11552 11550 11664
f 11552 11668 11553
f 11551 11667 11665
f 11667 11551 11554
f 11557 11667 11554
f 11556 11553 11668
f 11556 11668 11669
f 11667 11557 11561
f 11558 11556 11670
f 11556 11669 11671
f 11672 11561 11560
f 11561 11672 11673
f 11562 11558 11674
f 11674 11558 11670
f 11565 11560 11563
f 11675 11560 11565
f 11672 11560 11675
f 11676 11677 11678
f 11676 11562 11677
f 11562 11674 11677
f 11679 11675 11565
f 11466 11676 11567
f 11676 11465 11562
f 11465 11676 11466
f 11567 11676 11678
f 11565 11564 11467
f 11569 11565 11467
f 11680 11565 11569
f 11567 11678 11681
f 11680 11569 11682
f 11681 11566 11567
f 11478 11569 11568
f 11683 11569 11570
f 11569 11683 11682
f 11566 11577 11571
f 11684 11566 11681
f 11566 11684 11577
f 11683 11570 11685
f 11685 11570 11576
f 11686 11577 11684
f 11478 11576 11570
f 11576 11687 11685
f 11685 11687 11688
f 11689 11589 11590
f 11686 11590 11577
f 11689 11590 11686
f 11577 11590 11479
f 11587 11687 11576
f 11587 11588 11690
f 11687 11587 11690
f 11687 11690 11688
f 11589 11689 11691
f 11690 11588 11692
f 11693 11592 11691
f 11691 11591 11589
f 11592 11591 11691
f 11593 11692 11588
f 11693 11694 11592
f 11692 11593 11695
f 11694 11594 11592
f 11592 11594 11486
f 11593 11488 11597
f 11696 11697 11595
f 11595 11697 11493
f 11594 11696 11595
f 11593 11597 11698
f 11596 11698 11597
f 11493 11697 11699
f 11596 11598 11700
f 11699 11600 11493
f 11701 11699 11697
f 11598 11702 11700
f 11598 11599 11702
f 11702 11703 11700
f 11704 11600 11699
f 11704 11602 11600
f 11701 11704 11699
f 11599 11603 11702
f 11702 11603 11705
f 11702 11705 11703
f 11703 11705 11706
f 11707 11604 11602
f 11704 11707 11602
f 11708 11705 11603
f 11707 11606 11604
f 11603 11500 11708
f 11708 11500 11608
f 11608 11709 11708
f 11604 11605 11497
f 11710 11606 11711
f 11606 11607 11605
f 11608 11609 11709
f 11712 11610 11607
f 11609 11611 11713
f 11709 11609 11713
f 11714 11709 11713
f 11505 11613 11615
f 11613 11506 11610
f 11715 11613 11610
f 11611 11612 11713
f 11716 11717 11613
f 11613 11717 11615
f 11612 11718 11719
f 11618 11508 11615
f 11717 11618 11615
f 11614 11616 11720
f 11614 11720 11721
f 11721 11720 11722
f 11718 11614 11721
f 11718 11721 11722
f 11618 11723 11724
f 11512 11619 11616
f 11619 11513 11624
f 11616 11619 11720
f 11724 11617 11618
f 11725 11621 11724
f 11621 11617 11724
f 11516 11624 11513
f 11624 11726 11619
f 11624 11623 11726
f 11727 11621 11728
f 11728 11621 11725
f 11622 11520 11729
f 11729 11520 11632
f 11729 11623 11622
f 11726 11623 11729
f 11730 11626 11727
f 11627 11626 11730
f 11627 11730 11731
f 11629 11627 11731
f 11732 11631 11630
f 11631 11732 11632
f 11632 11732 11733
f 11632 11734 11729
f 11735 11731 11730
f 11736 11628 11629
f 11522 11628 11736
f 11629 11731 11736
f 11635 11522 11736
f 11636 11635 11737
f 11738 11636 11737
f 11524 11636 11739
f 11524 11739 11637
f 11738 11739 11636
f 11637 11739 11740
f 11637 11740 11638
f 11638 11741 11529
f 11638 11740 11741
f 11529 11527 11638
f 11741 11742 11529
f 11630 11529 11742
f 11739 11738 11743
f 11740 11739 11743
f 11744 11745 11641
f 11746 11747 11645
f 11748 11749 11750
f 11751 11752 11753
f 11753 11639 11754
f 11751 11753 11754
f 11752 11751 11755
f 11754 11639 11641
f 11756 11641 11757
f 11641 11756 11754
f 11643 11747 11744
f 11643 11744 11642
f 11642 11744 11641
f 11643 11644 11747
f 11644 11645 11747
f 11749 11645 11535
f 11749 11535 11646
f 11646 11750 11749
f 11758 11646 11648
f 11750 11646 11758
f 11750 11758 11759
f 11650 11758 11648
f 11760 11758 11650
f 11761 11762 11752
f 11647 11762 11655
f 11647 11752 11762
f 11753 11752 11647
f 11753 11647 11639
f 11650 11649 11651
f 11651 11763 11650
f 11651 11657 11764
f 11763 11651 11764
f 11658 11764 11657
f 11765 11764 11766
f 11654 11767 11768
f 11653 11767 11654
f 11767 11653 11762
f 11762 11769 11767
f 11655 11653 11545
f 11653 11655 11762
f 11764 11658 11766
f 11766 11658 11659
f 11766 11659 11770
f 11662 11770 11659
f 11660 11768 11771
f 11660 11652 11654
f 11660 11654 11768
f 11770 11662 11772
f 11548 11661 11662
f 11772 11661 11773
f 11772 11662 11661
f 11772 11773 11774
f 11771 11775 11663
f 11663 11660 11771
f 11773 11661 11665
f 11666 11774 11665
f 11665 11774 11773
f 11664 11663 11775
f 11664 11775 11776
f 11776 11775 11777
f 11774 11666 11778
f 11668 11779 11669
f 11668 11664 11776
f 11666 11667 11561
f 11561 11780 11666
f 11781 11666 11780
f 11781 11780 11782
f 11666 11781 11778
f 11671 11669 11779
f 11671 11783 11784
f 11779 11668 11776
f 11782 11780 11561
f 11561 11673 11782
f 11671 11670 11556
f 11671 11674 11670
f 11674 11671 11785
f 11784 11785 11671
f 11677 11674 11785
f 11786 11672 11675
f 11672 11786 11673
f 11675 11787 11786
f 11787 11788 11786
f 11678 11789 11790
f 11678 11677 11789
f 11785 11789 11677
f 11787 11675 11679
f 11679 11791 11787
f 11788 11791 11792
f 11565 11680 11679
f 11791 11679 11680
f 11793 11680 11682
f 11680 11793 11791
f 11678 11794 11681
f 11682 11795 11793
f 11681 11794 11796
f 11794 11797 11796
f 11795 11683 11798
f 11683 11795 11682
f 11681 11796 11684
f 11799 11684 11796
f 11797 11799 11796
f 11799 11797 11800
f 11798 11685 11688
f 11685 11798 11683
f 11798 11688 11801
f 11799 11686 11684
f 11802 11686 11800
f 11800 11686 11799
f 11689 11686 11802
f 11688 11690 11803
f 11804 11691 11689
f 11804 11689 11802
f 11690 11692 11805
f 11803 11690 11805
f 11804 11802 11806
f 11804 11693 11691
f 11805 11692 11695
f 11805 11695 11807
f 11808 11804 11806
f 11808 11694 11693
f 11808 11693 11804
f 11809 11807 11695
f 11810 11808 11811
f 11810 11594 11694
f 11810 11694 11808
f 11593 11698 11695
f 11696 11811 11812
f 11811 11696 11810
f 11813 11812 11811
f 11810 11696 11594
f 11596 11700 11698
f 11698 11809 11695
f 11812 11697 11696
f 11697 11812 11814
f 11700 11703 11698
f 11815 11698 11703
f 11698 11815 11809
f 11814 11701 11697
f 11701 11816 11704
f 11814 11816 11701
f 11703 11706 11817
f 11817 11815 11703
f 11704 11816 11707
f 11818 11707 11816
f 11706 11705 11819
f 11706 11819 11817
f 11707 11820 11711
f 11818 11820 11707
f 11606 11707 11711
f 11705 11708 11821
f 11821 11819 11705
f 11817 11819 11822
f 11823 11711 11820
f 11606 11710 11607
f 11823 11710 11711
f 11708 11709 11821
f 11824 11819 11821
f 11824 11822 11819
f 11710 11712 11607
f 11825 11710 11823
f 11710 11825 11712
f 11714 11821 11709
f 11826 11821 11714
f 11714 11827 11826
f 11712 11715 11610
f 11825 11715 11712
f 11713 11612 11719
f 11714 11713 11719
f 11828 11714 11719
f 11714 11828 11827
f 11829 11715 11825
f 11715 11716 11613
f 11719 11718 11830
f 11719 11830 11831
f 11831 11828 11719
f 11829 11716 11715
f 11614 11718 11612
f 11830 11718 11722
f 11716 11832 11717
f 11833 11832 11716
f 11834 11833 11716
f 11717 11723 11618
f 11723 11717 11832
f 11722 11720 11835
f 11836 11722 11835
f 11837 11832 11833
f 11837 11723 11832
f 11838 11723 11837
f 11723 11838 11724
f 11720 11619 11839
f 11726 11839 11619
f 11839 11726 11840
f 11720 11839 11835
f 11835 11839 11841
f 11838 11842 11725
f 11838 11725 11724
f 11728 11725 11843
f 11844 11726 11729
f 11726 11844 11840
f 11844 11729 11734
f 11844 11845 11840
f 11840 11841 11839
f 11841 11840 11845
f 11727 11728 11843
f 11843 11846 11727
f 11621 11727 11626
f 11727 11846 11847
f 11848 11730 11727
f 11632 11733 11734
f 11849 11850 11734
f 11734 11850 11844
f 11727 11847 11848
f 11851 11848 11847
f 11735 11730 11848
f 11851 11735 11848
f 11735 11851 11852
f 11853 11735 11852
f 11735 11736 11731
f 11736 11735 11854
f 11635 11736 11854
f 11742 11741 11855
f 11855 11856 11742
f 11732 11630 11742
f 11742 11856 11732
f 11856 11733 11732
f 11733 11856 11857
f 11857 11849 11733
f 11857 11856 11858
f 11733 11849 11734
f 11853 11854 11735
f 11859 11854 11853
f 11860 11853 11861
f 11854 11859 11862
f 11635 11854 11862
f 11863 11862 11859
f 11862 11737 11635
f 11737 11862 11864
f 11865 11862 11863
f 11737 11864 11738
f 11864 11743 11738
f 11743 11864 11866
f 11867 11740 11743
f 11867 11743 11868
f 11741 11867 11869
f 11867 11741 11740
f 11741 11869 11855
f 11870 11867 11868
f 11858 11855 11869
f 11858 11856 11855
f 11871 11872 11873
f 11874 11872 11745
f 11872 11874 11875
f 11875 11746 11876
f 11746 11875 11874
f 11877 11876 11878
f 11879 11878 11880
f 11881 11755 11882
f 11882 11751 11883
f 11751 11882 11755
f 11882 11883 11884
f 11885 11882 11884
f 11871 11883 11756
f 11884 11883 11886
f 11871 11886 11883
f 11871 11756 11757
f 11745 11757 11641
f 11745 11871 11757
f 11871 11745 11872
f 11746 11744 11747
f 11874 11744 11746
f 11745 11744 11874
f 11749 11748 11645
f 11746 11645 11748
f 11876 11746 11748
f 11759 11878 11750
f 11748 11750 11878
f 11876 11748 11878
f 11887 11878 11759
f 11887 11880 11878
f 11887 11759 11760
f 11887 11760 11888
f 11880 11887 11888
f 11888 11760 11889
f 11890 11769 11891
f 11892 11891 11761
f 11752 11755 11761
f 11755 11892 11761
f 11756 11883 11751
f 11756 11751 11754
f 11650 11763 11760
f 11758 11760 11759
f 11764 11765 11763
f 11763 11765 11760
f 11889 11765 11893
f 11889 11760 11765
f 11893 11894 11895
f 11890 11896 11769
f 11890 11897 11896
f 11769 11762 11761
f 11761 11891 11769
f 11765 11766 11894
f 11894 11898 11895
f 11767 11896 11768
f 11896 11767 11769
f 11766 11770 11894
f 11899 11770 11772
f 11770 11898 11894
f 11898 11770 11899
f 11900 11899 11901
f 11902 11903 11904
f 11768 11903 11771
f 11903 11768 11896
f 11896 11904 11903
f 11899 11772 11905
f 11774 11905 11772
f 11905 11906 11901
f 11905 11901 11899
f 11905 11774 11907
f 11905 11907 11906
f 11902 11775 11903
f 11775 11902 11777
f 11775 11771 11903
f 11778 11907 11774
f 11908 11909 11910
f 11910 11776 11777
f 11777 11908 11910
f 11902 11908 11777
f 11908 11902 11911
f 11912 11907 11781
f 11907 11912 11913
f 11907 11778 11781
f 11912 11914 11913
f 11915 11913 11914
f 11776 11910 11779
f 11781 11782 11912
f 11912 11916 11917
f 11912 11782 11916
f 11914 11912 11917
f 11783 11918 11784
f 11910 11918 11783
f 11671 11779 11783
f 11779 11910 11783
f 11919 11673 11786
f 11916 11782 11673
f 11917 11916 11919
f 11920 11917 11921
f 11784 11922 11785
f 11923 11784 11918
f 11673 11919 11916
f 11919 11921 11917
f 11919 11924 11921
f 11789 11785 11925
f 11785 11922 11925
f 11922 11926 11925
f 11922 11927 11926
f 11791 11788 11787
f 11786 11788 11919
f 11924 11788 11792
f 11788 11924 11919
f 11789 11925 11790
f 11790 11925 11926
f 11792 11791 11928
f 11928 11929 11792
f 11929 11930 11792
f 11792 11930 11924
f 11924 11930 11931
f 11932 11926 11933
f 11790 11932 11794
f 11790 11926 11932
f 11678 11790 11794
f 11791 11793 11928
f 11934 11932 11933
f 11934 11794 11932
f 11795 11928 11793
f 11935 11928 11795
f 11928 11935 11929
f 11936 11797 11934
f 11794 11934 11797
f 11937 11795 11798
f 11935 11937 11938
f 11937 11935 11795
f 11939 11800 11797
f 11939 11797 11936
f 11801 11937 11798
f 11940 11937 11801
f 11937 11940 11938
f 11941 11939 11942
f 11800 11939 11941
f 11802 11800 11941
f 11801 11688 11803
f 11801 11803 11943
f 11940 11801 11943
f 11940 11943 11944
f 11942 11945 11941
f 11945 11942 11946
f 11802 11941 11945
f 11943 11803 11947
f 11802 11945 11806
f 11806 11945 11946
f 11803 11805 11947
f 11947 11805 11948
f 11948 11949 11947
f 11947 11949 11943
f 11943 11949 11944
f 11950 11806 11946
f 11805 11807 11948
f 11951 11949 11948
f 11951 11952 11949
f 11953 11806 11950
f 11806 11953 11954
f 11806 11954 11808
f 11809 11955 11807
f 11955 11948 11807
f 11951 11955 11956
f 11948 11955 11951
f 11957 11954 11953
f 11957 11813 11954
f 11808 11954 11811
f 11956 11955 11809
f 11811 11954 11813
f 11958 11956 11809
f 11958 11959 11956
f 11960 11961 11813
f 11960 11962 11961
f 11812 11961 11814
f 11961 11812 11813
f 11809 11815 11958
f 11958 11815 11963
f 11963 11959 11958
f 11962 11964 11961
f 11814 11961 11964
f 11964 11962 11965
f 11966 11964 11967
f 11967 11964 11965
f 11966 11814 11964
f 11814 11966 11816
f 11968 11815 11817
f 11968 11969 11815
f 11963 11815 11969
f 11970 11966 11971
f 11966 11967 11971
f 11965 11971 11967
f 11818 11966 11970
f 11822 11968 11817
f 11968 11822 11972
f 11972 11973 11968
f 11968 11973 11969
f 11972 11974 11973
f 11966 11818 11816
f 11970 11971 11975
f 11976 11972 11822
f 11970 11820 11818
f 11970 11977 11820
f 11975 11977 11970
f 11977 11975 11978
f 11820 11977 11823
f 11977 11979 11823
f 11824 11976 11822
f 11980 11972 11976
f 11981 11980 11976
f 11977 11978 11979
f 11825 11979 11982
f 11979 11825 11823
f 11821 11826 11824
f 11826 11976 11824
f 11983 11976 11826
f 11983 11981 11976
f 11984 11982 11979
f 11983 11826 11827
f 11828 11985 11827
f 11827 11985 11983
f 11986 11983 11985
f 11983 11986 11981
f 11829 11982 11987
f 11982 11829 11825
f 11828 11831 11988
f 11989 11988 11831
f 11990 11988 11989
f 11828 11988 11985
f 11985 11988 11991
f 11992 11987 11982
f 11829 11987 11834
f 11829 11834 11716
f 11993 11831 11830
f 11989 11831 11993
f 11994 11989 11993
f 11988 11990 11991
f 11987 11995 11834
f 11996 11997 11995
f 11834 11997 11833
f 11722 11836 11830
f 11835 11998 11836
f 11830 11836 11993
f 11993 11836 11999
f 11999 11994 11993
f 12000 11994 11999
f 11994 12001 11989
f 11995 11997 11834
f 11833 11997 11837
f 11835 11841 11998
f 11998 12000 11836
f 11836 12000 11999
f 12002 11997 12003
f 12004 11997 12002
f 11842 11838 11837
f 11997 12004 11837
f 11842 12004 12005
f 12004 11842 11837
f 11845 12006 11841
f 11998 11841 12006
f 12000 11998 12006
f 12007 12005 12004
f 12005 12007 12008
f 12004 12002 12007
f 12009 12005 12008
f 11842 11843 11725
f 11842 12005 12009
f 11843 12010 11846
f 12009 11843 11842
f 11843 12009 12010
f 11850 12011 11844
f 11845 11844 12011
f 11845 12011 12012
f 12013 12006 11845
f 12012 12013 11845
f 12013 12000 12006
f 12010 12009 12014
f 12014 12009 12015
f 12010 12016 11846
f 12010 12014 12016
f 11846 12016 11847
f 11851 11847 12016
f 11857 12017 11849
f 11849 12017 11850
f 12017 12018 11850
f 12011 11850 12018
f 12019 12011 12018
f 12019 12012 12011
f 12020 12016 12014
f 12016 12020 11851
f 12021 11851 12020
f 11852 11851 12022
f 11851 12021 12022
f 12022 12021 12023
f 12022 11853 11852
f 11853 12022 11861
f 12022 12024 11861
f 11853 11860 11859
f 12025 11859 11860
f 11867 11870 11869
f 11858 11869 12026
f 12027 11857 11858
f 12026 12027 11858
f 12027 12028 12029
f 12017 11857 12029
f 11857 12027 12029
f 12029 12019 12017
f 12030 12019 12029
f 12018 12017 12019
f 12023 12024 12022
f 11860 11861 12024
f 12025 11860 12024
f 12031 12025 12024
f 11863 12025 11865
f 11859 12025 11863
f 12032 11865 12025
f 11862 11865 11864
f 11865 12033 12034
f 11866 11864 12034
f 11864 11865 12034
f 12034 12035 11866
f 12035 12034 12033
f 12036 12035 12033
f 11868 11743 11866
f 11866 12035 11868
f 11868 12035 12037
f 11868 12037 11870
f 12038 11870 12037
f 12026 11869 11870
f 12039 12026 11870
f 12026 12039 12028
f 12026 12028 12027
f 12032 12025 12031
f 12037 12035 12040
f 12038 12037 12041
f 12042 12043 12044
f 12045 12044 12046
f 12046 12047 12045
f 12048 12046 12049
f 12048 12047 12046
f 12050 12051 12048
f 12052 12053 12054
f 11885 12055 12053
f 12055 12056 12053
f 12054 12053 12056
f 12056 12057 12043
f 12043 12058 12056
f 12057 11873 12043
f 11873 12059 12043
f 12059 12060 12044
f 12043 12059 12044
f 12060 12049 12061
f 12044 12060 12061
f 12044 12061 12046
f 12046 12061 12049
f 12048 12049 11877
f 12048 11877 12062
f 12062 11879 12050
f 12062 12050 12048
f 12050 11879 12063
f 12050 12063 12064
f 12050 12064 12065
f 12066 12067 12064
f 11885 12052 12068
f 12052 11885 12053
f 12055 11885 11884
f 12055 11884 11886
f 12055 11886 12057
f 12055 12057 12056
f 11873 11886 11871
f 12057 11886 11873
f 12059 11872 12060
f 11872 12059 11873
f 11875 12060 11872
f 12049 12060 11875
f 12049 11875 11876
f 11877 12049 11876
f 11879 12062 11878
f 11878 12062 11877
f 11879 11880 12063
f 11880 11888 12063
f 12063 11888 11889
f 11889 12069 12063
f 12064 12063 12069
f 12066 12069 12070
f 12066 12064 12069
f 11893 12070 12069
f 12066 12070 12071
f 12072 12073 12070
f 12074 12075 11891
f 12075 12074 12076
f 12077 12074 11891
f 12078 12074 12077
f 12074 12078 12076
f 11891 11892 12077
f 12078 12077 12068
f 11881 11892 11755
f 11892 11881 12077
f 12068 11881 11885
f 11881 12068 12077
f 11885 11881 11882
f 12069 11889 11893
f 11895 12072 11893
f 12070 11893 12072
f 11895 12079 12072
f 12072 12079 12073
f 11897 12080 12081
f 12080 12075 12076
f 11890 11891 12075
f 11894 11893 11765
f 11898 12082 11895
f 12082 12079 11895
f 12082 11900 12083
f 12082 12083 12079
f 12084 12085 12086
f 12087 12085 12088
f 12081 12085 12087
f 12087 12089 11897
f 11897 12081 12087
f 12080 11897 12075
f 11890 12075 11897
f 12082 11898 11900
f 12090 11900 11901
f 12083 11900 12090
f 12091 11901 11906
f 11901 12091 12090
f 12084 12088 12085
f 12088 12084 12092
f 12089 11904 11896
f 11897 12089 11896
f 12087 11904 12089
f 11904 12087 12088
f 11899 11900 11898
f 12091 11906 12093
f 12093 12094 12091
f 11911 12092 12095
f 12084 12095 12092
f 11904 12088 12092
f 11904 12092 11902
f 11906 11907 12096
f 12093 12096 11915
f 12096 12093 11906
f 12093 11915 12097
f 11909 11911 12098
f 12098 11911 12095
f 11909 11908 11911
f 11911 11902 12092
f 12096 11907 11913
f 12096 11913 11915
f 12099 12097 11915
f 12098 12100 11909
f 12100 12098 12101
f 12099 11915 11914
f 12099 11917 11920
f 11917 12099 11914
f 12102 12099 11920
f 12099 12102 12097
f 12097 12102 12103
f 12104 12105 12101
f 12100 12105 11918
f 12105 12100 12101
f 11910 11909 11918
f 11909 12100 11918
f 12106 12107 12108
f 12107 12102 12108
f 11918 12105 11923
f 11921 12109 11920
f 12110 12109 11921
f 12109 12110 12111
f 12109 12111 12108
f 12108 11920 12109
f 12108 12111 12106
f 12108 12102 11920
f 11923 11927 11922
f 12105 11927 11923
f 11927 12105 12112
f 12104 12112 12105
f 11784 11923 11922
f 12110 11921 11924
f 11931 12111 12110
f 11931 12113 12111
f 12106 12111 12113
f 12112 12114 11927
f 11931 12110 11924
f 11930 12115 11931
f 12115 11930 12116
f 12113 11931 12115
f 12117 12113 12115
f 11927 12114 11926
f 12116 11930 11929
f 12118 12116 12119
f 12116 12118 12115
f 12115 12118 12117
f 12118 12120 12117
f 11933 12121 12122
f 12121 11933 12114
f 12114 11933 11926
f 12119 12116 11929
f 12119 12123 12118
f 11933 12122 11934
f 12124 12122 12125
f 12121 12125 12122
f 12126 11935 11938
f 11935 12119 11929
f 12123 12119 12126
f 12123 12126 12127
f 12127 12128 12123
f 12122 12124 11936
f 11936 12129 11939
f 12122 11936 11934
f 12126 11938 11940
f 11935 12126 12119
f 12130 12127 12126
f 12127 12131 12128
f 11939 12129 11942
f 12129 11936 12124
f 12126 11940 12130
f 12127 12130 12132
f 12127 12132 12131
f 12129 12133 11942
f 12130 11940 11944
f 11944 12132 12130
f 12129 12134 12133
f 11942 12133 11946
f 12135 12132 11944
f 12136 11946 12133
f 11946 12136 11950
f 12137 11944 11949
f 11944 12137 12135
f 12135 12137 12138
f 12135 12138 12139
f 12136 12140 11950
f 12137 11949 11952
f 12141 12138 11952
f 12138 12137 11952
f 12139 12141 12142
f 12140 12136 12143
f 12140 11953 11950
f 12143 11953 12140
f 11952 11951 11956
f 12144 12145 12143
f 11953 12145 11957
f 11953 12143 12145
f 12141 11952 12146
f 12146 12147 12141
f 11952 11956 12146
f 12146 11956 12148
f 12147 12146 12148
f 12141 12147 12142
f 12142 12147 12149
f 12150 12145 12144
f 11957 11960 11813
f 11960 11957 12145
f 11959 12148 11956
f 12148 11959 12151
f 12147 12148 12152
f 12151 12152 12148
f 12149 12147 12152
f 12150 11960 12145
f 11960 12150 11962
f 12152 12151 12153
f 12154 12152 12153
f 12155 11962 12150
f 12151 11963 12156
f 11963 12151 11959
f 12151 12156 12157
f 12153 12151 12157
f 12158 12155 12159
f 12160 12159 12155
f 11965 11962 12155
f 11963 11969 12156
f 12156 11969 11973
f 12161 12156 11973
f 12161 11973 12162
f 12156 12161 12157
f 12161 12153 12157
f 12153 12161 12154
f 12158 11965 12155
f 11971 11965 12163
f 12163 11965 12158
f 11974 12162 11973
f 12161 12162 12164
f 12165 12158 12166
f 12158 12165 12163
f 12163 12165 12167
f 11974 11972 11980
f 11974 12168 12162
f 12164 12162 12168
f 12169 12164 12168
f 12167 12165 12170
f 12171 12170 12165
f 12165 12166 12171
f 12163 12167 11971
f 11975 11971 12167
f 12168 11974 11980
f 11980 12172 12168
f 12170 12171 12173
f 11975 12167 11978
f 11978 12167 12170
f 11981 12172 11980
f 12172 11981 12174
f 12168 12172 12169
f 12169 12172 12175
f 12170 12173 12176
f 12176 12177 12170
f 11979 11978 11984
f 12170 11984 11978
f 11984 12170 12177
f 11986 11985 11991
f 12174 11981 11986
f 12174 11986 12178
f 12172 12174 12175
f 12179 12175 12174
f 12174 12178 12179
f 12177 12180 11984
f 11984 12180 11982
f 11982 12180 11992
f 12178 11986 11991
f 12179 12178 12181
f 12182 12180 12177
f 12183 12182 12177
f 11990 11989 12001
f 11990 12184 11991
f 11991 12184 12178
f 12178 12184 12181
f 12181 12184 12188
f 12189 11992 12182
f 12182 11992 12180
f 11996 11992 12189
f 11995 11992 11996
f 11992 11995 11987
f 12190 11990 12001
f 11990 12190 12184
f 12188 12184 12190
f 12188 12190 12191
f 12192 11996 12189
f 12189 12193 12192
f 11997 11996 12003
f 12194 11994 12000
f 12195 11994 12194
f 11994 12195 12001
f 12190 12001 12195
f 12190 12195 12191
f 12195 12196 12191
f 12003 12192 12197
f 12192 12003 11996
f 12003 12197 12002
f 12000 12013 12198
f 12000 12198 12194
f 12199 12194 12198
f 12194 12199 12200
f 12195 12194 12200
f 12195 12200 12196
f 12200 12201 12196
f 12192 12202 12197
f 12203 12197 12202
f 12203 12007 12002
f 12197 12203 12002
f 12198 12013 12204
f 12198 12204 12199
f 12205 12203 12202
f 12206 12203 12205
f 12206 12007 12203
f 12007 12206 12008
f 12009 12008 12015
f 12207 12015 12008
f 12019 12208 12012
f 12012 12208 12209
f 12013 12012 12210
f 12210 12204 12013
f 12211 12210 12212
f 12204 12210 12211
f 12199 12204 12211
f 12213 12206 12205
f 12008 12206 12207
f 12206 12213 12207
f 12213 12214 12207
f 12215 12014 12015
f 12216 12015 12207
f 12015 12216 12215
f 12014 12217 12020
f 12217 12014 12215
f 12208 12019 12218
f 12210 12012 12209
f 12209 12208 12219
f 12219 12210 12209
f 12210 12219 12220
f 12212 12210 12220
f 12207 12214 12216
f 12221 12215 12216
f 12216 12214 12221
f 12221 12217 12215
f 12222 12217 12221
f 12222 12020 12217
f 12021 12222 12023
f 12020 12222 12021
f 12023 12223 12024
f 12038 12039 11870
f 12029 12028 12224
f 12224 12028 12225
f 12030 12224 12226
f 12019 12030 12218
f 12224 12030 12029
f 12030 12226 12227
f 12228 12030 12227
f 12030 12228 12218
f 12208 12218 12228
f 12219 12208 12228
f 12229 12219 12228
f 12219 12229 12230
f 12023 12222 12231
f 12231 12222 12221
f 12221 12232 12231
f 12231 12223 12023
f 12031 12024 12223
f 12233 12031 12234
f 12234 12031 12223
f 12233 12234 12235
f 12231 12234 12223
f 12233 12032 12031
f 11865 12032 12033
f 12036 12033 12032
f 12035 12036 12040
f 12040 12041 12037
f 12041 12040 12236
f 12038 12041 12237
f 12039 12038 12238
f 12239 12238 12038
f 12238 12028 12039
f 12225 12028 12238
f 12226 12225 12240
f 12226 12224 12225
f 12227 12226 12241
f 12241 12226 12240
f 12242 12241 12240
f 12227 12241 12243
f 12243 12241 12242
f 12227 12243 12228
f 12229 12228 12243
f 12235 12231 12244
f 12234 12231 12235
f 12245 12233 12235
f 12246 12245 12235
f 12246 12235 12244
f 12245 12032 12233
f 12247 12245 12246
f 12245 12036 12032
f 12036 12245 12248
f 12249 12245 12247
f 12040 12036 12248
f 12236 12040 12248
f 12237 12041 12236
f 12239 12038 12237
f 12239 12250 12251
f 12239 12237 12250
f 12225 12238 12240
f 12240 12238 12239
f 12239 12251 12240
f 12252 12242 12240
f 12236 12248 12249
f 12253 12254 12255
f 12058 12253 12056
f 12043 12042 12058
f 12058 12256 12253
f 12058 12042 12256
f 12257 12042 12258
f 12042 12257 12256
f 12044 12258 12042
f 12259 12257 12258
f 12258 12044 12045
f 12260 12045 12047
f 12047 12048 12051
f 12261 12047 12051
f 12262 12047 12261
f 12263 12261 12051
f 12262 12263 12264
f 12265 12051 12050
f 12263 12051 12265
f 12068 12266 12267
f 12068 12052 12266
f 12266 12268 12269
f 12052 12054 12266
f 12054 12255 12266
f 12270 12268 12266
f 12054 12056 12253
f 12054 12253 12255
f 12065 12265 12050
f 12271 12265 12065
f 12065 12064 12067
f 12067 12271 12065
f 12067 12066 12071
f 12071 12272 12067
f 12273 12274 12076
f 12273 12275 12274
f 12078 12273 12076
f 12078 12267 12273
f 12267 12078 12068
f 12273 12267 12269
f 12266 12269 12267
f 12276 12071 12070
f 12272 12071 12276
f 12276 12070 12073
f 12277 12080 12274
f 12080 12076 12274
f 12278 12277 12274
f 12073 12079 12083
f 12073 12083 12279
f 12279 12280 12073
f 12279 12281 12280
f 12085 12081 12086
f 12277 12081 12080
f 12086 12081 12277
f 12282 12086 12277
f 12283 12083 12090
f 12083 12283 12279
f 12284 12086 12285
f 12286 12090 12091
f 12283 12090 12286
f 12286 12091 12094
f 12287 12286 12094
f 12095 12084 12288
f 12084 12284 12288
f 12289 12288 12284
f 12086 12284 12084
f 12290 12094 12291
f 12290 12287 12094
f 12095 12288 12292
f 12291 12094 12093
f 12291 12093 12293
f 12097 12293 12093
f 12291 12293 12294
f 12295 12101 12098
f 12292 12295 12098
f 12292 12296 12295
f 12095 12292 12098
f 12293 12097 12103
f 12294 12293 12103
f 12101 12295 12297
f 12296 12297 12295
f 12103 12102 12298
f 12103 12298 12299
f 12107 12298 12102
f 12104 12101 12297
f 12104 12297 12300
f 12106 12298 12107
f 12301 12112 12104
f 12104 12300 12301
f 12302 12303 12106
f 12304 12301 12305
f 12301 12300 12305
f 12113 12302 12106
f 12306 12114 12112
f 12306 12112 12304
f 12304 12112 12301
f 12307 12113 12117
f 12121 12114 12306
f 12304 12121 12306
f 12121 12304 12308
f 12120 12309 12117
f 12125 12308 12310
f 12308 12311 12312
f 12120 12118 12123
f 12313 12120 12123
f 12124 12125 12310
f 12308 12125 12121
f 12312 12310 12308
f 12128 12313 12123
f 12310 12314 12124
f 12312 12314 12310
f 12315 12316 12317
f 12134 12129 12314
f 12134 12314 12318
f 12319 12134 12318
f 12129 12124 12314
f 12128 12131 12316
f 12316 12131 12320
f 12321 12322 12134
f 12131 12132 12323
f 12131 12323 12320
f 12322 12133 12134
f 12322 12324 12133
f 12132 12135 12323
f 12320 12323 12325
f 12325 12323 12326
f 12324 12136 12133
f 12327 12324 12321
f 12321 12324 12322
f 12135 12139 12323
f 12323 12139 12326
f 12328 12326 12139
f 12329 12136 12324
f 12327 12329 12324
f 12330 12329 12327
f 12141 12139 12138
f 12139 12142 12328
f 12326 12328 12331
f 12329 12143 12136
f 12330 12332 12143
f 12330 12143 12329
f 12328 12142 12333
f 12332 12144 12143
f 12334 12332 12330
f 12142 12149 12335
f 12142 12335 12333
f 12144 12332 12334
f 12335 12149 12336
f 12337 12150 12144
f 12338 12337 12144
f 12152 12154 12149
f 12149 12154 12336
f 12337 12155 12150
f 12160 12155 12337
f 12338 12160 12337
f 12154 12339 12340
f 12336 12154 12340
f 12161 12339 12154
f 12166 12158 12159
f 12341 12159 12160
f 12341 12166 12159
f 12161 12164 12339
f 12164 12342 12339
f 12343 12171 12166
f 12344 12343 12166
f 12343 12345 12171
f 12346 12164 12169
f 12345 12173 12171
f 12347 12175 12348
f 12347 12169 12175
f 12175 12179 12348
f 12349 12350 12176
f 12181 12351 12179
f 12176 12183 12177
f 12350 12183 12176
f 12181 12188 12351
f 12183 12353 12182
f 12353 12189 12182
f 12353 12193 12189
f 12193 12353 12354
f 12355 12191 12196
f 12191 12355 12356
f 12193 12357 12192
f 12358 12196 12201
f 12355 12196 12358
f 12357 12202 12192
f 12359 12202 12357
f 12202 12359 12360
f 12211 12361 12199
f 12199 12361 12201
f 12199 12201 12200
f 12205 12202 12360
f 12360 12362 12205
f 12362 12213 12205
f 12363 12212 12364
f 12361 12211 12363
f 12365 12366 12213
f 12220 12367 12212
f 12220 12230 12367
f 12213 12366 12214
f 12366 12368 12214
f 12368 12369 12214
f 12230 12229 12370
f 12370 12371 12230
f 12220 12219 12230
f 12232 12221 12214
f 12369 12232 12214
f 12369 12372 12232
f 12231 12232 12373
f 12373 12372 12374
f 12231 12373 12244
f 12244 12373 12375
f 12376 12244 12375
f 12246 12377 12247
f 12377 12378 12247
f 12237 12236 12379
f 12237 12379 12250
f 12250 12379 12380
f 12240 12251 12252
f 12381 12250 12380
f 12250 12381 12251
f 12382 12252 12383
f 12251 12383 12252
f 12242 12382 12243
f 12378 12249 12247
f 12245 12249 12248
f 12378 12384 12249
f 12249 12384 12385
f 12236 12249 12385
f 12236 12385 12379
f 12270 12254 12386
f 12256 12254 12253
f 12254 12387 12386
f 12254 12256 12387
f 12256 12257 12387
f 12260 12259 12258
f 12260 12258 12045
f 12388 12259 12260
f 12388 12260 12389
f 12262 12260 12047
f 12260 12262 12389
f 12263 12262 12261
f 12390 12264 12263
f 12269 12268 12391
f 12266 12255 12270
f 12270 12392 12268
f 12254 12270 12255
f 12263 12265 12271
f 12271 12390 12263
f 12067 12393 12271
f 12394 12067 12272
f 12394 12393 12067
f 12269 12275 12273
f 12275 12269 12395
f 12269 12391 12395
f 12396 12272 12276
f 12278 12274 12275
f 12275 12397 12278
f 12280 12276 12073
f 12398 12276 12280
f 12398 12396 12276
f 12281 12398 12280
f 12277 12278 12282
f 12278 12399 12282
f 12283 12281 12279
f 12400 12281 12283
f 12400 12401 12281
f 12086 12282 12285
f 12400 12283 12286
f 12286 12287 12400
f 12402 12289 12284
f 12288 12289 12292
f 12296 12292 12403
f 12292 12289 12403
f 12289 12402 12403
f 12291 12294 12290
f 12290 12294 12404
f 12403 12405 12296
f 12405 12403 12406
f 12103 12299 12294
f 12407 12296 12405
f 12296 12407 12297
f 12300 12297 12407
f 12303 12298 12106
f 12299 12303 12408
f 12303 12299 12298
f 12409 12408 12303
f 12305 12410 12411
f 12410 12305 12300
f 12412 12305 12411
f 12305 12412 12304
f 12113 12307 12302
f 12307 12413 12302
f 12307 12117 12309
f 12308 12304 12311
f 12311 12304 12412
f 12311 12412 12414
f 12309 12120 12313
f 12309 12313 12315
f 12415 12312 12311
f 12313 12128 12315
f 12318 12314 12312
f 12318 12312 12416
f 12416 12312 12415
f 12316 12315 12128
f 12417 12319 12318
f 12418 12317 12316
f 12418 12316 12320
f 12319 12321 12134
f 12320 12325 12418
f 12325 12326 12419
f 12420 12327 12321
f 12326 12331 12419
f 12420 12421 12327
f 12331 12328 12422
f 12421 12330 12327
f 12423 12330 12421
f 12328 12333 12422
f 12423 12334 12330
f 12333 12335 12422
f 12422 12335 12424
f 12334 12338 12144
f 12335 12336 12424
f 12160 12338 12425
f 12426 12336 12340
f 12336 12426 12427
f 12425 12341 12160
f 12342 12340 12339
f 12166 12341 12344
f 12428 12344 12341
f 12340 12342 12426
f 12346 12342 12164
f 12426 12342 12429
f 12342 12346 12430
f 12431 12343 12344
f 12432 12343 12431
f 12432 12173 12345
f 12343 12432 12345
f 12432 12431 12433
f 12169 12347 12346
f 12349 12432 12433
f 12349 12176 12173
f 12432 12349 12173
f 12349 12434 12350
f 12179 12435 12348
f 12435 12179 12351
f 12436 12350 12434
f 12356 12351 12188
f 12350 12354 12183
f 12353 12183 12354
f 12191 12356 12188
f 12351 12437 12438
f 12351 12356 12437
f 12439 12354 12440
f 12354 12441 12193
f 12355 12442 12356
f 12441 12357 12193
f 12441 12359 12357
f 12443 12441 12444
f 12445 12358 12446
f 12445 12355 12358
f 12443 12360 12359
f 12446 12361 12447
f 12361 12446 12201
f 12446 12358 12201
f 12360 12448 12362
f 12212 12363 12211
f 12363 12447 12361
f 12362 12365 12213
f 12366 12449 12368
f 12230 12371 12367
f 12364 12367 12450
f 12367 12371 12450
f 12367 12364 12212
f 12449 12366 12365
f 12229 12451 12370
f 12368 12452 12369
f 12369 12452 12372
f 12243 12382 12453
f 12454 12453 12382
f 12229 12453 12451
f 12451 12453 12455
f 12453 12229 12243
f 12374 12375 12373
f 12372 12373 12232
f 12374 12456 12375
f 12376 12457 12246
f 12244 12376 12246
f 12457 12377 12246
f 12377 12458 12378
f 12379 12459 12380
f 12380 12459 12460
f 12381 12380 12461
f 12383 12251 12381
f 12381 12461 12462
f 12383 12381 12462
f 12252 12382 12242
f 12383 12462 12382
f 12458 12384 12378
f 12384 12463 12464
f 12385 12384 12464
f 12385 12459 12379
f 12465 12387 12257
f 12387 12465 12466
f 12259 12465 12257
f 12388 12465 12259
f 12465 12388 12467
f 12468 12388 12389
f 12469 12389 12262
f 12268 12392 12391
f 12392 12470 12391
f 12392 12386 12471
f 12386 12392 12270
f 12393 12390 12271
f 12472 12473 12393
f 12472 12393 12394
f 12474 12472 12394
f 12275 12475 12397
f 12275 12395 12475
f 12476 12395 12391
f 12395 12476 12475
f 12476 12477 12475
f 12396 12394 12272
f 12394 12396 12474
f 12278 12397 12399
f 12397 12478 12399
f 12478 12397 12479
f 12397 12480 12479
f 12398 12481 12396
f 12401 12398 12281
f 12482 12483 12282
f 12482 12282 12399
f 12482 12399 12478
f 12400 12484 12401
f 12285 12402 12284
f 12402 12285 12483
f 12402 12483 12485
f 12282 12483 12285
f 12400 12486 12484
f 12400 12287 12486
f 12487 12486 12287
f 12485 12488 12402
f 12487 12287 12290
f 12403 12489 12406
f 12488 12403 12402
f 12487 12404 12490
f 12490 12404 12491
f 12294 12299 12492
f 12294 12492 12404
f 12408 12492 12299
f 12300 12407 12410
f 12411 12410 12493
f 12411 12493 12494
f 12413 12303 12302
f 12303 12413 12495
f 12409 12303 12495
f 12494 12412 12411
f 12496 12307 12309
f 12311 12414 12415
f 12496 12309 12497
f 12497 12309 12315
f 12417 12416 12498
f 12499 12416 12415
f 12499 12498 12416
f 12497 12315 12317
f 12500 12497 12317
f 12416 12417 12318
f 12501 12502 12319
f 12502 12321 12319
f 12321 12502 12420
f 12419 12331 12503
f 12504 12421 12420
f 12331 12422 12505
f 12331 12505 12503
f 12423 12421 12504
f 12422 12424 12505
f 12506 12423 12507
f 12423 12506 12334
f 12506 12338 12334
f 12424 12336 12508
f 12508 12336 12427
f 12509 12425 12338
f 12506 12509 12338
f 12427 12426 12510
f 12428 12341 12425
f 12425 12511 12428
f 12430 12429 12342
f 12512 12344 12428
f 12428 12511 12512
f 12512 12431 12344
f 12513 12431 12512
f 12346 12347 12514
f 12346 12514 12430
f 12515 12433 12431
f 12513 12515 12431
f 12516 12347 12348
f 12347 12516 12514
f 12435 12516 12348
f 12434 12433 12517
f 12433 12434 12349
f 12516 12435 12518
f 12435 12351 12438
f 12435 12438 12518
f 12350 12436 12354
f 12440 12354 12436
f 12519 12436 12520
f 12437 12356 12442
f 12354 12439 12441
f 12439 12440 12519
f 12442 12355 12521
f 12439 12444 12441
f 12355 12445 12521
f 12441 12443 12359
f 12522 12446 12447
f 12446 12522 12445
f 12523 12448 12524
f 12525 12447 12363
f 12362 12523 12365
f 12523 12449 12365
f 12523 12526 12449
f 12449 12527 12368
f 12527 12452 12368
f 12449 12528 12527
f 12370 12529 12371
f 12530 12371 12529
f 12531 12372 12452
f 12531 12374 12372
f 12453 12454 12532
f 12453 12532 12455
f 12451 12455 12370
f 12529 12455 12533
f 12455 12532 12533
f 12455 12529 12370
f 12534 12456 12374
f 12534 12535 12456
f 12456 12376 12375
f 12536 12457 12376
f 12456 12536 12376
f 12457 12537 12377
f 12377 12537 12458
f 12380 12460 12461
f 12382 12462 12454
f 12458 12463 12384
f 12538 12463 12458
f 12538 12458 12537
f 12385 12464 12459
f 12459 12464 12539
f 12459 12539 12540
f 12387 12541 12386
f 12386 12541 12471
f 12466 12541 12387
f 12541 12466 12542
f 12465 12467 12466
f 12468 12467 12388
f 12543 12468 12544
f 12469 12468 12389
f 12545 12469 12262
f 12545 12262 12264
f 12264 12546 12545
f 12547 12546 12264
f 12392 12548 12470
f 12392 12471 12548
f 12548 12471 12549
f 12471 12541 12542
f 12390 12547 12264
f 12393 12473 12390
f 12550 12472 12474
f 12551 12550 12474
f 12397 12475 12480
f 12476 12552 12477
f 12553 12476 12391
f 12476 12553 12552
f 12391 12470 12553
f 12554 12551 12474
f 12396 12554 12474
f 12481 12554 12396
f 12554 12481 12555
f 12478 12479 12556
f 12557 12479 12480
f 12475 12477 12480
f 12398 12401 12481
f 12558 12481 12401
f 12478 12559 12482
f 12478 12556 12559
f 12401 12484 12560
f 12561 12560 12484
f 12482 12485 12483
f 12485 12482 12562
f 12482 12559 12562
f 12561 12484 12486
f 12561 12487 12563
f 12487 12561 12486
f 12403 12488 12489
f 12489 12488 12564
f 12404 12487 12290
f 12487 12490 12563
f 12565 12406 12489
f 12489 12564 12565
f 12404 12492 12491
f 12566 12491 12492
f 12407 12405 12567
f 12405 12406 12567
f 12567 12406 12568
f 12492 12408 12566
f 12410 12407 12567
f 12410 12567 12569
f 12408 12409 12566
f 12566 12409 12570
f 12493 12410 12569
f 12569 12571 12493
f 12570 12409 12572
f 12573 12493 12574
f 12572 12409 12495
f 12495 12575 12572
f 12496 12413 12307
f 12576 12495 12413
f 12413 12496 12576
f 12575 12495 12576
f 12494 12414 12412
f 12414 12494 12577
f 12414 12577 12578
f 12576 12496 12579
f 12580 12576 12579
f 12499 12414 12578
f 12581 12496 12497
f 12581 12582 12496
f 12582 12579 12496
f 12415 12414 12499
f 12499 12583 12498
f 12500 12581 12497
f 12581 12500 12584
f 12584 12500 12585
f 12501 12417 12498
f 12317 12418 12500
f 12586 12418 12325
f 12586 12500 12418
f 12501 12319 12417
f 12500 12586 12587
f 12588 12586 12325
f 12589 12502 12501
f 12502 12589 12420
f 12325 12419 12588
f 12586 12588 12590
f 12591 12504 12420
f 12419 12503 12588
f 12588 12503 12592
f 12503 12505 12593
f 12503 12593 12592
f 12594 12504 12595
f 12596 12505 12597
f 12505 12596 12593
f 12504 12507 12423
f 12504 12594 12507
f 12597 12505 12424
f 12597 12424 12508
f 12597 12508 12598
f 12599 12506 12507
f 12427 12600 12508
f 12599 12601 12509
f 12599 12509 12506
f 12427 12510 12600
f 12425 12509 12601
f 12601 12511 12425
f 12426 12429 12510
f 12510 12429 12602
f 12603 12511 12601
f 12604 12511 12603
f 12605 12429 12606
f 12605 12602 12429
f 12512 12511 12604
f 12607 12512 12604
f 12429 12430 12606
f 12606 12608 12605
f 12609 12512 12607
f 12609 12513 12512
f 12430 12514 12606
f 12610 12606 12514
f 12606 12610 12608
f 12515 12513 12609
f 12611 12612 12613
f 12614 12612 12611
f 12615 12613 12612
f 12616 12617 12618
f 12619 12620 12621
f 12622 12623 12624
f 12624 12625 12626
f 12627 12628 12629
f 12630 12628 12627
f 12628 12631 12629
f 12632 12631 12633
f 12631 12634 12629
f 12631 12632 12634
f 12516 12610 12514
f 12632 12635 12634
f 12636 12637 12638
f 12635 12637 12636
f 12638 12637 12614
f 12638 12614 12611
f 12639 12613 12640
f 12611 12613 12639
f 12613 12617 12640
f 12641 12618 12642
f 12618 12643 12644
f 12517 12433 12515
f 12645 12646 12647
f 12646 12645 12648
f 12649 12619 12650
f 12619 12621 12650
f 12651 12621 12652
f 12621 12653 12652
f 12654 12652 12653
f 12652 12654 12622
f 12622 12654 12623
f 12655 12624 12626
f 12625 12624 12656
f 12626 12625 12657
f 12657 12625 12658
f 12625 12659 12658
f 12658 12660 12661
f 12658 12659 12660
f 12661 12660 12662
f 12663 12660 12664
f 12660 12663 12662
f 12665 12663 12666
f 12667 12666 12668
f 12666 12667 12665
f 12669 12670 12671
f 12667 12668 12669
f 12669 12668 12670
f 12629 12672 12673
f 12672 12629 12634
f 12635 12672 12634
f 12672 12636 12674
f 12636 12672 12635
f 12638 12675 12676
f 12638 12611 12675
f 12611 12639 12675
f 12677 12516 12518
f 12639 12678 12675
f 12678 12639 12640
f 12640 12679 12680
f 12679 12640 12616
f 12616 12618 12679
f 12679 12618 12644
f 12644 12643 12681
f 12643 12646 12648
f 12619 12649 12645
f 12650 12621 12651
f 12520 12517 12682
f 12652 12622 12683
f 12683 12622 12684
f 12622 12655 12684
f 12655 12622 12624
f 12685 12655 12686
f 12686 12655 12626
f 12626 12657 12687
f 12661 12657 12658
f 12688 12662 12689
f 12662 12663 12689
f 12663 12665 12689
f 12667 12669 12690
f 12669 12671 12690
f 12691 12627 12692
f 12692 12629 12673
f 12673 12672 12674
f 12674 12636 12693
f 12676 12636 12638
f 12636 12694 12693
f 12636 12676 12694
f 12676 12675 12678
f 12680 12678 12640
f 12678 12680 12695
f 12680 12679 12696
f 12679 12644 12681
f 12681 12643 12697
f 12697 12643 12648
f 12649 12648 12645
f 12698 12649 12699
f 12648 12649 12698
f 12649 12700 12699
f 12700 12649 12650
f 12701 12651 12702
f 12683 12651 12652
f 12651 12683 12702
f 12702 12683 12703
f 12703 12683 12684
f 12520 12436 12434
f 12517 12520 12434
f 12704 12520 12682
f 12655 12685 12684
f 12686 12626 12687
f 12705 12687 12706
f 12706 12687 12657
f 12657 12661 12706
f 12706 12661 12707
f 12661 12662 12707
f 12688 12707 12662
f 12707 12688 12708
f 12688 12665 12709
f 12688 12689 12665
f 12709 12665 12667
f 12667 12690 12710
f 12711 12712 12692
f 12629 12692 12627
f 12692 12673 12711
f 12673 12713 12714
f 12711 12673 12714
f 12713 12673 12674
f 12674 12693 12715
f 12715 12693 12694
f 12678 12716 12676
f 12717 12678 12695
f 12680 12696 12695
f 12718 12681 12719
f 12718 12679 12681
f 12719 12681 12697
f 12697 12648 12698
f 12438 12437 12720
f 12518 12438 12720
f 12721 12518 12720
f 12699 12700 12722
f 12700 12701 12722
f 12700 12650 12701
f 12701 12702 12723
f 12651 12701 12650
f 12724 12703 12725
f 12725 12703 12685
f 12685 12703 12684
f 12726 12686 12727
f 12705 12686 12687
f 12686 12705 12727
f 12436 12519 12440
f 12728 12706 12729
f 12705 12706 12728
f 12729 12706 12707
f 12729 12707 12708
f 12730 12688 12709
f 12709 12667 12710
f 12710 12690 12731
f 12712 12711 12732
f 12711 12714 12732
f 12733 12714 12713
f 12733 12715 12734
f 12713 12674 12715
f 12715 12735 12734
f 12735 12715 12694
f 12735 12694 12716
f 12694 12676 12716
f 12678 12717 12716
f 12717 12695 12736
f 12736 12696 12737
f 12695 12696 12736
f 12737 12718 12738
f 12737 12696 12718
f 12696 12679 12718
f 12739 12697 12698
f 12719 12739 12740
f 12697 12739 12719
f 12739 12698 12699
f 12437 12442 12720
f 12442 12741 12720
f 12722 12701 12742
f 12742 12701 12723
f 12723 12702 12724
f 12703 12724 12702
f 12725 12726 12743
f 12725 12685 12726
f 12686 12726 12685
f 12727 12705 12728
f 12439 12519 12444
f 12444 12519 12744
f 12745 12729 12708
f 12729 12745 12746
f 12688 12745 12708
f 12745 12688 12730
f 12747 12709 12748
f 12709 12749 12748
f 12709 12710 12749
f 12749 12710 12750
f 12750 12710 12731
f 12732 12714 12751
f 12752 12714 12733
f 12715 12733 12713
f 12753 12735 12716
f 12753 12716 12717
f 12717 12736 12754
f 12755 12736 12737
f 12718 12756 12738
f 12719 12756 12718
f 12756 12719 12740
f 12757 12739 12758
f 12739 12699 12758
f 12722 12758 12699
f 12758 12722 12759
f 12760 12442 12521
f 12722 12742 12759
f 12761 12724 12762
f 12742 12723 12724
f 12762 12724 12725
f 12762 12725 12743
f 12743 12763 12764
f 12763 12743 12726
f 12763 12726 12727
f 12727 12765 12763
f 12765 12727 12728
f 12746 12728 12729
f 12766 12745 12730
f 12709 12747 12730
f 12767 12749 12750
f 12768 12732 12769
f 12751 12769 12732
f 12751 12770 12769
f 12714 12752 12751
f 12752 12770 12751
f 12734 12752 12733
f 12753 12734 12735
f 12734 12753 12771
f 12772 12717 12773
f 12754 12773 12717
f 12736 12755 12754
f 12774 12754 12755
f 12738 12755 12737
f 12738 12775 12755
f 12755 12775 12774
f 12740 12776 12756
f 12756 12777 12738
f 12756 12776 12777
f 12778 12776 12740
f 12757 12740 12739
f 12740 12757 12778
f 12758 12779 12757
f 12780 12521 12445
f 12780 12445 12522
f 12521 12780 12781
f 12781 12760 12521
f 12759 12779 12758
f 12742 12782 12759
f 12782 12724 12761
f 12724 12782 12742
f 12764 12762 12743
f 12783 12764 12763
f 12763 12784 12783
f 12765 12784 12763
f 12728 12785 12765
f 12448 12443 12786
f 12443 12444 12787
f 12788 12443 12787
f 12443 12788 12786
f 12728 12746 12785
f 12746 12789 12785
f 12745 12766 12746
f 12747 12766 12730
f 12766 12747 12790
f 12748 12791 12747
f 12749 12791 12748
f 12792 12734 12793
f 12771 12793 12734
f 12717 12772 12753
f 12772 12771 12753
f 12772 12794 12795
f 12794 12772 12773
f 12754 12774 12773
f 12773 12774 12794
f 12738 12777 12775
f 12777 12796 12775
f 12797 12775 12796
f 12776 12798 12777
f 12778 12798 12776
f 12525 12780 12522
f 12799 12525 12800
f 12778 12801 12798
f 12757 12801 12778
f 12801 12779 12802
f 12779 12801 12757
f 12759 12802 12779
f 12759 12803 12802
f 12782 12803 12759
f 12761 12804 12782
f 12762 12805 12761
f 12762 12764 12805
f 12806 12805 12764
f 12783 12806 12764
f 12360 12443 12448
f 12786 12524 12448
f 12524 12786 12807
f 12784 12785 12808
f 12785 12784 12765
f 12766 12789 12746
f 12789 12766 12809
f 12790 12809 12766
f 12791 12810 12747
f 12811 12769 12770
f 12792 12811 12770
f 12752 12792 12770
f 12792 12812 12813
f 12734 12792 12752
f 12771 12812 12793
f 12772 12795 12771
f 12795 12814 12771
f 12794 12815 12795
f 12774 12815 12794
f 12774 12816 12815
f 12797 12816 12774
f 12364 12525 12363
f 12447 12525 12522
f 12775 12797 12774
f 12817 12797 12818
f 12797 12796 12818
f 12818 12798 12819
f 12798 12796 12777
f 12820 12798 12801
f 12802 12821 12801
f 12821 12822 12801
f 12823 12803 12782
f 12804 12823 12782
f 12823 12804 12824
f 12805 12804 12761
f 12825 12805 12806
f 12826 12805 12825
f 12448 12523 12362
f 12526 12524 12827
f 12524 12526 12523
f 12828 12825 12806
f 12783 12828 12806
f 12808 12783 12784
f 12808 12828 12783
f 12785 12829 12808
f 12830 12789 12809
f 12831 12832 12809
f 12831 12833 12832
f 12810 12831 12790
f 12790 12831 12809
f 12747 12810 12790
f 12834 12810 12791
f 12769 12811 12835
f 12811 12836 12835
f 12792 12813 12811
f 12793 12812 12792
f 12371 12530 12450
f 12837 12450 12530
f 12525 12364 12800
f 12364 12837 12800
f 12450 12837 12364
f 12814 12812 12771
f 12838 12814 12795
f 12815 12838 12795
f 12814 12838 12839
f 12816 12840 12815
f 12841 12816 12817
f 12797 12817 12816
f 12798 12818 12796
f 12819 12842 12818
f 12822 12820 12801
f 12821 12843 12822
f 12803 12821 12802
f 12821 12844 12843
f 12526 12528 12449
f 12528 12845 12527
f 12845 12452 12527
f 12845 12528 12846
f 12821 12803 12847
f 12847 12844 12821
f 12823 12847 12803
f 12826 12824 12804
f 12805 12826 12804
f 12808 12829 12828
f 12785 12830 12829
f 12529 12533 12848
f 12529 12848 12530
f 12789 12830 12785
f 12832 12830 12809
f 12831 12849 12833
f 12810 12849 12831
f 12834 12850 12810
f 12850 12849 12810
f 12813 12851 12811
f 12852 12813 12812
f 12813 12852 12853
f 12812 12814 12852
f 12839 12852 12814
f 12840 12854 12815
f 12815 12854 12838
f 12374 12531 12534
f 12855 12531 12452
f 12856 12535 12534
f 12531 12856 12534
f 12840 12841 12857
f 12840 12857 12854
f 12816 12841 12840
f 12818 12842 12817
f 12819 12858 12842
f 12848 12533 12859
f 12532 12860 12533
f 12820 12858 12819
f 12798 12820 12819
f 12822 12861 12820
f 12844 12862 12843
f 12861 12843 12862
f 12847 12863 12844
f 12823 12863 12847
f 12824 12864 12823
f 12826 12865 12824
f 12866 12826 12825
f 12826 12866 12865
f 12828 12866 12825
f 12867 12828 12829
f 12536 12535 12868
f 12535 12536 12456
f 12536 12537 12457
f 12536 12868 12537
f 12868 12869 12537
f 12869 12538 12537
f 12538 12870 12871
f 12869 12870 12538
f 12539 12872 12540
f 12460 12459 12540
f 12873 12540 12874
f 12540 12872 12874
f 12461 12460 12873
f 12540 12873 12460
f 12461 12873 12462
f 12873 12875 12462
f 12875 12454 12462
f 12454 12875 12876
f 12830 12877 12829
f 12830 12878 12877
f 12832 12878 12830
f 12833 12879 12832
f 12879 12878 12832
f 12880 12881 12833
f 12849 12880 12833
f 12882 12880 12849
f 12853 12851 12813
f 12852 12883 12853
f 12884 12839 12885
f 12839 12886 12852
f 12838 12885 12839
f 12854 12885 12838
f 12857 12885 12854
f 12842 12841 12817
f 12887 12841 12888
f 12841 12842 12888
f 12858 12888 12842
f 12538 12871 12463
f 12463 12871 12464
f 12464 12871 12539
f 12820 12889 12858
f 12889 12890 12858
f 12820 12861 12889
f 12843 12861 12822
f 12891 12863 12864
f 12892 12865 12893
f 12866 12894 12865
f 12895 12894 12866
f 12896 12895 12866
f 12828 12896 12866
f 12828 12867 12896
f 12897 12896 12867
f 12877 12867 12829
f 12878 12898 12877
f 12898 12867 12877
f 12878 12899 12898
f 12879 12899 12878
f 12881 12879 12833
f 12900 12879 12881
f 12883 12901 12853
f 12902 12901 12903
f 12883 12886 12904
f 12886 12883 12852
f 12886 12884 12904
f 12839 12884 12886
f 12885 12905 12884
f 12857 12905 12885
f 12857 12906 12905
f 12841 12906 12857
f 12906 12841 12887
f 12888 12907 12887
f 12858 12907 12888
f 12890 12907 12858
f 12889 12908 12890
f 12861 12909 12889
f 12862 12909 12861
f 12862 12891 12909
f 12863 12891 12844
f 12823 12864 12863
f 12865 12892 12824
f 12824 12892 12864
f 12893 12910 12892
f 12893 12865 12894
f 12911 12895 12896
f 12897 12911 12896
f 12898 12897 12867
f 12897 12898 12912
f 12899 12913 12898
f 12879 12900 12899
f 12914 12900 12881
f 12915 12914 12880
f 12914 12881 12880
f 12916 12883 12904
f 12883 12916 12901
f 12884 12917 12904
f 12905 12918 12884
f 12918 12917 12884
f 12919 12905 12906
f 12887 12919 12906
f 12907 12920 12887
f 12921 12890 12908
f 12890 12920 12907
f 12909 12908 12889
f 12908 12922 12923
f 12922 12908 12909
f 12864 12892 12891
f 12844 12891 12862
f 12891 12892 12924
f 12925 12893 12894
f 12925 12926 12893
f 12895 12925 12894
f 12925 12895 12927
f 12911 12927 12895
f 12928 12927 12911
f 12897 12928 12911
f 12928 12897 12912
f 12898 12913 12912
f 12929 12913 12899
f 12900 12929 12899
f 12914 12930 12900
f 12904 12917 12916
f 12917 12931 12916
f 12918 12932 12917
f 12905 12919 12918
f 12918 12919 12933
f 12920 12919 12887
f 12934 12919 12920
f 12920 12921 12934
f 12890 12921 12920
f 12908 12923 12921
f 12935 12909 12891
f 12892 12910 12924
f 12910 12936 12924
f 12893 12926 12910
f 12925 12937 12926
f 12937 12927 12938
f 12927 12939 12938
f 12940 12928 12912
f 12939 12940 12941
f 12942 12912 12913
f 12942 12929 12943
f 12929 12942 12913
f 12900 12943 12929
f 12917 12944 12931
f 12932 12944 12917
f 12933 12945 12918
f 12945 12933 12946
f 12933 12947 12946
f 12947 12919 12934
f 12919 12947 12933
f 12934 12948 12947
f 12921 12949 12934
f 12921 12923 12949
f 12922 12950 12923
f 12935 12951 12922
f 12909 12935 12922
f 12891 12924 12935
f 12952 12953 12954
f 12936 12953 12924
f 12936 12937 12955
f 12937 12936 12926
f 12937 12938 12955
f 12927 12937 12925
f 12928 12939 12927
f 12940 12939 12928
f 12956 12940 12912
f 12942 12956 12912
f 12942 12957 12956
f 12943 12957 12942
f 12918 12945 12932
f 12945 12944 12932
f 12948 12958 12947
f 12949 12948 12934
f 12923 12950 12949
f 12959 12949 12950
f 12951 12950 12922
f 12951 12960 12950
f 12951 12952 12960
f 12935 12952 12951
f 12953 12952 12924
f 12924 12952 12935
f 12926 12936 12910
f 12955 12961 12936
f 12939 12962 12938
f 12963 12941 12940
f 12963 12964 12941
f 12956 12963 12940
f 12957 12965 12956
f 12966 12965 12957
f 12967 12966 12957
f 12946 12968 12945
f 12947 12969 12946
f 12958 12969 12947
f 12948 12970 12958
f 12949 12959 12948
f 12948 12959 12970
f 12950 12960 12959
f 12971 12960 12952
f 12960 12971 12972
f 12954 12971 12952
f 12954 12973 12971
f 12954 12974 12973
f 12974 12954 12953
f 12936 12974 12953
f 12936 12961 12974
f 12975 12961 12976
f 12977 12961 12955
f 12961 12977 12976
f 12938 12977 12955
f 12962 12977 12938
f 12964 12978 12962
f 12941 12962 12939
f 12941 12964 12962
f 12979 12964 12963
f 12965 12963 12956
f 12965 12979 12963
f 12965 12980 12979
f 12981 12968 12969
f 12969 12968 12946
f 12982 12969 12958
f 12970 12982 12958
f 12983 12959 12984
f 12960 12984 12959
f 12960 12972 12984
f 12973 12972 12971
f 12973 12985 12972
f 12961 12975 12974
f 12976 12986 12975
f 12987 12977 12962
f 12969 12982 12981
f 12982 12988 12981
f 12959 12983 12970
f 12984 12989 12983
f 12990 12972 12991
f 12972 12990 12984
f 12985 12991 12972
f 12975 12973 12974
f 12973 12975 12985
f 12985 12975 12986
f 12992 12976 12993
f 12976 12992 12986
f 12977 12993 12976
f 12977 12987 12993
f 12978 12987 12962
f 12989 12994 12983
f 12990 12989 12984
f 12989 12995 12994
f 12989 12990 12995
f 12991 12996 12990
f 12997 12996 12991
f 12991 12985 12997
f 12986 12997 12985
f 12986 12998 12997
f 12998 12986 12992
f 12999 12466 13000
f 12466 12999 12542
f 13001 12999 13000
f 12466 12467 13000
f 13000 12543 12998
f 12543 13000 12467
f 12468 12543 12467
f 12996 12543 12544
f 12469 12544 12468
f 13002 12469 12545
f 12547 12545 12546
f 13003 13004 13005
f 13006 13007 13005
f 13005 13007 13008
f 13009 13010 13011
f 13007 13009 13011
f 13012 13011 13010
f 13013 13014 13015
f 13016 13014 13017
f 13018 13014 13019
f 13017 13020 13016
f 13008 13021 13022
f 13003 13005 13008
f 13021 13011 13023
f 13007 13021 13008
f 13021 13007 13011
f 13023 13011 13024
f 13024 13025 13026
f 13026 13025 13027
f 13028 13029 13030
f 13030 13013 13015
f 13014 13031 13015
f 13031 13014 13016
f 12548 12549 12470
f 12471 12542 12549
f 12549 12542 13032
f 12542 13001 13032
f 12547 12390 12473
f 13033 12547 12473
f 12547 13033 12994
f 12472 12550 12473
f 12550 13033 12473
f 12550 13034 13033
f 12550 12551 13035
f 13036 13020 13022
f 13008 13020 13003
f 13020 13008 13022
f 13023 13024 13037
f 13037 13026 13038
f 13024 13026 13037
f 13039 13027 13040
f 13027 13039 13026
f 13039 13040 13041
f 13042 13043 13040
f 13044 13045 13046
f 13045 13044 13047
f 13048 13044 13046
f 13044 13028 13047
f 13013 13030 13049
f 13031 13016 13050
f 13036 13022 13051
f 12553 13052 12552
f 13053 13052 12553
f 12470 13053 12553
f 13022 13021 13051
f 13023 13051 13021
f 13054 13023 13037
f 13051 13023 13054
f 13055 13038 13026
f 13055 13039 13041
f 13055 13026 13039
f 13056 13043 13057
f 13041 13040 13043
f 13035 12551 12988
f 12555 12551 12554
f 12558 12555 12481
f 13043 13058 13057
f 13057 13059 13060
f 13047 13028 13061
f 13062 13030 13015
f 13061 13030 13062
f 13061 13028 13030
f 13062 13015 13063
f 13063 13015 13031
f 13031 13050 13063
f 13064 13036 13065
f 13050 13036 13064
f 13020 13050 13016
f 13050 13020 13036
f 13036 13051 13065
f 13051 13054 13066
f 13054 13037 13038
f 13066 13054 13067
f 13054 13038 13067
f 12480 12477 12557
f 12477 12552 12557
f 13068 12557 12552
f 13069 13038 13070
f 13070 13038 13055
f 13071 13055 13041
f 13071 13041 13056
f 13043 13056 13041
f 13057 13072 13056
f 13072 13057 13060
f 13072 13060 13073
f 13074 13075 13073
f 13075 13074 13076
f 13077 13078 13079
f 13080 13045 13078
f 13081 13047 13082
f 13047 13061 13083
f 13083 13061 13084
f 13084 13061 13085
f 13061 13062 13085
f 12555 12558 13086
f 12558 13087 13086
f 13062 13088 13085
f 13062 13063 13088
f 13063 13050 13088
f 13089 13088 13090
f 13088 13050 13090
f 13050 13064 13090
f 13065 13066 13091
f 13065 13051 13066
f 13092 13066 13067
f 13067 13038 13069
f 13069 13070 13093
f 13055 13071 13070
f 13070 13071 13094
f 13094 13056 13095
f 13095 13056 13072
f 12556 12980 12966
f 12559 12556 12966
f 12966 12967 12559
f 12479 12557 12556
f 12557 12979 12556
f 12979 12980 12556
f 13072 13073 13096
f 13096 13073 13075
f 13096 13097 13098
f 13075 13076 13097
f 13079 13078 13099
f 13045 13081 13078
f 13047 13083 13082
f 13047 13081 13045
f 13100 13084 13101
f 13101 13084 13085
f 13085 13088 13102
f 13089 13090 13103
f 13064 13103 13090
f 13104 13064 13065
f 13064 13104 13103
f 13091 13066 13092
f 12560 12558 12401
f 13105 13087 12560
f 12560 13087 12558
f 13069 13092 13067
f 13106 13069 13093
f 13107 13070 13094
f 13070 13107 13093
f 13094 13071 13056
f 13094 13095 13108
f 13096 13095 13072
f 13095 13096 13108
f 13097 13096 13075
f 13096 13098 13109
f 13110 13097 13111
f 13081 13099 13078
f 13112 13113 13099
f 13114 12562 12559
f 13114 12559 12967
f 13099 13081 13115
f 13115 13081 13116
f 13082 13116 13081
f 13116 13082 13117
f 13118 13117 13083
f 13116 13117 13118
f 13082 13083 13117
f 13084 13100 13083
f 13101 13085 13102
f 13102 13088 13089
f 13119 13103 13104
f 13120 13089 13103
f 13091 13121 13104
f 13121 13091 13122
f 13065 13091 13104
f 13122 13091 13092
f 13106 13123 13069
f 13123 13092 13069
f 13106 13093 13124
f 13093 13107 13124
f 13107 13108 13125
f 12560 12561 13105
f 12931 13105 12561
f 12561 12563 12931
f 13108 13096 13109
f 13126 13098 13127
f 13097 13110 13098
f 13098 13110 13127
f 13112 13099 13115
f 12485 12564 12488
f 13114 12485 12562
f 12564 12485 13114
f 12564 13128 13129
f 12564 13114 13128
f 12967 13128 13114
f 13118 13083 13100
f 13100 13101 13130
f 13130 13101 13102
f 13102 13089 13120
f 13103 13119 13120
f 13131 13121 13122
f 13123 13122 13092
f 13122 13123 13132
f 13133 13106 13134
f 13134 13106 13124
f 13135 13107 13136
f 13136 13107 13125
f 13108 13107 13094
f 13125 13108 13137
f 13137 13109 13138
f 13137 13108 13109
f 13139 13109 13098
f 13139 13098 13126
f 13127 13140 13126
f 13140 13127 13141
f 13142 12931 12563
f 12490 13142 12563
f 13140 13141 13143
f 13113 13112 13144
f 13115 13116 13145
f 13145 13116 13146
f 13116 13118 13146
f 13118 13100 13147
f 13147 13100 13130
f 12565 12564 13148
f 12564 13129 13148
f 13130 13102 13120
f 13149 13119 13150
f 13151 13119 13149
f 13121 13119 13104
f 13119 13121 13150
f 13150 13121 13131
f 13131 13132 13152
f 13131 13122 13132
f 13133 13123 13106
f 13123 13133 13132
f 13153 13133 13134
f 13153 13134 13135
f 13134 13124 13135
f 13107 13135 13124
f 13154 13136 13125
f 13155 13137 13138
f 13156 13138 13139
f 13138 13109 13139
f 13138 13156 13157
f 13139 13126 13156
f 13158 13156 13140
f 13156 13126 13140
f 13159 13160 13161
f 13162 13160 13144
f 13160 13163 13144
f 13144 13112 13164
f 13142 12491 13165
f 12491 13142 12490
f 13166 13112 13115
f 13115 13145 13166
f 13146 13147 13167
f 13118 13147 13146
f 13147 13168 13167
f 13169 13147 13130
f 13147 13169 13168
f 13119 13151 13120
f 13169 13130 13151
f 13130 13120 13151
f 13170 12568 13171
f 13171 12568 13148
f 12406 12565 12568
f 12568 12565 13148
f 13131 13172 13150
f 13172 13131 13152
f 13152 13132 13173
f 13132 13133 13174
f 13175 13153 13135
f 13133 13153 13174
f 13153 13175 13176
f 13136 13175 13135
f 13175 13136 13154
f 13154 13125 13155
f 13125 13137 13155
f 13158 13177 13156
f 13177 13158 13178
f 13179 13158 13180
f 13179 13180 13181
f 13182 13183 13184
f 13161 13160 13183
f 13185 13162 13164
f 13160 13162 13183
f 13162 13144 13164
f 13164 13112 13186
f 13112 13166 13186
f 13166 13145 13187
f 13187 13146 13167
f 13145 13146 13187
f 13169 13151 13188
f 13151 13149 13188
f 13188 13149 13189
f 13190 13172 13191
f 13150 13172 13190
f 13172 13192 13191
f 13172 13152 13192
f 13192 13173 13193
f 13174 13173 13132
f 13192 13152 13173
f 13173 13174 13193
f 13174 13153 13176
f 12567 12568 13194
f 13194 12568 13170
f 13176 13175 13195
f 13195 13175 13154
f 13196 13155 13197
f 13196 13154 13155
f 13157 13197 13138
f 13197 13155 13138
f 13197 13157 13198
f 13157 13156 13177
f 13179 13178 13158
f 13178 13179 13199
f 13179 13200 13201
f 13202 13161 13182
f 13183 13182 13161
f 13162 13203 13184
f 13162 13184 13183
f 13162 13185 13203
f 13204 13185 13186
f 13164 13186 13185
f 13205 13166 13187
f 13205 13187 13206
f 13187 13167 13206
f 13206 13167 13168
f 13168 13169 13207
f 13188 13207 13169
f 13207 13188 13208
f 13208 13188 13189
f 13149 13150 13189
f 12902 12903 12566
f 12566 12903 12491
f 13209 13190 13191
f 13189 13150 13190
f 13191 13192 13210
f 13210 13192 13211
f 13211 13192 13193
f 13211 13193 13212
f 13212 13213 13214
f 13212 13193 13213
f 13193 13174 13213
f 13176 13213 13174
f 13213 13176 13214
f 13176 13195 13215
f 13216 13195 13217
f 13196 13195 13154
f 13195 13196 13217
f 12569 12567 13194
f 13194 12571 12569
f 13197 13198 13218
f 13219 13198 13177
f 13198 13157 13177
f 13177 13178 13220
f 13200 13179 13181
f 13221 13199 13201
f 13179 13201 13199
f 13222 13202 13182
f 13184 13222 13182
f 13222 13184 13223
f 13223 13203 13224
f 13223 13184 13203
f 13224 13203 13204
f 13203 13185 13204
f 13204 13186 13225
f 13225 13226 13227
f 13225 13186 13226
f 13166 13226 13186
f 13166 13205 13226
f 13205 13206 13228
f 13228 13206 13229
f 13206 13168 13229
f 13229 13168 13207
f 13207 13230 13229
f 13230 13207 13208
f 13230 13208 13231
f 13189 13232 13208
f 13232 13189 13233
f 13233 13189 13209
f 13190 13209 13189
f 13209 13191 13234
f 13191 13210 13234
f 13211 13212 13235
f 13236 13212 13214
f 13212 13236 13235
f 13215 13214 13176
f 13195 13216 13215
f 13237 13217 13196
f 13196 13218 13237
f 13218 13196 13197
f 13238 13218 13198
f 13238 13198 13219
f 13199 13220 13178
f 13220 13199 13239
f 12574 12493 12571
f 13240 12571 12915
f 13194 12915 12571
f 13239 13199 13221
f 13239 13221 13241
f 13201 13241 13221
f 13202 13222 13242
f 13204 13243 13224
f 13243 13204 13225
f 13243 13225 13227
f 13244 13227 13226
f 13226 13205 13245
f 13245 13205 13228
f 13246 13228 13229
f 13231 13232 13247
f 13231 13208 13232
f 13232 13248 13247
f 13248 13232 13233
f 13233 13209 13248
f 13209 13249 13248
f 13234 13235 13250
f 13235 13234 13210
f 13210 13211 13235
f 13236 13214 13251
f 13214 13215 13251
f 13251 13215 13216
f 13216 13217 13237
f 13252 13216 13237
f 13253 12566 12570
f 13254 13253 12570
f 13255 13237 13218
f 13255 13218 13256
f 13256 13218 13238
f 13256 13238 13257
f 13257 13238 13219
f 13220 13219 13177
f 13219 13220 13258
f 13258 13220 13239
f 13259 13239 13241
f 12493 12573 12494
f 12574 13240 12573
f 12574 12571 13240
f 13260 12573 13240
f 13261 13224 13262
f 13263 13224 13243
f 13244 13243 13227
f 13264 13243 13244
f 13244 13226 13265
f 13226 13245 13265
f 13228 13266 13245
f 13266 13228 13246
f 13267 13246 13229
f 13267 13247 13268
f 13231 13267 13230
f 13267 13231 13247
f 13267 13229 13230
f 13249 13209 13234
f 13248 13249 13269
f 13234 13250 13249
f 13235 13236 13270
f 13270 13236 13251
f 13271 13216 13252
f 13271 13251 13216
f 13252 13237 13255
f 13257 13219 13258
f 13257 13258 13272
f 12570 12572 12575
f 13273 13254 12575
f 12575 13254 12570
f 13274 13239 13259
f 13275 13259 13276
f 13259 13241 13276
f 13261 13242 13222
f 13242 13261 13277
f 13278 13261 13262
f 13224 13261 13223
f 13261 13222 13223
f 13278 13262 13263
f 13262 13224 13263
f 12577 12494 12573
f 12577 12573 13260
f 13264 13244 13279
f 13243 13264 13263
f 13244 13265 13279
f 13279 13265 13280
f 13281 13265 13282
f 13265 13245 13282
f 13245 13266 13282
f 13282 13246 13283
f 13282 13266 13246
f 13283 13267 13268
f 13246 13267 13283
f 13284 13268 13247
f 13285 13284 13269
f 13286 13284 13285
f 13284 13248 13269
f 13268 13284 13286
f 13247 13248 13284
f 13287 13249 13250
f 13288 13249 13287
f 13269 13249 13288
f 13287 13250 13289
f 13250 13235 13270
f 13290 13270 13291
f 13291 13270 13251
f 13292 13291 13251
f 13292 13251 13271
f 13271 13252 13293
f 13256 13294 13255
f 13294 13256 13295
f 13295 13256 13257
f 13258 13274 13272
f 13274 13258 13239
f 13296 13274 13259
f 13274 13296 13297
f 13298 13259 13275
f 13259 13298 13296
f 13299 13275 13300
f 13298 13275 13299
f 13301 13302 13303
f 13302 13304 13303
f 13304 13302 13277
f 13302 13242 13277
f 13277 13261 13305
f 12580 12575 12576
f 13273 12575 12580
f 13261 13278 13305
f 13306 13263 13264
f 13307 13279 13308
f 13308 13279 13280
f 13281 13282 13309
f 13265 13281 13280
f 13310 13282 13283
f 13282 13310 13309
f 13311 13283 13312
f 13283 13268 13312
f 13268 13286 13312
f 13285 13269 13288
f 13313 13287 13314
f 13314 13287 13289
f 13315 13289 13290
f 13289 13250 13270
f 13289 13270 13290
f 13316 13291 13292
f 13292 13271 13317
f 13271 13293 13317
f 13318 13255 13294
f 13252 13318 13293
f 13255 13318 13252
f 13294 13295 13319
f 13319 13295 13320
f 13321 13320 13257
f 13295 13257 13320
f 13320 13321 13322
f 13257 13272 13321
f 12664 13321 13297
f 13321 13272 13297
f 13272 13274 13297
f 13323 13299 13324
f 13305 13304 13277
f 13304 13305 13325
f 13325 13278 13326
f 13325 13305 13278
f 13326 13278 13306
f 13278 13263 13306
f 13306 13307 13327
f 13306 13264 13307
f 13264 13279 13307
f 13308 13280 12615
f 12582 12580 12579
f 13328 12580 12582
f 13273 12580 13328
f 12768 13273 13328
f 12615 13309 12617
f 13309 13310 12642
f 13283 13311 13310
f 12641 13312 13329
f 13329 13312 13286
f 13330 13285 13331
f 13330 13286 13285
f 13331 13285 13313
f 13285 13288 13313
f 13287 13313 13288
f 12583 12578 12577
f 12577 13332 12583
f 12577 13260 13332
f 13313 13333 12620
f 13289 13315 13314
f 12654 13316 12623
f 13315 13290 13316
f 13291 13316 13290
f 12623 13316 13334
f 13316 13292 13334
f 13334 13292 13317
f 13334 13317 13335
f 13293 13336 13317
f 13336 13293 13318
f 13336 13318 13337
f 13337 13318 13294
f 13294 13319 13337
f 13338 13319 13322
f 13322 13319 13320
f 13322 13321 12664
f 13297 13296 13339
f 13339 13298 13323
f 13298 13339 13296
f 13299 13323 13298
f 13340 13303 12631
f 13341 13303 13340
f 13301 13303 13341
f 12633 13325 12632
f 12633 13304 13325
f 13303 13304 12633
f 13325 13326 12635
f 12635 13326 13327
f 13326 13306 13327
f 12612 13307 13308
f 13327 13307 12614
f 13307 12612 12614
f 13308 12615 12612
f 13281 12615 13280
f 13309 12615 13281
f 12617 13309 12642
f 12642 13311 12641
f 12642 13310 13311
f 13312 12641 13311
f 13329 13286 13330
f 13330 13331 12647
f 13331 13313 12620
f 13333 13313 13314
f 13333 13315 12653
f 13333 13314 13315
f 12654 13315 13316
f 12623 13334 13335
f 12624 13335 13336
f 13335 13317 13336
f 12656 13336 13337
f 12499 12578 12583
f 12498 12583 13342
f 13342 12583 13343
f 13344 13343 12583
f 13338 13322 12660
f 13319 13338 13337
f 12660 13322 12664
f 13345 13297 12666
f 13345 12664 13297
f 12666 13297 13339
f 12668 13339 13346
f 13339 13323 13346
f 13346 13347 12670
f 13346 13323 13347
f 12631 13303 12633
f 12632 13325 12635
f 12635 13327 12637
f 12637 13327 12614
f 12613 12615 12617
f 12640 12617 12616
f 12617 12642 12618
f 12618 12641 12643
f 12643 12641 12646
f 12641 13329 12646
f 12645 12647 12619
f 12646 13330 12647
f 13329 13330 12646
f 12647 13331 12619
f 12619 13331 12620
f 12620 13333 12621
f 12621 13333 12653
f 13315 12654 12653
f 12623 13335 12624
f 12624 13336 12656
f 12584 12582 12581
f 13328 12582 12584
f 12656 12659 12625
f 12659 12656 13337
f 12659 13337 13338
f 12659 13338 12660
f 12663 12664 13345
f 12666 12663 13345
f 12668 12666 13339
f 12670 12668 13346
f 13342 13343 13348
f 13344 13349 13343
f 13349 13348 13343
f 12584 13350 13328
f 12585 13350 12584
f 13350 13351 13328
f 13342 12501 12498
f 13352 12501 13342
f 12731 13348 13349
f 13351 13350 12712
f 12500 12587 12585
f 12585 12587 13353
f 12585 13353 13350
f 13342 13348 13352
f 13352 13348 12589
f 13354 12589 13348
f 13354 13348 12731
f 13350 13355 12712
f 12712 13355 12691
f 12587 12586 13353
f 12586 12590 13353
f 13353 12590 13350
f 12590 13355 13350
f 13352 12589 12501
f 12588 12592 12590
f 12590 13356 13355
f 13355 13356 12691
f 12589 12591 12420
f 12589 13357 12591
f 13354 13357 12589
f 12590 12592 13356
f 12592 13358 13356
f 12691 13356 12630
f 13356 13358 12630
f 13357 13359 12591
f 13359 13357 13354
f 12592 12593 12596
f 12592 12596 13358
f 12595 12504 12591
f 13359 12595 12591
f 12596 13360 13358
f 12597 13360 12596
f 12630 13358 13340
f 13358 13360 13340
f 13359 12594 12595
f 13361 12594 13324
f 13362 12594 13359
f 13324 12594 13362
f 13359 13347 13362
f 13362 13347 13324
f 13341 13360 12598
f 12597 12598 13360
f 13340 13360 13341
f 13361 12507 12594
f 12599 12507 13361
f 13347 13323 13324
f 12598 12508 12600
f 13361 13363 12599
f 13363 13299 12599
f 13324 13363 13361
f 13299 13363 13324
f 13301 13341 12600
f 12600 13364 13301
f 12598 12600 13341
f 13299 13300 12599
f 13275 13365 13300
f 13301 13366 13302
f 13302 13366 13242
f 12600 12510 13364
f 12510 12602 13364
f 13301 13364 13366
f 12603 12601 12599
f 13300 12603 12599
f 13300 13365 12603
f 13275 13276 13365
f 13366 13367 13242
f 13364 12602 13366
f 13366 12602 13367
f 12603 12607 12604
f 13365 13368 12603
f 12607 12603 13368
f 13368 13276 13241
f 13276 13368 13365
f 13367 13202 13242
f 13367 13369 13202
f 12602 12605 13367
f 13367 12605 13369
f 13241 13370 13368
f 13371 12609 12607
f 13371 12607 13370
f 13370 13200 13371
f 13368 13370 12607
f 13241 13201 13370
f 13201 13200 13370
f 13161 13369 13372
f 12608 13369 12605
f 12677 13369 12608
f 13373 12515 12609
f 13371 13373 12609
f 13200 13373 13371
f 13369 13161 13202
f 13369 12677 13372
f 12610 12516 12677
f 12608 12610 12677
f 13373 12517 12515
f 12517 13373 12682
f 13181 12682 13373
f 13200 13181 13373
f 13372 13159 13161
f 13160 13159 13163
f 13159 13372 12677
f 13143 12682 13181
f 13143 12704 12682
f 13180 13143 13181
f 13158 13140 13180
f 13140 13143 13180
f 12677 12518 12721
f 12677 12721 13159
f 13159 13374 13163
f 13374 13375 13163
f 12720 12741 12721
f 12721 12741 13159
f 12741 13374 13159
f 12520 13376 12519
f 12704 13376 12520
f 13143 13376 12704
f 13376 13143 13141
f 13127 13110 13141
f 13375 13144 13163
f 13144 13375 13113
f 13374 13377 13375
f 13375 13377 13113
f 13374 12741 13377
f 13376 12744 12519
f 13110 12744 13141
f 13141 12744 13376
f 13113 13079 13099
f 13378 13079 13113
f 13378 13113 13377
f 12442 12760 12741
f 12741 12760 13377
f 12444 12744 12787
f 13110 12787 12744
f 13111 12787 13110
f 12788 12787 13111
f 13097 13076 13111
f 13378 13379 13079
f 13377 13379 13378
f 12760 12781 13377
f 12781 13379 13377
f 12781 12780 13379
f 12788 12807 12786
f 13076 12807 12788
f 13111 13076 12788
f 13077 13380 13080
f 13078 13077 13080
f 13079 13379 13077
f 13381 13380 13077
f 12525 12799 12780
f 12800 13381 12799
f 12780 13077 13379
f 13077 12780 12799
f 12799 13381 13077
f 12807 12827 12524
f 13074 12807 13076
f 12807 13074 12827
f 13060 13074 13073
f 13060 13059 13074
f 13080 13046 13045
f 13381 12800 12837
f 13380 13381 12837
f 13382 12526 12827
f 13074 13382 12827
f 13074 13059 13382
f 12846 12528 12526
f 13382 12846 12526
f 13057 13058 13059
f 13044 13029 13028
f 13048 13029 13044
f 13048 13383 13029
f 12530 13048 13380
f 13080 13380 13046
f 13380 13048 13046
f 12837 12530 13380
f 13059 12846 13382
f 12846 12855 12845
f 13058 12846 13059
f 12855 12846 13058
f 13040 13027 13042
f 13043 13042 13058
f 13029 13049 13030
f 13029 13384 13049
f 13383 13384 13029
f 13384 13385 13049
f 12848 12859 13383
f 12848 13048 12530
f 12848 13383 13048
f 12531 12855 13386
f 12845 12855 12452
f 13058 13042 12855
f 13042 12856 12855
f 12855 12856 13386
f 13386 12856 12531
f 13027 12535 12856
f 13027 12856 13042
f 13025 13387 13027
f 13024 13012 13025
f 13025 13012 13387
f 13004 13003 13017
f 13020 13017 13003
f 13018 13004 13017
f 13014 13018 13017
f 13013 13019 13014
f 12532 12454 12860
f 12860 12876 13019
f 13385 13013 13049
f 13385 13384 12860
f 13019 13385 12860
f 13013 13385 13019
f 12533 12860 12859
f 12859 13384 13383
f 12859 12860 13384
f 12535 13387 12868
f 13027 13387 12535
f 13387 13012 12868
f 13012 12869 12868
f 13011 13012 13024
f 13010 12869 13012
f 13010 12870 12869
f 13009 12870 13010
f 13006 12870 13009
f 13006 13388 12870
f 13007 13006 13009
f 13004 13006 13005
f 13388 13004 12872
f 13004 13388 13006
f 12874 12872 13004
f 12874 13389 12873
f 13389 12874 13018
f 13018 12874 13004
f 12873 13389 12875
f 13019 13389 13018
f 12875 13389 12876
f 13019 12876 13389
f 12454 12876 12860
f 12871 12870 13388
f 12871 13388 12539
f 12539 13388 12872
f 13000 12998 13001
f 12999 13001 12542
f 12996 12998 12543
f 12996 12544 12469
f 13002 12996 12469
f 12995 13002 12545
f 12995 12545 12547
f 12470 12549 13390
f 12549 13032 13390
f 12993 13390 13032
f 13032 13001 12993
f 12993 13001 12992
f 13001 12998 12992
f 12998 12996 12997
f 12996 13002 12990
f 12990 13002 12995
f 12995 12547 12994
f 13034 12994 13033
f 13035 13034 12550
f 13068 12552 13052
f 13052 13053 12978
f 13053 13390 12978
f 12978 13390 12987
f 13053 12470 13390
f 13390 12993 12987
f 12982 12970 13035
f 12983 13035 12970
f 12983 12994 13034
f 13035 12983 13034
f 12982 13035 12988
f 12988 12551 12555
f 12555 13086 12988
f 12557 13068 12979
f 13068 13052 12964
f 13052 12978 12964
f 12981 13086 12968
f 12981 12988 13086
f 12979 13068 12964
f 12968 13086 13087
f 13391 12968 13087
f 13391 13087 13105
f 12966 12980 12965
f 12945 13391 12944
f 12945 12968 13391
f 12944 13105 12931
f 12944 13391 13105
f 13129 13128 13392
f 13128 12967 13392
f 12943 13392 12957
f 13392 12967 12957
f 13148 13129 12943
f 13129 13392 12943
f 12916 12931 13142
f 13171 13148 12930
f 12930 12943 12900
f 13148 12943 12930
f 13165 12916 13142
f 12916 13165 12901
f 13165 12491 12903
f 12914 13170 12930
f 13170 13171 12930
f 12901 13165 12903
f 13194 13170 12915
f 12853 12902 13393
f 12901 12902 12853
f 13393 12902 13253
f 13253 12902 12566
f 13240 12915 12882
f 12914 12915 13170
f 12853 13393 12851
f 13240 12849 12850
f 12849 13240 12882
f 12880 12882 12915
f 12851 12836 12811
f 12851 13393 12836
f 12836 13253 13254
f 13393 13253 12836
f 13260 12850 12834
f 13260 13240 12850
f 12768 12835 13254
f 12835 12836 13254
f 13332 13260 12834
f 12835 12768 12769
f 12768 13254 13273
f 12583 13332 13344
f 13332 12767 13344
f 12767 12834 12791
f 12767 13332 12834
f 12732 12768 13351
f 13351 12768 13328
f 12749 12767 12791
f 13344 12767 12750
f 12750 13349 13344
f 13351 12712 12732
f 13349 12750 12731
f 12691 12692 12712
f 12731 12690 13354
f 12690 12671 13354
f 12630 12627 12691
f 12671 13359 13354
f 12628 12630 12631
f 13347 13359 12670
f 12670 13359 12671
f 12630 13340 12631
f 12352 12186 12185
f 12187 12352 12185
f 12187 12186 12352
f 12185 12186 12187
f 1796 1797 1798
f 1807 1798 1797
f 1796 1798 1807
f 1797 1796 1807
f 11585 11581 11583
f 11581 11585 11582
f 11582 11585 11583
f 11581 11582 11583
f 2080 2081 2082
f 2082 2095 2080
f 2095 2081 2080
f 2095 2082 2081
f 2083 2084 2085
f 2085 2086 2083
f 2086 2084 2083
f 2085 2084 2086
f 2087 2088 2089
f 2087 2090 2088
f 2088 2090 2089
f 2087 2089 2090
f 2096 2097 2098
f 2097 2099 2098
f 2096 2099 2097
f 2098 2099 2096
f 2348 2349 2350
f 2349 2348 2495
f 2495 2350 2349
f 2348 2350 2495
f 2351 2352 2353
f 2353 2354 2351
f 2353 2352 2354
f 2351 2354 2352
f 2414 2415 2416
f 2414 2417 2415
f 2416 2417 2414
f 2417 2416 2415
f 3190 3191 3192
f 3190 3193 3191
f 3193 3190 3192
f 3192 3191 3193
f 3213 3214 3215
f 3215 3216 3213
f 3214 3216 3215
f 3214 3213 3216
f 3280 3281 3282
f 3280 3282 3283
f 3283 3282 3281
f 3280 3283 3281
f 3286 3287 3288
f 3286 3289 3287
f 3287 3289 3288
f 3286 3288 3289
f 3494 3495 3496
f 3497 3494 3496
f 3495 3497 3496
f 3494 3497 3495
f 3574 3575 3576
f 3580 3574 3576
f 3574 3580 3575
f 3576 3575 3580
f 3584 3585 3586
f 3595 3584 3586
f 3595 3585 3584
f 3595 3586 3585
f 3653 3654 3655
f 3656 3653 3655
f 3653 3656 3654
f 3655 3654 3656
f 3953 3954 3955
f 3953 3956 3954
f 3955 3956 3953
f 3954 3956 3955
f 3957 3958 3959
f 3959 3960 3957
f 3957 3960 3958
f 3959 3958 3960
f 3965 3966 3967
f 3967 3969 3965
f 3967 3966 3969
f 3969 3966 3965
f 4034 4035 4036
f 4037 4035 4034
f 4035 4037 4036
f 4037 4034 4036
f 4048 4049 4050
f 4048 4050 4051
f 4050 4049 4051
f 4051 4049 4048
f 4308 4309 4310
f 4310 4311 4308
f 4310 4309 4311
f 4308 4311 4309
f 4360 4361 4362
f 4362 4363 4360
f 4360 4363 4361
f 4362 4361 4363
f 4464 4465 4466
f 4466 4467 4464
f 4465 4464 4467
f 4466 4465 4467
f 4602 4603 4604
f 4604 4605 4602
f 4603 4605 4604
f 4603 4602 4605
f 4622 4623 4624
f 4625 4622 4624
f 4622 4625 4623
f 4624 4623 4625
f 4779 4780 4781
f 4779 4905 4780
f 4905 4779 4781
f 4780 4905 4781
f 4782 4783 4784
f 4784 4906 4782
f 4782 4906 4783
f 4784 4783 4906
f 11580 11584 11578
f 11578 11584 11579
f 11584 11580 11579
f 11578 11579 11580
f 5296 5297 5298
f 5298 5299 5296
f 5299 5297 5296
f 5298 5297 5299
f 11575 11574 11573
f 11572 11575 11573
f 11574 11575 11572
f 11572 11573 11574
f 5894 5895 5896
f 5895 5897 5896
f 5895 5894 5897
f 5894 5896 5897
f 6817 6818 6819
f 6820 6819 6818
f 6818 6817 6820
f 6817 6819 6820
f 6823 6824 6825
f 6826 6825 6824
f 6824 6823 6826
f 6823 6825 6826
f 6830 6831 6832
f 6830 6832 6837
f 6837 6832 6831
f 6830 6837 6831
f 6833 6834 6835
f 6833 6836 6834
f 6838 6839 6840
f 6841 6840 6839
f 6841 6838 6840
f 6838 6841 6839
f 6842 6843 6844
f 6848 6842 6844
f 6848 6843 6842
f 6843 6848 6844
f 6845 6846 6847
f 6849 6846 6845
f 6847 6849 6845
f 6849 6847 6846
f 6858 6859 6860
f 6858 6861 6859
f 6860 6861 6858
f 6860 6859 6861
f 6938 6939 6940
f 6939 6941 6940
f 6940 6941 6938
f 6939 6938 6941
f 7060 7061 7062
f 7064 7062 7061
f 7061 7060 7064
f 7060 7062 7064
f 7065 7066 7067
f 7068 7067 7066
f 7066 7065 7068
f 7065 7067 7068
f 7080 7081 7082
f 7082 7083 7080
f 7083 7082 7081
f 7083 7081 7080
f 7084 7085 7086
f 7084 7087 7085
f 7086 7087 7084
f 7086 7085 7087
f 7088 7089 7090
f 7090 7089 7099
f 7090 7099 7088
f 7088 7099 7089
f 7091 7092 7093
f 7093 7098 7091
f 7093 7092 7098
f 7091 7098 7092
f 7094 7095 7096
f 7094 7097 7095
f 7096 7097 7094
f 7096 7095 7097
f 7100 7101 7102
f 7100 7111 7101
f 7101 7111 7102
f 7102 7111 7100
f 7103 7104 7105
f 7105 7110 7103
f 7105 7104 7110
f 7103 7110 7104
f 7106 7107 7108
f 7108 7109 7106
f 7107 7109 7108
f 7109 7107 7106
f 7112 7113 7114
f 7115 7113 7112
f 7113 7115 7114
f 7115 7112 7114
f 7116 7117 7118
f 7118 7119 7116
f 7118 7117 7119
f 7117 7116 7119
f 7126 7127 7128
f 7128 7129 7126
f 7127 7129 7128
f 7127 7126 7129
f 7130 7131 7132
f 7132 7133 7130
f 7131 7133 7132
f 7131 7130 7133
f 7134 7135 7136
f 7134 7136 7448
f 7448 7136 7135
f 7134 7448 7135
f 7205 7206 7207
f 7208 7205 7207
f 7205 7208 7206
f 7207 7206 7208
f 7250 7251 7252
f 7252 7257 7250
f 7251 7257 7252
f 7251 7250 7257
f 7253 7254 7255
f 7254 7256 7255
f 7255 7256 7253
f 7254 7253 7256
f 7378 7379 7380
f 7381 7380 7379
f 7379 7378 7381
f 7381 7378 7380
f 7382 7383 7384
f 7385 7384 7383
f 7383 7382 7385
f 7382 7384 7385
f 7386 7387 7388
f 7389 7388 7387
f 7387 7386 7389
f 7386 7388 7389
f 7438 7439 7440
f 7439 7438 7444
f 7444 7438 7440
f 7444 7440 7439
f 7441 7442 7443
f 7441 7450 7442
f 7443 7442 7450
f 7441 7443 7450
f 7445 7446 7447
f 7449 7445 7447
f 7449 7447 7446
f 7445 7449 7446
f 7486 7487 7488
f 7490 7488 7487
f 7487 7486 7490
f 7488 7490 7486
f 7491 7492 7493
f 7494 7492 7491
f 7494 7491 7493
f 7492 7494 7493
f 7537 7538 7539
f 7538 7540 7539
f 7539 7540 7537
f 7538 7537 7540
f 7645 7646 7647
f 7648 7647 7646
f 7646 7645 7648
f 7645 7647 7648
f 7649 7650 7651
f 7653 7651 7650
f 7650 7649 7653
f 7649 7651 7653
f 7655 7656 7657
f 7890 7657 7656
f 7655 7890 7656
f 7657 7890 7655
f 7891 7892 7893
f 7894 7893 7892
f 7892 7891 7894
f 7894 7891 7893
f 7916 7917 7918
f 7916 7918 7919
f 7919 7917 7916
f 7919 7918 7917
f 7943 7944 7945
f 7950 7944 7943
f 7950 7943 7945
f 7950 7945 7944
f 8105 8106 8107
f 8121 8105 8107
f 8106 8105 8121
f 8107 8106 8121
f 8141 8142 8143
f 8143 8144 8141
f 8141 8144 8142
f 8143 8142 8144
f 8334 8335 8336
f 8335 8337 8336
f 8336 8337 8334
f 8335 8334 8337
f 8487 8488 8489
f 8489 8488 8490
f 8489 8490 8487
f 8488 8487 8490
f 8491 8492 8493
f 8491 8494 8492
f 8494 8493 8492
f 8491 8493 8494
f 8495 8496 8497
f 8497 8498 8495
f 8495 8498 8496
f 8498 8497 8496
f 8499 8500 8501
f 8502 8501 8500
f 8501 8502 8499
f 8500 8499 8502
f 8503 8504 8505
f 8506 8503 8505
f 8504 8503 8506
f 8504 8506 8505
f 10396 10397 10398
f 10398 10397 10399
f 10396 10399 10397
f 10399 10396 10398
f 10445 10446 10447
f 10460 10445 10447
f 10445 10460 10446
f 10460 10447 10446
f 10448 10449 10450
f 10449 10448 10451
f 10449 10451 10450
f 10448 10450 10451
f 11473 11474 11475
f 11473 11475 11476
f 11474 11476 11475
f 11476 11474 11473
f 11471 11470 11472
